Day,MVP_Volatility,N_Assets
1,0.00750336101250174,5
2,0.007542347253166355,5
3,0.007458452805845247,5
4,0.007378745294693289,5
5,0.007319465182968884,5
6,0.007239923299096632,5
7,0.007449413935194984,5
8,0.007401532250832426,5
9,0.00734447191180767,5
10,0.007363679350311377,5
11,0.007352607352755102,5
12,0.007317902902708154,5
13,0.007288736684537378,5
14,0.0072622820114510295,5
15,0.007272735484089093,5
16,0.007254780209127572,5
17,0.007185839896961594,5
18,0.007129661544667939,5
19,0.00708980490108486,5
20,0.007161410728012661,5
21,0.007160432025507606,5
22,0.007151180466495884,5
23,0.007195839995664516,5
24,0.00714583690881976,5
25,0.007129591828761535,5
26,0.007082618355399978,5
27,0.0071869221053973125,5
28,0.007197315372379575,5
29,0.007214995619371419,5
30,0.007158517927392459,5
31,0.007243453861149469,5
32,0.007232329966354041,5
33,0.007316413504435291,5
34,0.0074356954799316,5
35,0.007378360937873151,5
36,0.007308156848654003,5
37,0.007268692218463952,5
38,0.007264060035707876,5
39,0.007509268631062598,5
40,0.007478438145116581,5
41,0.007384749977806917,5
42,0.007295368416253576,5
43,0.007344433843417954,5
44,0.007471569996497819,5
45,0.007456706626690348,5
46,0.007338235720931573,5
47,0.007475701050592574,5
48,0.007422543733229045,5
49,0.0073132454100792495,5
50,0.007257685813850883,5
51,0.007177545439018885,5
52,0.007131365765321714,5
53,0.007084992554349059,5
54,0.007070661044099782,5
55,0.007523098269848768,5
56,0.0074477082949611,5
57,0.007339320134300953,5
58,0.007275145079568936,5
59,0.0072194661341801,5
60,0.007121470581076669,5
61,0.007097892226351768,5
62,0.0070665500844367905,5
63,0.006975558241640845,5
64,0.006994928234262631,5
65,0.006939111425110857,5
66,0.007523168994041711,5
67,0.0075171658601081316,5
68,0.007399427929663564,5
69,0.007320476007848201,5
70,0.007271119314140239,5
71,0.00718584463943764,5
72,0.007266401089337559,5
73,0.007240261392297685,5
74,0.007147177556564724,5
75,0.007150329369769398,5
76,0.007297034973573341,5
77,0.007303007416039084,5
78,0.007286843007895366,5
79,0.007779060107159995,5
80,0.008402447002836945,5
81,0.010576601927091025,5
82,0.010398127822365585,5
83,0.010393764383489403,5
84,0.010460149894022205,5
85,0.010261398552443074,5
86,0.010001553672124684,5
87,0.010037154416190358,5
88,0.010054181989931792,5
89,0.009853011119224915,5
90,0.0095924270630167,5
91,0.009375860192593568,5
92,0.009147314607050488,5
93,0.009047088704333494,5
94,0.00889589218001728,5
95,0.008722583207072107,5
96,0.00877349749896247,5
97,0.009121592622989345,5
98,0.009041569787759149,5
99,0.008980297688712377,5
100,0.009130413471965006,5
101,0.008994150134038151,5
102,0.008827648399168527,5
103,0.008716337406701788,5
104,0.008785274344174076,5
105,0.008606637636433483,5
106,0.008501115881499847,5
107,0.008395431389644801,5
108,0.008248886896047473,5
109,0.008252143959287812,5
110,0.008147187584762674,5
111,0.008021622131598334,5
112,0.008237346029014757,5
113,0.008980715201420585,5
114,0.008794357108534583,5
115,0.008877622212184065,5
116,0.008770404041870827,5
117,0.008668665445544713,5
118,0.008497003772750093,5
119,0.00846080999412662,5
120,0.008360353331706934,5
121,0.008756717965806482,5
122,0.008604463769256186,5
123,0.008502721232629202,5
124,0.008557156196941074,5
125,0.008392284984437798,5
126,0.008269098947545139,5
127,0.00815474759573936,5
128,0.008041765810724476,5
129,0.008022179015177933,5
130,0.008056633115402794,5
131,0.007909281572530619,5
132,0.007975246316420345,5
133,0.007885010689787015,5
134,0.007788369672597433,5
135,0.007898937594182457,5
136,0.007803052083041546,5
137,0.007762797402837783,5
138,0.007677760087326364,5
139,0.007718544920581608,5
140,0.007697420643628081,5
141,0.007742521845087969,5
142,0.007656755405016851,5
143,0.007561459459271409,5
144,0.007538681676759302,5
145,0.007491805297289079,5
146,0.0075361439157263545,5
147,0.007601682106738966,5
148,0.007528136919488372,5
149,0.00781305026391138,5
150,0.007803814940219049,5
151,0.0077902938356330855,5
152,0.007719373321622292,5
153,0.007623698158562898,5
154,0.007567984976726937,5
155,0.007826419013311868,5
156,0.007712991004239071,5
157,0.007650469254183087,5
158,0.008138049108940481,5
159,0.008374746087209367,5
160,0.00828598111760015,5
161,0.008217257811035961,5
162,0.008462960546788884,5
163,0.00837550251480936,5
164,0.008365062543638176,5
165,0.008250080571120885,5
166,0.008213849680784095,5
167,0.00817901018212663,5
168,0.008013253463466841,5
169,0.007872990931911536,5
170,0.007938018375357531,5
171,0.007965826815689877,5
172,0.008090384420546399,5
173,0.008307411140078328,5
174,0.008267148165384765,5
175,0.008260631150290597,5
176,0.008266154053495069,5
177,0.008431995488642385,5
178,0.008244440533328687,5
179,0.008126447565077093,5
180,0.008108995450312148,5
181,0.00817808529546845,5
182,0.008768837870239004,5
183,0.008747810126626407,5
184,0.008701631587518254,5
185,0.008765267047611424,5
186,0.00869471255875166,5
187,0.008495744336858865,5
188,0.008689947941382923,5
189,0.008549077098342532,5
190,0.00848192176194031,5
191,0.008291458290031917,5
192,0.00818040915002674,5
193,0.008038318647820496,5
194,0.007975369173344536,5
195,0.008061584804594223,5
196,0.008003890415355278,5
197,0.00809698513113132,5
198,0.008059140633300524,5
199,0.00803260114192366,5
200,0.007995974607197176,5
201,0.007879073815601108,5
202,0.00794915746065549,5
203,0.007955381857331722,5
204,0.008312412567523266,5
205,0.008196603543143775,5
206,0.008087260106421404,5
207,0.008081948266345824,5
208,0.007944528993761352,5
209,0.007824637790960438,5
210,0.008857229581336683,5
211,0.009167983527666127,5
212,0.009099202330660154,5
213,0.009154474568959094,5
214,0.00905642448200125,5
215,0.00888216139057,5
216,0.008721939477128172,5
217,0.008673553375963143,5
218,0.008550780293353516,5
219,0.008549826252425747,5
220,0.008469760039528883,5
221,0.008614582065156794,5
222,0.008447031654495776,5
223,0.008259099095086713,5
224,0.008214611812139326,5
225,0.008261209465019228,5
226,0.008584880158173663,5
227,0.008658586945905225,5
228,0.008514261686634814,5
229,0.008455463912972201,5
230,0.008320825427800799,5
231,0.008195972456277121,5
232,0.008116310658894288,5
233,0.008011971815644744,5
234,0.008027216311616113,5
235,0.007911545418372256,5
236,0.007963432281554881,5
237,0.008051407107905972,5
238,0.008204460626199757,5
239,0.00819097723127167,5
240,0.008055521007287167,5
241,0.007920730087295236,5
242,0.007804388666836095,5
243,0.007876414335200824,5
244,0.008159048260944555,5
245,0.008045077584516664,5
246,0.00813171558384658,5
247,0.008153823090080864,5
248,0.008229249865628611,5
249,0.008182814556416987,5
250,0.00835599677514287,5
251,0.008400777123038794,5
252,0.008420274661003152,5
253,0.009982977900942986,5
254,0.009717387144037979,5
255,0.009535850964626454,5
256,0.009637975299046676,5
257,0.009594204851833793,5
258,0.009559406065053684,5
259,0.009309910766844879,5
260,0.009202612692081584,5
261,0.009838497578484812,5
262,0.009701272747000429,5
263,0.01028702777048916,5
264,0.01007601556544294,5
265,0.00994752541230816,5
266,0.00987902821606956,5
267,0.009911570524487262,5
268,0.009829779512653696,5
269,0.009766047377673783,5
270,0.009540647683783049,5
271,0.009397032355695905,5
272,0.00957053072453612,5
273,0.009447184821428598,5
274,0.009379788912023797,5
275,0.009533912408424642,5
276,0.00967215915978489,5
277,0.00946563895975016,5
278,0.009236455393664947,5
279,0.009133652024568947,5
280,0.008944371099957956,5
281,0.009213730926884437,5
282,0.009113609385272345,5
283,0.009018842493029757,5
284,0.008964824517790222,5
285,0.008842069242354174,5
286,0.008648758196795314,5
287,0.008800061560580486,5
288,0.008764590932066543,5
289,0.009240259787294071,5
290,0.00941575330072153,5
291,0.010966854191160353,5
292,0.010665861662027104,5
293,0.011448654660338542,5
294,0.011185742566552944,5
295,0.011684233367658212,5
296,0.011288051717313763,5
297,0.01131682434462479,5
298,0.011026941016114495,5
299,0.010844879778969157,5
300,0.010587083523535703,5
301,0.010914601546571302,5
302,0.010661649602471339,5
303,0.01040145201748516,5
304,0.010545345183957165,5
305,0.010771082551878738,5
306,0.011187574338946352,5
307,0.010846239398162207,5
308,0.010890186969231221,5
309,0.010767944372278508,5
310,0.011443967703870623,5
311,0.011384943788289498,5
312,0.011057373075949443,5
313,0.011220533914167982,5
314,0.010867936211830275,5
315,0.010568294329996692,5
316,0.010306280475405799,5
317,0.010050505902242999,5
318,0.009781678974677584,5
319,0.009513235302097108,5
320,0.009762885968409088,5
321,0.00967900399682842,5
322,0.009443593062217115,5
323,0.009263108888102582,5
324,0.009476663439978748,5
325,0.009283659542129608,5
326,0.009060998771137117,5
327,0.008905284186102232,5
328,0.008990117556465518,5
329,0.008810242218249045,5
330,0.008650964377443908,5
331,0.008879025191365625,5
332,0.008819908678837805,5
333,0.009202061826812519,5
334,0.009426311526008545,5
335,0.009247422430991819,5
336,0.009399074768250705,5
337,0.009197941211012958,5
338,0.009022412552848368,5
339,0.009067881319859663,5
340,0.009098660398938519,5
341,0.008983310575631936,5
342,0.008776843605020497,5
343,0.008633024822664417,5
344,0.008502387318536893,5
345,0.00834839546944699,5
346,0.008187237976555937,5
347,0.008247831080843654,5
348,0.008167553547919268,5
349,0.008077833620416471,5
350,0.007972388954857234,5
351,0.00785086156479495,5
352,0.008055156988167722,5
353,0.00822367845986891,5
354,0.00818262096060967,5
355,0.008177575806074271,5
356,0.008115390285733817,5
357,0.008010018824612313,5
358,0.008126012176428872,5
359,0.008020492553047093,5
360,0.007916867598205743,5
361,0.007952103216234284,5
362,0.007853488797228584,5
363,0.008244964875970037,5
364,0.008619471186697732,5
365,0.008572780274465116,5
366,0.008570459318494329,5
367,0.008533443249342793,5
368,0.008467079812985466,5
369,0.008584274904665033,5
370,0.008412698935821526,5
371,0.008710870052398859,5
372,0.008574720958438638,5
373,0.008440002987288605,5
374,0.008297926198976301,5
375,0.008170123997233481,5
376,0.008028140888764133,5
377,0.007959268378418606,5
378,0.008005477913930296,5
379,0.007948130333823186,5
380,0.007829106185010863,5
381,0.007733116297885607,5
382,0.007699880582152627,5
383,0.007588016015494845,5
384,0.007506268400512519,5
385,0.007479907519589699,5
386,0.0075245863820042865,5
387,0.007451441215228574,5
388,0.007390908244230019,5
389,0.0073769371177389576,5
390,0.00733237924224097,5
391,0.007517229138338563,5
392,0.007427411321789354,5
393,0.0075410327352415174,5
394,0.007698947175632734,5
395,0.007779360649812106,5
396,0.00811757893050616,5
397,0.007981212285987416,5
398,0.008156201047730701,5
399,0.008176701945235443,5
400,0.008089836161044105,5
401,0.008116077479886867,5
402,0.00804508054329028,5
403,0.008351474660080443,5
404,0.00831276195164052,5
405,0.008136302810398425,5
406,0.00822263060349942,5
407,0.008123836037861163,5
408,0.008043516860911537,5
409,0.008314379978088001,5
410,0.0082261380657011,5
411,0.00812054574724371,5
412,0.008079891072730017,5
413,0.008039221123136195,5
414,0.008276174381211641,5
415,0.008111355400352665,5
416,0.008296994888067526,5
417,0.00817762648189898,5
418,0.00821148770279892,5
419,0.008084389184915311,5
420,0.007999014202688766,5
421,0.007985163512302244,5
422,0.007892756550764242,5
423,0.008083159635790108,5
424,0.008340964567020567,5
425,0.00847204685911039,5
426,0.008372216422758759,5
427,0.008241130764198856,5
428,0.008123887628536733,5
429,0.00802286972042114,5
430,0.00796256971865956,5
431,0.007962876678790524,5
432,0.007928003892396653,5
433,0.00783177113270519,5
434,0.007872372189078975,5
435,0.007864261338269476,5
436,0.008005166974901442,5
437,0.007942539222935707,5
438,0.007854330070202014,5
439,0.007781679403487701,5
440,0.007662608651695532,5
441,0.0075623461036749854,5
442,0.007497388704076933,5
443,0.007460205118475118,5
444,0.00759171004325162,5
445,0.007706065507017495,5
446,0.007604133536733915,5
447,0.007552276484937544,5
448,0.007463791703952715,5
449,0.007459449853720325,5
450,0.007445152259990355,5
451,0.007367419049098602,5
452,0.007616123228679291,5
453,0.007513194760113425,5
454,0.007480435108462014,5
455,0.008109519257679165,5
456,0.00905789137661084,5
457,0.009222151806707704,5
458,0.009031262172906751,5
459,0.00916418745681155,5
460,0.009075897426610876,5
461,0.008922179547306962,5
462,0.00911451083291338,5
463,0.009517436380231524,5
464,0.009709898071455626,5
465,0.009540272638561552,5
466,0.009395044896602622,5
467,0.009290111155004213,5
468,0.009229342322991878,5
469,0.009035876791044334,5
470,0.008913564862274188,5
471,0.009079987293416282,5
472,0.008915233617703133,5
473,0.008707167335395442,5
474,0.008660085367262144,5
475,0.008848140958296967,5
476,0.008711866668470214,5
477,0.008887602136152225,5
478,0.00905396426820253,5
479,0.008894866367842076,5
480,0.008685173435262776,5
481,0.00848074389007276,5
482,0.008414335571588298,5
483,0.00837015695145794,5
484,0.00832068671161201,5
485,0.008466999015537357,5
486,0.008277352342115272,5
487,0.008122222188765153,5
488,0.00801267917260415,5
489,0.007871300834621436,5
490,0.007860963505407343,5
491,0.00771918358883887,5
492,0.007846274618013693,5
493,0.00773989721444584,5
494,0.007688201280931101,5
495,0.007685513450172525,5
496,0.007767249782159642,5
497,0.008543186281811405,5
498,0.008594207883497454,5
499,0.00848181722194866,5
500,0.008352350741819375,5
501,0.008349928699243699,5
502,0.008304480583026295,5
503,0.0082092253675462,5
504,0.008580156400384084,5
505,0.008388744854150264,5
506,0.008400713553430101,5
507,0.00830579226166267,5
508,0.008130322804230546,5
509,0.007956562704690312,5
510,0.007874247628628235,5
511,0.0078115747666745354,5
512,0.007679624572903021,5
513,0.007575788690478424,5
514,0.007486238954078966,5
515,0.007407327275530973,5
516,0.007390753801098714,5
517,0.007332705721096868,5
518,0.0072841288271138765,5
519,0.0073290969326429934,5
520,0.007355859624711864,5
521,0.00732555041017731,5
522,0.0072708131441789085,5
523,0.007227520483232662,5
524,0.007247364028218572,5
525,0.007199712734741225,5
526,0.007150336228561934,5
527,0.007252053032778798,5
528,0.007227335565932833,5
529,0.0074891681853711325,5
530,0.0073833794000287035,5
531,0.007324630103113378,5
532,0.007450484990955537,5
533,0.007415748725595346,5
534,0.0073604061625709375,5
535,0.007315674852958572,5
536,0.0073179290783283515,5
537,0.007252284497115363,5
538,0.007272681826273851,5
539,0.0075273592941772815,5
540,0.007556881368086519,5
541,0.007655498360177747,5
542,0.007544021764338502,5
543,0.007523614651588078,5
544,0.007413854389072366,5
545,0.007323479738928237,5
546,0.007293816599061409,5
547,0.0073201019306363664,5
548,0.007504887482605343,5
549,0.007640888468911139,5
550,0.007563160827431768,5
551,0.007515406517555441,5
552,0.007398269701271239,5
553,0.007328321371255403,5
554,0.007247429138742042,5
555,0.007165130636418074,5
556,0.007119505614671329,5
557,0.007150329746600078,5
558,0.007100585898241149,5
559,0.007080438571593519,5
560,0.00719311284000042,5
561,0.007191499630662083,5
562,0.007323567086703446,5
563,0.0073124235261154335,5
564,0.00731149656068241,5
565,0.007310987469978014,5
566,0.007343405966234467,5
567,0.007267208063044524,5
568,0.0072122047469326996,5
569,0.0072122119862192005,5
570,0.007145315988326331,5
571,0.007118149719822039,5
572,0.007134072585466099,5
573,0.007165355295055517,5
574,0.007268513471641446,5
575,0.00723988540424662,5
576,0.008137657097492151,5
577,0.008296300235659465,5
578,0.008121679159544242,5
579,0.008210485854923105,5
580,0.00813699927625123,5
581,0.008134907040041092,5
582,0.008225861469022919,5
583,0.008154347539418646,5
584,0.00833941477258317,5
585,0.008344017032246812,5
586,0.008243606289471243,5
587,0.008301686524282047,5
588,0.008191749865303459,5
589,0.008072367128934287,5
590,0.007930321259911166,5
591,0.008066901509613849,5
592,0.007956367059645671,5
593,0.008081952359802648,5
594,0.007954056648698627,5
595,0.009069805823792479,5
596,0.00959024908509901,5
597,0.010609788378168582,5
598,0.010962996375771288,5
599,0.012199783107129776,5
600,0.012059048336890709,5
601,0.011758985656370537,5
602,0.011473304010919113,5
603,0.011528290474389162,5
604,0.012168573698848231,5
605,0.01514805808655665,5
606,0.01479705589872355,5
607,0.015265425549369927,5
608,0.018590570898505798,5
609,0.021281173293866057,5
610,0.021064027866246404,5
611,0.020302960974947267,5
612,0.020586989709816872,5
613,0.0203946267625281,5
614,0.020044826169185036,5
615,0.019019644321488716,5
616,0.021276037457659644,5
617,0.022946379911633077,5
618,0.022185162141418087,5
619,0.023354709666598004,5
620,0.021818123587570643,5
621,0.02081719841589842,5
622,0.02190075435780172,5
623,0.020828080987725962,5
624,0.019823184256367643,5
625,0.021534415492411623,5
626,0.02147666413004192,5
627,0.02033426945281724,5
628,0.019514956823105865,5
629,0.01829815539795253,5
630,0.017791077682110697,5
631,0.018661075467783127,5
632,0.017703209338025386,5
633,0.01764344123345093,5
634,0.016605348439360384,5
635,0.01724224245428446,5
636,0.016683670442422784,5
637,0.015846917238550227,5
638,0.015235935876779615,5
639,0.015850150390882726,5
640,0.014927426690023754,5
641,0.014698039045588356,5
642,0.013996062835646039,5
643,0.014475285891613038,5
644,0.014613224473653702,5
645,0.013961885817651962,5
646,0.013381731949686382,5
647,0.012871077832474424,5
648,0.013669421269511081,5
649,0.013101370560856147,5
650,0.0124808140419214,5
651,0.01271867048573953,5
652,0.013162698676747728,5
653,0.012486721153112841,5
654,0.013068380023002465,5
655,0.013403972940130116,5
656,0.012985171107464437,5
657,0.012531030664791784,5
658,0.012212796328283308,5
659,0.014955115967683674,5
660,0.014438179605504867,5
661,0.014288960154279981,5
662,0.013729208120915775,5
663,0.013818293252464246,5
664,0.013546662956574662,5
665,0.014361426008276269,5
666,0.01379957231787025,5
667,0.013716258311141698,5
668,0.013590208581886067,5
669,0.01306588236783388,5
670,0.012527755665144595,5
671,0.013474799484513878,5
672,0.013681464300803123,5
673,0.014488748497970683,5
674,0.016602209623424687,5
675,0.015716619081928448,5
676,0.014945940900782467,5
677,0.014136764501532575,5
678,0.01337873480398575,5
679,0.013940396491871912,5
680,0.01463683051277348,5
681,0.014399274676159576,5
682,0.013816104717375953,5
683,0.013546467480323378,5
684,0.012902373602979546,5
685,0.01231894619284659,5
686,0.012580978147912312,5
687,0.012892930274616658,5
688,0.01241466763025568,5
689,0.012026612751181604,5
690,0.01160187123025827,5
691,0.01125453197077568,5
692,0.01156124397814532,5
693,0.011134838672135335,5
694,0.011925520196282445,5
695,0.01152577309394997,5
696,0.0110306652867401,5
697,0.010698658732352696,5
698,0.01088819612577047,5
699,0.010507566694018762,5
700,0.010158189137801591,5
701,0.010458915527512783,5
702,0.01040649842093851,5
703,0.010094594285654488,5
704,0.00982331531959068,5
705,0.010328898068139107,5
706,0.010752601323702735,5
707,0.010596453404390969,5
708,0.010635262204207244,5
709,0.0108444215682517,5
710,0.01063131536477732,5
711,0.010348969066478423,5
712,0.010081957039120558,5
713,0.010505656908533504,5
714,0.01026207313218978,5
715,0.009901144139114578,5
716,0.00975026614409648,5
717,0.00954484295812882,5
718,0.009393383428567218,5
719,0.009152958508291302,5
720,0.01023902767973792,5
721,0.009929364136921776,5
722,0.010098915994649285,5
723,0.009763153110512048,5
724,0.009448361859286257,5
725,0.009281269432861658,5
726,0.009273984971201523,5
727,0.009099123199463835,5
728,0.009186018275533961,5
729,0.009017811006874836,5
730,0.008955137462038253,5
731,0.009769455688825755,5
732,0.009542939324417776,5
733,0.009762226131640284,5
734,0.009590075785452318,5
735,0.00931275411649882,5
736,0.009262485507406831,5
737,0.008972299470440693,5
738,0.008768448878619326,5
739,0.008767530151117975,5
740,0.008664424617461211,5
741,0.01007674015246776,5
742,0.010046975941039767,5
743,0.009841146928578738,5
744,0.010060957110362917,5
745,0.009842809914176501,5
746,0.010064657064715904,5
747,0.009824702040584365,5
748,0.009892763500108056,5
749,0.009731433633645845,5
750,0.009697733893670898,5
751,0.010133291563564531,5
752,0.00991698356441325,5
753,0.009725513290744938,5
754,0.009620639369310189,5
755,0.00941887660966797,5
756,0.009191913105507394,5
757,0.009019563401453427,5
758,0.00880362018730657,5
759,0.009006405479067036,5
760,0.008969627265090535,5
761,0.008898896308048658,5
762,0.008846249378981385,5
763,0.008887539649336022,5
764,0.00881820781107375,5
765,0.008625300618235734,5
766,0.008649947877225839,5
767,0.008696362263767738,5
768,0.009278164646122114,5
769,0.009477432129600692,5
770,0.009991874520224112,5
771,0.010081037578963758,5
772,0.011487190550116277,5
773,0.01121508011413745,5
774,0.012600554139353536,5
775,0.012201059636217593,5
776,0.012563213987136375,5
777,0.012302017556023448,5
778,0.012278653734031312,5
779,0.011888417304190746,5
780,0.011510698447563248,5
781,0.012003675704489628,5
782,0.011602258839877878,5
783,0.01121069850091359,5
784,0.01088012526934006,5
785,0.010513104949367656,5
786,0.010252612992841617,5
787,0.010760134530065453,5
788,0.010439838985679295,5
789,0.010352117187172608,5
790,0.01077725600156327,5
791,0.010768443846520568,5
792,0.010455522217645088,5
793,0.01032216078285941,5
794,0.01005865829294405,5
795,0.009792823905674215,5
796,0.009501289551194683,5
797,0.00940961278230542,5
798,0.00915310447292012,5
799,0.009065137000508471,5
800,0.008836864343161704,5
801,0.00864414701840578,5
802,0.008626050965675877,5
803,0.008809176751982877,5
804,0.008680087577901568,5
805,0.009194246804120015,5
806,0.009554661129602175,5
807,0.009483685254611253,5
808,0.009257866156792196,5
809,0.00909831907973804,5
810,0.00953328921339091,5
811,0.009291654752273296,5
812,0.009202511134127303,5
813,0.00912803193814525,5
814,0.008915936599061668,5
815,0.008820767338833798,5
816,0.0090292849741789,5
817,0.00934056683190073,5
818,0.009890401691110764,5
819,0.009588040887426989,5
820,0.009332889179335458,5
821,0.009195922453445925,5
822,0.009519322796362454,5
823,0.009246117617537103,5
824,0.009078214930997969,5
825,0.008993972422010037,5
826,0.008929972453187022,5
827,0.008972499089798702,5
828,0.008898793629250619,5
829,0.009188358686576113,5
830,0.00950924370241371,5
831,0.010128897094683646,5
832,0.009960692031828217,5
833,0.009912452784261908,5
834,0.009898235784605417,5
835,0.009746560952787302,5
836,0.00993472974626649,5
837,0.009957812773759544,5
838,0.00970024457892482,5
839,0.009434345497843442,5
840,0.009182187371048065,5
841,0.008985196811770166,5
842,0.009230495849924388,5
843,0.00939206664441141,5
844,0.009242154731084582,5
845,0.009130458218698869,5
846,0.009131973565033123,5
847,0.008991950823870082,5
848,0.009295566244863293,5
849,0.009403031189473901,5
850,0.011958653916982039,5
851,0.011979977070202577,5
852,0.011601528544932826,5
853,0.011241728383186845,5
854,0.011193265817286668,5
855,0.011578059411282987,5
856,0.01164622032044484,5
857,0.011366880974124237,5
858,0.011050706177809481,5
859,0.01107821454454045,5
860,0.010766061330575491,5
861,0.010404030674114786,5
862,0.01013547508580149,5
863,0.009845085110693654,5
864,0.009750855197473589,5
865,0.009693703004197626,5
866,0.009514042722920429,5
867,0.009432988535788311,5
868,0.00949795751254302,5
869,0.009266050413413445,5
870,0.009330061477433507,5
871,0.009045405425139135,5
872,0.008949142886634794,5
873,0.008821529162292332,5
874,0.008667761172481409,5
875,0.008878369038670687,5
876,0.008732447135869967,5
877,0.00853964419664623,5
878,0.008411932718697265,5
879,0.00824917941936913,5
880,0.00807634311234117,5
881,0.007928434159557707,5
882,0.008161527979935988,5
883,0.008100095244174819,5
884,0.008025326674156816,5
885,0.007876757204921038,5
886,0.008272420123178257,5
887,0.008514625815071687,5
888,0.008581393284455039,5
889,0.008368953471765823,5
890,0.008342256509436742,5
891,0.008244155885303816,5
892,0.008154500560748176,5
893,0.007960571123039197,5
894,0.008486607635536532,5
895,0.008503130933358279,5
896,0.008819228520717558,5
897,0.009180310898242776,5
898,0.009169322721294098,5
899,0.009242664460764402,5
900,0.009014031911762841,5
901,0.009181853998340721,5
902,0.011029507679890603,5
903,0.010705344023223498,5
904,0.01105100575620184,5
905,0.010725115562994672,5
906,0.010349253371363226,5
907,0.010556794765196524,5
908,0.010893574635949399,5
909,0.01053070088953436,5
910,0.010287577761345092,5
911,0.009920263277918897,5
912,0.009611387119114566,5
913,0.009322207965224998,5
914,0.009093509061951026,5
915,0.009000993572821733,5
916,0.008856131809563262,5
917,0.008723223544803625,5
918,0.008880867694260436,5
919,0.008652054854082202,5
920,0.008453671181200134,5
921,0.008463495684228939,5
922,0.008313121078409367,5
923,0.008154546992283416,5
924,0.007974834325307047,5
925,0.007795941343066539,5
926,0.00781988578724878,5
927,0.007966186148490782,5
928,0.009198984863400927,5
929,0.009425882951692091,5
930,0.009125292287832387,5
931,0.009087949472865741,5
932,0.009250328656806335,5
933,0.009038079357485733,5
934,0.008883875707312382,5
935,0.008639401639101416,5
936,0.00865559560846226,5
937,0.008602449595579102,5
938,0.00855520185476626,5
939,0.008731049319495759,5
940,0.008615331052020536,5
941,0.00927904529192966,5
942,0.009880279516315524,5
943,0.009605087290927258,5
944,0.009409065987317944,5
945,0.009175406721191263,5
946,0.009184186554188234,5
947,0.00920836873195069,5
948,0.010281994302537421,5
949,0.010290181531283039,5
950,0.01030357580684523,5
951,0.009962629983904705,5
952,0.009722702821189902,5
953,0.009505619923828883,5
954,0.00927151244843721,5
955,0.00910859131411616,5
956,0.008939778692199122,5
957,0.009357539835259093,5
958,0.0092313311064561,5
959,0.009361201539578838,5
960,0.009205459868020687,5
961,0.009041426884374953,5
962,0.008831396927757456,5
963,0.008602760322269516,5
964,0.008434713369752905,5
965,0.008397219877162156,5
966,0.008282204350860675,5
967,0.008236130026596844,5
968,0.008279800482689182,5
969,0.009085565622582049,5
970,0.00897706324851141,5
971,0.009258888033471684,5
972,0.009042418901321484,5
973,0.0091677045570467,5
974,0.009235711994605617,5
975,0.008972650110776526,5
976,0.009047496239077316,5
977,0.009266866392200809,5
978,0.008998361372206441,5
979,0.008891094907509299,5
980,0.009075368613606333,5
981,0.00887686168994893,5
982,0.009173983957953406,5
983,0.008981264061335975,5
984,0.00910405147178538,5
985,0.00906149191138958,5
986,0.008888632895134984,5
987,0.008879202326882286,5
988,0.008769708564377707,5
989,0.008722346648477966,5
990,0.008611198029409912,5
991,0.009107746584027908,5
992,0.010239873710142386,5
993,0.010277330106992728,5
994,0.0100196779372834,5
995,0.01026523698476714,5
996,0.010165601385350777,5
997,0.009825815690065097,5
998,0.011615299577065823,5
999,0.01117243894991483,5
1000,0.010959214885508222,5
1001,0.010582428757360873,5
1002,0.011040699984734437,5
1003,0.010842343564313468,5
1004,0.010850046172508303,5
1005,0.010673899535416566,5
1006,0.010280847990477295,5
1007,0.009932273245580102,5
1008,0.009687648363380617,5
1009,0.009640665736626372,5
1010,0.009825122394274268,5
1011,0.009686792641070687,5
1012,0.009448188951480136,5
1013,0.009482799535193378,5
1014,0.009246619697645366,5
1015,0.009394667067779123,5
1016,0.009164812855865043,5
1017,0.009013878176484217,5
1018,0.008772529703006137,5
1019,0.008675660408068447,5
1020,0.00901215214298377,5
1021,0.009377025176902502,5
1022,0.009488046737969434,5
1023,0.00932946909509747,5
1024,0.009267294951459025,5
1025,0.009040399283877617,5
1026,0.008818175066859004,5
1027,0.008575787154643601,5
1028,0.008554191304570802,5
1029,0.009051354546833252,5
1030,0.008859967830760037,5
1031,0.008884021092259584,5
1032,0.008644304621377446,5
1033,0.00849285837751531,5
1034,0.008671220098161854,5
1035,0.008451548372271526,5
1036,0.00856236619954977,5
1037,0.008512209095948207,5
1038,0.008434188141967789,5
1039,0.00836692091302627,5
1040,0.010881236458364281,5
1041,0.010449226383251445,5
1042,0.010633319743253412,5
1043,0.010370733323561481,5
1044,0.01083515204338471,5
1045,0.010587325039793951,5
1046,0.010445403655874761,5
1047,0.01172771381324469,5
1048,0.011248009758656106,5
1049,0.011141529426269253,5
1050,0.010682189315265102,5
1051,0.01075612660999078,5
1052,0.010374078586731417,5
1053,0.010688971682794762,5
1054,0.010303179604993223,5
1055,0.010267250316133424,5
1056,0.010213626788917504,5
1057,0.010405425986218473,5
1058,0.01017085100350277,5
1059,0.009854098579222842,5
1060,0.009565061147531088,5
1061,0.009216919010192517,5
1062,0.008984115777018247,5
1063,0.008772957147678898,5
1,0.011093219092667193,2
2,0.011564741952333523,2
3,0.011453734291288946,2
4,0.011367676487619584,2
5,0.011390341681493759,2
6,0.01131647098777376,2
7,0.011345141962407237,2
8,0.011231781033788453,2
9,0.011179392065797097,2
10,0.011205260898024313,2
11,0.011095284116626943,2
12,0.011076733869070612,2
13,0.010993812852057623,2
14,0.010916291613768536,2
15,0.010865312676033512,2
16,0.010961221006347888,2
17,0.010875746021195726,2
18,0.010856959560203903,2
19,0.010870114753056959,2
20,0.010795274015422287,2
21,0.010770308824443764,2
22,0.010735545300921651,2
23,0.010665689866231754,2
24,0.010582979153296243,2
25,0.010581363830476077,2
26,0.010526239718527066,2
27,0.01067463753287618,2
28,0.011001532644656175,2
29,0.01101854763551342,2
30,0.010945607727492696,2
31,0.010842466168126627,2
32,0.011107240945711075,2
33,0.011136844482160227,2
34,0.011307097175582592,2
35,0.011229548631518167,2
36,0.01111009824774452,2
37,0.011093232238354627,2
38,0.010993527954519494,2
39,0.010897475219045289,2
40,0.010782643252590682,2
41,0.010688770916195954,2
42,0.010676800779212865,2
43,0.010859606299141181,2
44,0.010772897251316532,2
45,0.0107030075556089,2
46,0.010589434802786474,2
47,0.010621396285848315,2
48,0.010727949330236585,2
49,0.010613075545908299,2
50,0.010541639469568561,2
51,0.010498541369159571,2
52,0.01046758518806587,2
53,0.010458108075613974,2
54,0.010390316676848298,2
55,0.010525687112236528,2
56,0.010460778282152448,2
57,0.010409564350776368,2
58,0.01039223892804603,2
59,0.010320650321142745,2
60,0.010233901947904049,2
61,0.010213252258259873,2
62,0.010215106751489648,2
63,0.01011987547491535,2
64,0.010346414444909567,2
65,0.01025934220733504,2
66,0.010251164894938119,2
67,0.010235279260417066,2
68,0.010140069305833353,2
69,0.010078891325026982,2
70,0.010021504902074936,2
71,0.010466534306926715,2
72,0.010388738730093048,2
73,0.010326169040259552,2
74,0.0103005193737676,2
75,0.01039700983838883,2
76,0.010332723284550102,2
77,0.010231704787469943,2
78,0.010401298990597269,2
79,0.010965829916661944,2
80,0.01355027217498926,2
81,0.013286730261120112,2
82,0.013166014572119637,2
83,0.01303677799695505,2
84,0.012787461220247353,2
85,0.012694722489108301,2
86,0.012963679086053568,2
87,0.013062805031031521,2
88,0.012841767650086143,2
89,0.012643646239702893,2
90,0.012530695632006192,2
91,0.012342903996891641,2
92,0.01221731123229418,2
93,0.012172344373676692,2
94,0.012040366349597247,2
95,0.012088421234165444,2
96,0.01209680026190299,2
97,0.011979701455536205,2
98,0.011858339324517185,2
99,0.012124686549869557,2
100,0.012102242027238952,2
101,0.012035821696107717,2
102,0.012153048785166458,2
103,0.012058376925719351,2
104,0.011888796694261704,2
105,0.01182640123060234,2
106,0.011959036114926033,2
107,0.011831399759022672,2
108,0.011721877635436853,2
109,0.011608649822252664,2
110,0.011516779307159357,2
111,0.011409379749697328,2
112,0.011585745483107347,2
113,0.011523664324126204,2
114,0.011634358550065931,2
115,0.011623132604883688,2
116,0.011680098300086386,2
117,0.011536733567692503,2
118,0.011387015088945055,2
119,0.011373893347372783,2
120,0.011341793604479681,2
121,0.01134215392488885,2
122,0.011404031751563426,2
123,0.01158868004105474,2
124,0.011513203906423143,2
125,0.011381728787014963,2
126,0.01144168228722146,2
127,0.01144697209195394,2
128,0.011455662158510625,2
129,0.011493577143017198,2
130,0.011347899854491377,2
131,0.011538424614655289,2
132,0.011422652694178642,2
133,0.011337732056434001,2
134,0.011280983789715647,2
135,0.011262796230380899,2
136,0.011275928874838227,2
137,0.011177395707921978,2
138,0.011069500107887929,2
139,0.011274056059562545,2
140,0.01133884120137401,2
141,0.011234820846810694,2
142,0.011138608984217174,2
143,0.011110534409910717,2
144,0.011024879176711697,2
145,0.011255592983095539,2
146,0.011197860083134668,2
147,0.011175885532326206,2
148,0.01144564123183229,2
149,0.011398915802483155,2
150,0.01154959625930259,2
151,0.011515587733548195,2
152,0.011400227353506005,2
153,0.01141745093241422,2
154,0.011445625003545587,2
155,0.011324012587780383,2
156,0.011263215425779046,2
157,0.011671020530774756,2
158,0.011530820623605548,2
159,0.011437744719301177,2
160,0.011337218153149182,2
161,0.011815359668716791,2
162,0.012075688239959146,2
163,0.012258080077632044,2
164,0.012343170152240296,2
165,0.012299714051861409,2
166,0.012170378525702278,2
167,0.012002521302933764,2
168,0.011928256642921376,2
169,0.01197796876198156,2
170,0.011955279895787855,2
171,0.011809167735012475,2
172,0.011833981490254341,2
173,0.012049671886451922,2
174,0.01227287900498258,2
175,0.01218605931613646,2
176,0.012080618507458514,2
177,0.011925293808363236,2
178,0.011910745920144824,2
179,0.011784051784105291,2
180,0.011655934339911134,2
181,0.011783335644136292,2
182,0.011900251826230546,2
183,0.011734939856138027,2
184,0.011931459311136388,2
185,0.011926945341935023,2
186,0.011813224820822258,2
187,0.011941313927673891,2
188,0.011935346325296853,2
189,0.011770928124202194,2
190,0.01161172367825277,2
191,0.011745570242770061,2
192,0.011628475914509894,2
193,0.011483945505622642,2
194,0.012051170200165117,2
195,0.012151470142494552,2
196,0.012360248612348504,2
197,0.012320248417442961,2
198,0.012225247576543927,2
199,0.012269010948715284,2
200,0.012085755875492717,2
201,0.012041754958151286,2
202,0.01191017920728059,2
203,0.011904207708476933,2
204,0.012047164676925985,2
205,0.01192455981374372,2
206,0.011762895895172607,2
207,0.011750513271620928,2
208,0.011679221635357739,2
209,0.012133528574974805,2
210,0.012090854576720794,2
211,0.011989228667026673,2
212,0.01201779718804038,2
213,0.011944144371466679,2
214,0.01189669535307728,2
215,0.011771014213818739,2
216,0.0117828990656671,2
217,0.011686628701439378,2
218,0.011955319428619191,2
219,0.011923310646896938,2
220,0.011967174344072148,2
221,0.011964767958851355,2
222,0.01182533268707087,2
223,0.01193242941602974,2
224,0.012022492368046984,2
225,0.0122281784651038,2
226,0.012208816372768022,2
227,0.012150987396841584,2
228,0.012292627838154402,2
229,0.012150728653921932,2
230,0.012260845529459162,2
231,0.012176210741536428,2
232,0.012034765488187308,2
233,0.011917419835377564,2
234,0.011858445837745944,2
235,0.011753616316430758,2
236,0.011891997858934895,2
237,0.011733054414660413,2
238,0.011745090803898246,2
239,0.011637395730520422,2
240,0.011507731254865025,2
241,0.011418657459676181,2
242,0.011631367265977247,2
243,0.011593324793291629,2
244,0.011626032933050924,2
245,0.012070033729909268,2
246,0.012007282269012253,2
247,0.011905448467581231,2
248,0.01176753728847971,2
249,0.01223835715976665,2
250,0.012184752863678126,2
251,0.012111575121210305,2
252,0.013074648903912802,2
253,0.012844378694393758,2
254,0.012711432214492387,2
255,0.01264531421448879,2
256,0.01258848935900797,2
257,0.012445419085111408,2
258,0.012278794973191863,2
259,0.012314398620737256,2
260,0.012463781418438909,2
261,0.012361424755032678,2
262,0.013132086424244249,2
263,0.012927896844329611,2
264,0.01288285495908173,2
265,0.013278271978387669,2
266,0.013013822299371957,2
267,0.013123518118276147,2
268,0.01287388879353676,2
269,0.012681407388092796,2
270,0.012753046650248016,2
271,0.012640729682483358,2
272,0.012570609224583446,2
273,0.012402827022413127,2
274,0.012206710649794818,2
275,0.012332083945166666,2
276,0.01240695455223715,2
277,0.012231061126738047,2
278,0.012490882042825028,2
279,0.012383148972880696,2
280,0.012252701057442052,2
281,0.012154454308287217,2
282,0.012112819244343126,2
283,0.012166543628249276,2
284,0.012205093327048349,2
285,0.012114769213775732,2
286,0.012267085959732497,2
287,0.012431515129533504,2
288,0.012880722853998904,2
289,0.01282395970961894,2
290,0.013503036377106205,2
291,0.013306859675076015,2
292,0.014890272281986363,2
293,0.014691212085612103,2
294,0.015024329268598549,2
295,0.014715017678370064,2
296,0.014766369456579467,2
297,0.014584277815780115,2
298,0.014429770364683665,2
299,0.014153078391105032,2
300,0.014194800292879357,2
301,0.013999728100740075,2
302,0.013760133522733094,2
303,0.013598712187695624,2
304,0.013569059547068506,2
305,0.014208570810726236,2
306,0.013952804513569457,2
307,0.014333933442370399,2
308,0.01435946238203395,2
309,0.014311559577029315,2
310,0.01423410624248005,2
311,0.01399635085496238,2
312,0.014137154318161715,2
313,0.013908234832766313,2
314,0.013895045906139538,2
315,0.013655411995708178,2
316,0.01344940801265447,2
317,0.013224822360527428,2
318,0.013004692988013872,2
319,0.012932444597982835,2
320,0.01302893948139306,2
321,0.012850802367928724,2
322,0.012832481339237752,2
323,0.012823426621032925,2
324,0.012763223048102788,2
325,0.012678517270491888,2
326,0.012682367163899219,2
327,0.012790651563441079,2
328,0.012624123524772877,2
329,0.01243407624733564,2
330,0.012582747500817889,2
331,0.013327425131088092,2
332,0.013180164672046859,2
333,0.013021925493457152,2
334,0.012985868589726255,2
335,0.013027379587401869,2
336,0.012849125419780146,2
337,0.012723799299751131,2
338,0.012564274382134475,2
339,0.012511245073658379,2
340,0.012371227821216177,2
341,0.012228447197222374,2
342,0.012319449084854139,2
343,0.012209235416020786,2
344,0.012129541419475413,2
345,0.01195633391847813,2
346,0.011933132542055462,2
347,0.01188490981123693,2
348,0.011724668201706855,2
349,0.01158124776730039,2
350,0.011441964001345043,2
351,0.0114438352396725,2
352,0.011441963335658641,2
353,0.011527130317728895,2
354,0.011392634426804384,2
355,0.01124899884260124,2
356,0.011117955224549452,2
357,0.011021357236120804,2
358,0.01093414301794454,2
359,0.010806203973419673,2
360,0.01086456811624017,2
361,0.010853664063429424,2
362,0.011107170401512162,2
363,0.01109659042947868,2
364,0.011020555763033912,2
365,0.011595706906255731,2
366,0.01165207811440615,2
367,0.011636979165975208,2
368,0.011677352650524858,2
369,0.011585207629701201,2
370,0.011849493034213647,2
371,0.011875953268218248,2
372,0.011892851347390805,2
373,0.011860813555980433,2
374,0.011707924198583559,2
375,0.011551299588276671,2
376,0.011505111896417453,2
377,0.011698683605243112,2
378,0.011534418475861901,2
379,0.011426671498928408,2
380,0.011406261678156658,2
381,0.011282717976312345,2
382,0.01115648810742716,2
383,0.01105131659640374,2
384,0.010955162424189839,2
385,0.010912107684950278,2
386,0.010838377275665667,2
387,0.01074451826422866,2
388,0.010746341366734382,2
389,0.010770876521724706,2
390,0.011062902246413982,2
391,0.010970229870405959,2
392,0.011115176200937974,2
393,0.011050700237365967,2
394,0.011103583945801302,2
395,0.011066784131688493,2
396,0.010978361567287539,2
397,0.011197773248528194,2
398,0.011233156718597486,2
399,0.011146168966500933,2
400,0.011131969775120952,2
401,0.01102673523881483,2
402,0.0122700686346309,2
403,0.01239206876479071,2
404,0.012179414747625005,2
405,0.012009350657077403,2
406,0.011827527347931391,2
407,0.011969705013256867,2
408,0.011938180877385523,2
409,0.011891462266919369,2
410,0.01177139086186801,2
411,0.01167836688705546,2
412,0.01162088877225891,2
413,0.011541741113592976,2
414,0.011415177302449297,2
415,0.011621608701119869,2
416,0.011579403828159395,2
417,0.011860842668542005,2
418,0.011709647708942353,2
419,0.011564045265680242,2
420,0.01153163068485806,2
421,0.011472752191468316,2
422,0.011695390719162962,2
423,0.011738038273481395,2
424,0.01181072257805417,2
425,0.011785667271161693,2
426,0.011699933587483363,2
427,0.011677780623919902,2
428,0.011506273035953371,2
429,0.011425070239270902,2
430,0.011340806077806178,2
431,0.011220517909856656,2
432,0.011184306901133086,2
433,0.011289345073007554,2
434,0.01130754990601024,2
435,0.011388298416669362,2
436,0.011304284488753402,2
437,0.011369973298323661,2
438,0.011271604583213822,2
439,0.011151533895484556,2
440,0.011034135581651483,2
441,0.010911297394310019,2
442,0.010786853016197195,2
443,0.010708122311579337,2
444,0.010689403326304144,2
445,0.010585220379256619,2
446,0.010529553917854005,2
447,0.01045661496375771,2
448,0.010505542945949423,2
449,0.010585852413530114,2
450,0.010481263504658394,2
451,0.010387533021498785,2
452,0.010293633462285784,2
453,0.01044957245304549,2
454,0.010645747272305304,2
455,0.011980049169312093,2
456,0.012719912257019864,2
457,0.012468737582626836,2
458,0.012741408262195796,2
459,0.012479551572551841,2
460,0.012654769289912857,2
461,0.012538342271152888,2
462,0.012714209338623569,2
463,0.013500268242496501,2
464,0.013221452683703571,2
465,0.01307471931631692,2
466,0.01304352301388031,2
467,0.012911909386677314,2
468,0.012719359859628004,2
469,0.012655172523110634,2
470,0.013024215201210795,2
471,0.012769057911619528,2
472,0.012555568966114376,2
473,0.012403959930472797,2
474,0.012746468880338903,2
475,0.012623725924439992,2
476,0.012564498270445477,2
477,0.012806121212043338,2
478,0.01280060807776662,2
479,0.012556321069918235,2
480,0.012379668157012797,2
481,0.012259481283103309,2
482,0.01211170797297065,2
483,0.011940424573344908,2
484,0.011756776974331388,2
485,0.01158556444517218,2
486,0.011448268419125537,2
487,0.011312594886910983,2
488,0.011159798656276275,2
489,0.01099620891197079,2
490,0.01086807152226421,2
491,0.01098044851187286,2
492,0.010933714251096292,2
493,0.010887044039127379,2
494,0.010933204931102563,2
495,0.010827376445566271,2
496,0.011457047376631307,2
497,0.011819812839266067,2
498,0.011807129544048096,2
499,0.011774561983156814,2
500,0.011606579239315294,2
501,0.011578970709674605,2
502,0.01142640671746289,2
503,0.01183777986469731,2
504,0.01161269754055176,2
505,0.011412705019395097,2
506,0.01138363172420335,2
507,0.011220287357894319,2
508,0.011044749835005113,2
509,0.010925698584922882,2
510,0.011073120702018735,2
511,0.010912590959532415,2
512,0.01078419636664924,2
513,0.01075154403449465,2
514,0.010731289474070012,2
515,0.010656738060763936,2
516,0.01064659688534255,2
517,0.01058653927459581,2
518,0.01061225756595979,2
519,0.010472144235623525,2
520,0.010346592177316368,2
521,0.010422770052545606,2
522,0.010464542687137044,2
523,0.010679854911210988,2
524,0.010681112465903071,2
525,0.010714699200599418,2
526,0.010912823230920134,2
527,0.010762920040039661,2
528,0.01107440050153601,2
529,0.010931204846067685,2
530,0.010896922221580842,2
531,0.01126835240733786,2
532,0.011329334231380444,2
533,0.011313374864751119,2
534,0.011168895970586781,2
535,0.01141166395088994,2
536,0.011335455366605284,2
537,0.011213562076307908,2
538,0.011224475995764828,2
539,0.011613387302015079,2
540,0.011740273087682456,2
541,0.01157639624847909,2
542,0.011449317277297925,2
543,0.01127350152141693,2
544,0.011157393219287524,2
545,0.011318689137463466,2
546,0.011218776926896833,2
547,0.011021483834906707,2
548,0.011388327351829087,2
549,0.011256875834119454,2
550,0.011242285078086276,2
551,0.011055675212438124,2
552,0.010886082701687736,2
553,0.010793977540934769,2
554,0.010668545840728832,2
555,0.010663010875090362,2
556,0.010636239326373195,2
557,0.01049438874532465,2
558,0.010640825961248726,2
559,0.010772626939986272,2
560,0.010674981705739809,2
561,0.010616563183987427,2
562,0.010554792382699723,2
563,0.010451394705452761,2
564,0.010382214750415526,2
565,0.010642488191642561,2
566,0.010541665816199915,2
567,0.010499097484153277,2
568,0.010588969613645374,2
569,0.010502749910113351,2
570,0.010442358068314188,2
571,0.01048234739310811,2
572,0.010539710202775027,2
573,0.010491325120601335,2
574,0.010457082547418627,2
575,0.011291788754803961,2
576,0.011576573761676992,2
577,0.011396427510576358,2
578,0.011414140598253415,2
579,0.011314348096232024,2
580,0.011512789364634278,2
581,0.011427853657552698,2
582,0.011286748783012822,2
583,0.011270071890261682,2
584,0.011575104258768986,2
585,0.011435836631674247,2
586,0.011709936419092942,2
587,0.011613502783415438,2
588,0.0114008208548563,2
589,0.011220859867690629,2
590,0.011085377547602762,2
591,0.010929242630795071,2
592,0.01104002880777681,2
593,0.010897375688823135,2
594,0.011552146147072923,2
595,0.011771899764456403,2
596,0.015158074657446318,2
597,0.015113875838503417,2
598,0.018840647907417313,2
599,0.018266377980795275,2
600,0.017996492572769463,2
601,0.017618239783417186,2
602,0.018376001223838517,2
603,0.01894208954530854,2
604,0.02857312645547079,2
605,0.027825231491828546,2
606,0.028311500848553446,2
607,0.036787407749942345,2
608,0.03602401452197814,2
609,0.04252035574463374,2
610,0.04082037342326605,2
611,0.04602967629960273,2
612,0.04343300661946571,2
613,0.04015411384096895,2
614,0.04333027128321966,2
615,0.04569437867119535,2
616,0.04725858963126633,2
617,0.04531327508116643,2
618,0.04526148998240509,2
619,0.04503985021214212,2
620,0.04241273962815457,2
621,0.040339833784007316,2
622,0.03788503833101533,2
623,0.03617483489642883,2
624,0.03887885556491053,2
625,0.036221241163992855,2
626,0.033879116715335854,2
627,0.03380394317438299,2
628,0.03131011641711374,2
629,0.029396860228349836,2
630,0.0280518827140686,2
631,0.026116409998101865,2
632,0.024445760707262797,2
633,0.022957822185077043,2
634,0.02442949517278826,2
635,0.024029983470674064,2
636,0.022706982135381942,2
637,0.023147313059682432,2
638,0.023511307169829555,2
639,0.022020679871397542,2
640,0.022427865745246998,2
641,0.02238580084071053,2
642,0.029058527762347998,2
643,0.027028517075186356,2
644,0.02586087679555504,2
645,0.024417630408583142,2
646,0.02346435965398353,2
647,0.023186716152835213,2
648,0.021817006266922834,2
649,0.020496710657457732,2
650,0.01935111931872932,2
651,0.019532629000515313,2
652,0.0185622656547584,2
653,0.019713814880146934,2
654,0.02044718409669909,2
655,0.019289793855821365,2
656,0.018607259060862785,2
657,0.018154291794057496,2
658,0.026952039464261578,2
659,0.025610346619623796,2
660,0.024909629337893785,2
661,0.024219945270035945,2
662,0.0244559647935787,2
663,0.024521503690446436,2
664,0.02507840848399522,2
665,0.023856347544679236,2
666,0.02264124003994917,2
667,0.02147822960902613,2
668,0.021203855343730475,2
669,0.020058455059120194,2
670,0.024701647757312473,2
671,0.024581341521074725,2
672,0.023995412069397905,2
673,0.024750681730281252,2
674,0.02381165333981838,2
675,0.022838716008759027,2
676,0.02143765025896676,2
677,0.020231083136613395,2
678,0.0193641044554448,2
679,0.018787542627087987,2
680,0.019270133510707922,2
681,0.01911945902178418,2
682,0.01846965049311498,2
683,0.01807610194717493,2
684,0.01776849087134809,2
685,0.01726105210923821,2
686,0.016814098430032655,2
687,0.016059875945289015,2
688,0.0159160450023196,2
689,0.015178390549655968,2
690,0.014539250899321671,2
691,0.01449093488571846,2
692,0.014052574507368064,2
693,0.01590526742881579,2
694,0.01558360700316054,2
695,0.015099138666475562,2
696,0.014477619040044803,2
697,0.017200616018823056,2
698,0.016786276065699542,2
699,0.01653119516647251,2
700,0.016222820187762197,2
701,0.016039835848428958,2
702,0.015345474498421942,2
703,0.014778645890861235,2
704,0.014188000429396727,2
705,0.0144896647674689,2
706,0.014532909492159785,2
707,0.015373548265075417,2
708,0.014973383200891525,2
709,0.014432425352711,2
710,0.014702023356466318,2
711,0.01471454710227318,2
712,0.01426506589006124,2
713,0.013737338093602397,2
714,0.013304637932830578,2
715,0.012836361902685002,2
716,0.01297625871608779,2
717,0.013036994166200976,2
718,0.01291906544508584,2
719,0.013963962990236611,2
720,0.013455427164463947,2
721,0.013018548597941859,2
722,0.012671824834704146,2
723,0.01228233604684951,2
724,0.011948507723606654,2
725,0.012520683957457028,2
726,0.012469118053129157,2
727,0.013683759393875335,2
728,0.013547941565601266,2
729,0.013159955232608383,2
730,0.01570254807141368,2
731,0.015535753290875599,2
732,0.015457693401988614,2
733,0.015071759491763424,2
734,0.014588029942243383,2
735,0.014261077799686949,2
736,0.013674185860110212,2
737,0.013450951847725835,2
738,0.013465756804108851,2
739,0.013398735869147416,2
740,0.014922011719970022,2
741,0.014550957026044743,2
742,0.014698638702760088,2
743,0.014755725305566458,2
744,0.014625930565167486,2
745,0.014382747302348932,2
746,0.014029743551180415,2
747,0.014077878247026096,2
748,0.013803281942674741,2
749,0.013993038480153057,2
750,0.015419680737572224,2
751,0.014928402996291761,2
752,0.014694996273214819,2
753,0.01480238219650231,2
754,0.014381032310348766,2
755,0.013800554167609532,2
756,0.01329835141687103,2
757,0.012900772875283833,2
758,0.012742533159109136,2
759,0.012503234411068855,2
760,0.012349014394499631,2
761,0.012547876960078431,2
762,0.012411316733780584,2
763,0.012225199931201533,2
764,0.011976495248959855,2
765,0.011628952862632207,2
766,0.01207098548443638,2
767,0.013323008035528897,2
768,0.014442342490497508,2
769,0.014071498547847642,2
770,0.013643043984225769,2
771,0.016547983387093977,2
772,0.016032465292717225,2
773,0.018192350455705556,2
774,0.017360222352446428,2
775,0.018182130406190697,2
776,0.017461606899724674,2
777,0.0171799254685849,2
778,0.016653086592821494,2
779,0.015941458636089922,2
780,0.016823601365189417,2
781,0.016169024685661927,2
782,0.01564367017377892,2
783,0.015020805408410741,2
784,0.01451596964179038,2
785,0.013929421525362445,2
786,0.014880947687060456,2
787,0.014481363899162695,2
788,0.0140666955370471,2
789,0.014712690341593471,2
790,0.015067179335370558,2
791,0.014488516154011246,2
792,0.014521428569868391,2
793,0.01397009334900832,2
794,0.013735093603202356,2
795,0.013223333403636378,2
796,0.013229691526793496,2
797,0.013107930644198764,2
798,0.012754537733650886,2
799,0.012440391721072164,2
800,0.012177879303291467,2
801,0.012196442947201087,2
802,0.012954204484952114,2
803,0.012999576139535887,2
804,0.013205496382137121,2
805,0.013367842430433275,2
806,0.013332971685752539,2
807,0.012882890557107965,2
808,0.012543770107933042,2
809,0.012747843586308122,2
810,0.012450380973058565,2
811,0.012428752974107563,2
812,0.012256208412069277,2
813,0.012094197707866057,2
814,0.011858267759109843,2
815,0.012427394591877607,2
816,0.012536631460358664,2
817,0.013924222264451043,2
818,0.013521318231479748,2
819,0.01309379488325964,2
820,0.013138230505338336,2
821,0.013348111348050062,2
822,0.012936892874665373,2
823,0.012740863991664209,2
824,0.012780610281619177,2
825,0.012892433440982298,2
826,0.012512726108683021,2
827,0.012290849930315017,2
828,0.012765500072340685,2
829,0.01343790601717197,2
830,0.013762125918991267,2
831,0.01337902286481458,2
832,0.013414012727019614,2
833,0.013388035210561063,2
834,0.013334336134973474,2
835,0.013927829306941489,2
836,0.01375152118171625,2
837,0.013577643632198592,2
838,0.013179368673528537,2
839,0.01280814001399814,2
840,0.012581073429021022,2
841,0.012975334614312066,2
842,0.012734705281823423,2
843,0.012457095720396159,2
844,0.012115332626916919,2
845,0.012965696966438407,2
846,0.013253170138658595,2
847,0.013085912605486891,2
848,0.013414903986719438,2
849,0.019022655542923695,2
850,0.01909832751406315,2
851,0.01819527967246195,2
852,0.017447477906328297,2
853,0.017264328788975707,2
854,0.017558680639265595,2
855,0.017299293015657108,2
856,0.01663666008616253,2
857,0.016128706695918177,2
858,0.01613984521244558,2
859,0.01552138979637327,2
860,0.014917546045239033,2
861,0.014539990411992323,2
862,0.014247800190151042,2
863,0.013721008071578644,2
864,0.013759518834992155,2
865,0.013486627859181052,2
866,0.013283847756726483,2
867,0.012988095899213226,2
868,0.012650791599270968,2
869,0.01256086746160992,2
870,0.012230606870891978,2
871,0.01230716123659772,2
872,0.012370714473754103,2
873,0.01211494212292065,2
874,0.012065453560976156,2
875,0.011970731773961189,2
876,0.011716608661490437,2
877,0.011708252211695776,2
878,0.011539676515541976,2
879,0.01131824303870181,2
880,0.011072084360934905,2
881,0.012030783239590118,2
882,0.012095533248513866,2
883,0.01176310633616846,2
884,0.011560343616271255,2
885,0.011524142422445552,2
886,0.01133670634190502,2
887,0.011191067019103954,2
888,0.011022166691839539,2
889,0.011026105605826833,2
890,0.010951133412864172,2
891,0.01102852185335333,2
892,0.010799652319692741,2
893,0.011630836784532854,2
894,0.011579136004651448,2
895,0.011552233019580645,2
896,0.012440355169432066,2
897,0.012290631312402687,2
898,0.012434742200177222,2
899,0.01209779401502107,2
900,0.01196422552774335,2
901,0.0138568368551851,2
902,0.013433846803939952,2
903,0.013350625982356246,2
904,0.012934374339374954,2
905,0.012591504590824825,2
906,0.013291175850508406,2
907,0.0140804291124842,2
908,0.013919215247453123,2
909,0.013716202414822833,2
910,0.013300239773839784,2
911,0.012945554573739122,2
912,0.01272883880614505,2
913,0.012465488588008727,2
914,0.012539319554999472,2
915,0.012651852075703383,2
916,0.01250955871024142,2
917,0.01312484307105994,2
918,0.012726797335215714,2
919,0.012361066472407648,2
920,0.012367155445953376,2
921,0.012202880176477818,2
922,0.01194435623022528,2
923,0.011702702079726703,2
924,0.011403288359115782,2
925,0.011301170253857917,2
926,0.01166367248479903,2
927,0.012524246900241209,2
928,0.012796902578003725,2
929,0.012424416640609634,2
930,0.012235835556418271,2
931,0.01230378157559007,2
932,0.01222699895576792,2
933,0.012069357180532153,2
934,0.011724889889246701,2
935,0.011645405362250158,2
936,0.011850025139537894,2
937,0.01197356114037243,2
938,0.01320636625586967,2
939,0.013205463259448805,2
940,0.013458731303689641,2
941,0.013836436213379027,2
942,0.013398673653316828,2
943,0.013140508070734655,2
944,0.012877129828553067,2
945,0.012754374641655441,2
946,0.012811238458833465,2
947,0.01429816997773826,2
948,0.014282867749536219,2
949,0.014359757749306977,2
950,0.013791717680112689,2
951,0.013373499064758184,2
952,0.013045911893047513,2
953,0.012728219770142489,2
954,0.012521275852267047,2
955,0.012290679062757007,2
956,0.013386125196080479,2
957,0.013290950096347922,2
958,0.013392635537407022,2
959,0.013088650973093342,2
960,0.01288197291970404,2
961,0.012502892244230979,2
962,0.012176909860908755,2
963,0.011949212166414064,2
964,0.01169143148702825,2
965,0.011616148209162108,2
966,0.01152185426943611,2
967,0.011823459347111183,2
968,0.013919006385818819,2
969,0.014192783087713334,2
970,0.013850909962182148,2
971,0.013468228512678511,2
972,0.013151360216302855,2
973,0.013583274535573791,2
974,0.013205578126207958,2
975,0.013408809309550282,2
976,0.014193072358112097,2
977,0.013701512539643714,2
978,0.01329840870804513,2
979,0.013213688342993945,2
980,0.012996156288267518,2
981,0.012694620455946815,2
982,0.012477948459467569,2
983,0.012994986974517234,2
984,0.013139722348793329,2
985,0.012965427687144253,2
986,0.012873664988825452,2
987,0.013024790980801086,2
988,0.013032016655824099,2
989,0.012871107146362871,2
990,0.013788501104959884,2
991,0.015420181120813373,2
992,0.015006717440225803,2
993,0.014595975910507309,2
994,0.014892812682431027,2
995,0.014836653789541212,2
996,0.014360310036846529,2
997,0.017084676899203635,2
998,0.016272082521310058,2
999,0.015686350907487913,2
1000,0.015355886548643668,2
1001,0.014959158442048252,2
1002,0.01476859942885724,2
1003,0.014401326016785539,2
1004,0.01411153960990713,2
1005,0.013696799024292543,2
1006,0.013214097976883145,2
1007,0.012832887770709721,2
1008,0.012569747190222677,2
1009,0.012594675598848032,2
1010,0.012407469557038529,2
1011,0.012148744244169856,2
1012,0.012595912498921571,2
1013,0.01249763622455935,2
1014,0.013057712795581685,2
1015,0.0127245959812554,2
1016,0.012802577483233272,2
1017,0.012535784936333349,2
1018,0.012278927355699732,2
1019,0.012488539662129367,2
1020,0.013555635932109962,2
1021,0.013114110198143417,2
1022,0.013355208418772704,2
1023,0.013367219408435377,2
1024,0.01325155502142196,2
1025,0.013143558296863835,2
1026,0.012812581414567257,2
1027,0.012970224715142446,2
1028,0.012888462088053556,2
1029,0.012731417679894889,2
1030,0.012573145187630275,2
1031,0.012200449832062619,2
1032,0.01222254653023702,2
1033,0.012982284190087191,2
1034,0.01260374692712892,2
1035,0.01237697647610802,2
1036,0.012059911370301714,2
1037,0.012412190614221814,2
1038,0.012123424078416815,2
1039,0.014973077357334377,2
1040,0.014362746233425207,2
1041,0.014225149520480313,2
1042,0.01422502959328913,2
1043,0.015909517065979813,2
1044,0.016135001425950517,2
1045,0.016141780779271236,2
1046,0.016497864327241714,2
1047,0.01602113324494247,2
1048,0.01572046354365709,2
1049,0.01503331301675604,2
1050,0.01484186179117985,2
1051,0.014251198282245775,2
1052,0.014094882430333737,2
1053,0.013745705156196485,2
1054,0.013548539133694582,2
1055,0.013314578038381633,2
1056,0.013759792503927169,2
1057,0.013585736883850737,2
1058,0.013190313775832031,2
1059,0.012854517641700213,2
1060,0.012444485375093808,2
1061,0.012241196275695723,2
1062,0.012092285412047167,2
1,0.005728718093008583,10
2,0.005748374559908708,10
3,0.005687659620181365,10
4,0.005641851780303789,10
5,0.005585821723111695,10
6,0.005525865862129134,10
7,0.0056412989457396805,10
8,0.005603358101814816,10
9,0.005547110093026685,10
10,0.00552616786701971,10
11,0.005501043442756339,10
12,0.005476579957384074,10
13,0.005431348875427136,10
14,0.005449678316585034,10
15,0.005463448389092097,10
16,0.0054269741367887515,10
17,0.005410077523732235,10
18,0.005420559825338777,10
19,0.0054200912902117124,10
20,0.005574006190196958,10
21,0.0055595883509153505,10
22,0.005499182769994675,10
23,0.00552134556444497,10
24,0.005461925206186827,10
25,0.0054207900721427865,10
26,0.005364644536880892,10
27,0.005372345896752873,10
28,0.005320251320348521,10
29,0.005325168450165646,10
30,0.005311117626922975,10
31,0.005333266183777877,10
32,0.005304731831002625,10
33,0.005525344040944654,10
34,0.0057678437964889355,10
35,0.005707353010460038,10
36,0.005617630127501036,10
37,0.005725546593765114,10
38,0.005673067831521115,10
39,0.005722188160151305,10
40,0.005696245262729489,10
41,0.005742113444968841,10
42,0.005791236700786631,10
43,0.005821819249051059,10
44,0.005845055088212466,10
45,0.005864528168434789,10
46,0.0058304205072927245,10
47,0.0059238308679544225,10
48,0.00582954330386789,10
49,0.005839624307848108,10
50,0.005795952273454867,10
51,0.005729000627439273,10
52,0.005665562427038508,10
53,0.0056681018529444885,10
54,0.005682560709649424,10
55,0.005911660475249209,10
56,0.0058533032768356,10
57,0.005746850562228364,10
58,0.005685067395020717,10
59,0.005618757248007004,10
60,0.005543278583917107,10
61,0.005488506939280036,10
62,0.0054521497639795245,10
63,0.005400693098342215,10
64,0.005541563879837629,10
65,0.005539531645628738,10
66,0.005760381741417838,10
67,0.005840356303135045,10
68,0.005780904731641798,10
69,0.0057245955476349746,10
70,0.005674811417684611,10
71,0.005634791902663808,10
72,0.005603126595327469,10
73,0.005766303893468419,10
74,0.0057960064968446525,10
75,0.006193679445677193,10
76,0.006138156185223332,10
77,0.006055359623644821,10
78,0.006773875418176391,10
79,0.008033752319827399,10
80,0.010011128174863286,10
81,0.00958602548353394,10
82,0.009965779785049516,10
83,0.009907811268338637,10
84,0.009634939399142822,10
85,0.009253097156274362,10
86,0.009125749957979629,10
87,0.00915100259645942,10
88,0.008794760586593849,10
89,0.00856897844530761,10
90,0.008298202486703607,10
91,0.007946371012569587,10
92,0.008230151847707874,10
93,0.008044711733383383,10
94,0.007938265338035076,10
95,0.008011880925334704,10
96,0.008321301486888515,10
97,0.008075093052174503,10
98,0.007968392819619391,10
99,0.007900699638076021,10
100,0.0076571956313989074,10
101,0.0074070622833957165,10
102,0.007538976109888538,10
103,0.007429910007259506,10
104,0.0071992954231829935,10
105,0.0070481942531794,10
106,0.006819502332923772,10
107,0.006682651864823478,10
108,0.007094718472865455,10
109,0.006888469899371036,10
110,0.006683552878741733,10
111,0.007341304409128847,10
112,0.008318620462143806,10
113,0.008172566928661472,10
114,0.008020750737321426,10
115,0.007888863746927745,10
116,0.007756944457678115,10
117,0.007798226400457476,10
118,0.0077296836212253734,10
119,0.00761220198885542,10
120,0.007782227959100474,10
121,0.007851316242867884,10
122,0.007634518873648845,10
123,0.007721414989197315,10
124,0.007488355362537159,10
125,0.007269381251908636,10
126,0.007047423863504133,10
127,0.006986947545770474,10
128,0.0069054914567473966,10
129,0.00679246048328052,10
130,0.006693431878915943,10
131,0.006838103369424808,10
132,0.006685059008848719,10
133,0.006567367593693009,10
134,0.006539599115346713,10
135,0.006516464628125658,10
136,0.0064410132071551504,10
137,0.006444931317274903,10
138,0.006409463695030668,10
139,0.0063313085161222915,10
140,0.006284623794422793,10
141,0.0063502240350167835,10
142,0.006202759367348618,10
143,0.006170801123180804,10
144,0.006080507068935444,10
145,0.006225747445252892,10
146,0.0062457745288485465,10
147,0.006136532771975826,10
148,0.006434184702379586,10
149,0.0063411267141462715,10
150,0.0062201949226132714,10
151,0.00611867674927469,10
152,0.006073434486782188,10
153,0.005964517021624955,10
154,0.006000466689998266,10
155,0.005885071312386339,10
156,0.0058090182840735164,10
157,0.006032915150339124,10
158,0.006290614461549521,10
159,0.006264743787164479,10
160,0.006335687538057429,10
161,0.00644246488277836,10
162,0.006284807537888052,10
163,0.006248848296542785,10
164,0.006163399545336075,10
165,0.00612099453718235,10
166,0.006012040425720376,10
167,0.0058956288159776726,10
168,0.005904929953611148,10
169,0.005868197368748165,10
170,0.005823942763852229,10
171,0.005906658581143512,10
172,0.006104033795665296,10
173,0.006058056155768857,10
174,0.0061021418133419564,10
175,0.0060719031629356155,10
176,0.006426806079151508,10
177,0.006292274193043991,10
178,0.00632717578792772,10
179,0.0062411219206532425,10
180,0.006223255145649742,10
181,0.006363201579305046,10
182,0.006344068655386153,10
183,0.006433793516755771,10
184,0.0066710041566863335,10
185,0.006647701456822294,10
186,0.006508020965218073,10
187,0.006730882793126428,10
188,0.006721550859089754,10
189,0.006587249103094918,10
190,0.006485153545087212,10
191,0.006341663282183965,10
192,0.0061941033079249575,10
193,0.0061419007096939725,10
194,0.006117332672058525,10
195,0.006007025026515282,10
196,0.006048303064020615,10
197,0.006086247656153781,10
198,0.006112052866357625,10
199,0.006107908414814692,10
200,0.006037221568297492,10
201,0.0060797900358841965,10
202,0.00611143723534138,10
203,0.006256681377263054,10
204,0.0061588328274604365,10
205,0.006021890670359009,10
206,0.0059726160876546535,10
207,0.00584927689364477,10
208,0.005735161239955152,10
209,0.0061604377693363875,10
210,0.006367024068568288,10
211,0.006424121132810636,10
212,0.0065461809605202965,10
213,0.006612147456456057,10
214,0.006507329562969743,10
215,0.006393507754491046,10
216,0.006269809479253042,10
217,0.006220571298912092,10
218,0.00615880337712782,10
219,0.006162519594703585,10
220,0.006273627124356029,10
221,0.006145057163133529,10
222,0.006079423773148808,10
223,0.00603547626632048,10
224,0.005992402125072094,10
225,0.006132905652044755,10
226,0.006365856951372414,10
227,0.006302043305331457,10
228,0.006273132061390618,10
229,0.006178284533961604,10
230,0.006056906352444037,10
231,0.0060272620881239095,10
232,0.006086883914252003,10
233,0.00603678174499932,10
234,0.0060323870538835575,10
235,0.006017238975426546,10
236,0.006075624601479025,10
237,0.006186995975228304,10
238,0.006133819945349635,10
239,0.006141849544445118,10
240,0.006078728522539315,10
241,0.005995189234012824,10
242,0.005936862418095531,10
243,0.005961763490898607,10
244,0.005873883074427505,10
245,0.00587010810515584,10
246,0.005833456559423103,10
247,0.006207202474010009,10
248,0.006188258479670541,10
249,0.006239671792625051,10
250,0.006272565188393046,10
251,0.006882505134443061,10
252,0.009151906255492717,10
253,0.008736376449753131,10
254,0.008435423639958311,10
255,0.00873368848724111,10
256,0.008522077225538677,10
257,0.008322248879655719,10
258,0.008041807541191723,10
259,0.007966182203772066,10
260,0.008216381477027846,10
261,0.008502222372052877,10
262,0.008640373162258411,10
263,0.00884452311162682,10
264,0.008613951880543797,10
265,0.008645957654030412,10
266,0.008475031873686471,10
267,0.008357195535833346,10
268,0.008124741794946393,10
269,0.008048749227514716,10
270,0.007869675863467845,10
271,0.008319124064485296,10
272,0.008055422890226404,10
273,0.00799859119340499,10
274,0.008063642825142294,10
275,0.00803746190318408,10
276,0.007946031897660185,10
277,0.007692847439878165,10
278,0.007597712952666505,10
279,0.007365521249655271,10
280,0.008062637772373992,10
281,0.007861045964388207,10
282,0.00767846094295768,10
283,0.007671029118458261,10
284,0.007478794911949042,10
285,0.007520208532141555,10
286,0.007471117890991036,10
287,0.007376514250880252,10
288,0.00769953688925807,10
289,0.008306042678749398,10
290,0.009132698089566639,10
291,0.009046029669936489,10
292,0.009145951212692119,10
293,0.008813403084164867,10
294,0.008870744142640895,10
295,0.008520290484326802,10
296,0.009126265732963509,10
297,0.009849805270499693,10
298,0.009597565219482138,10
299,0.009341512127658273,10
300,0.009506948910910517,10
301,0.009381433469911283,10
302,0.00976567652336015,10
303,0.009925991682465319,10
304,0.009927257904748694,10
305,0.009970762691596637,10
306,0.009613681385185913,10
307,0.00952751831944113,10
308,0.00920784278154096,10
309,0.010011736002875542,10
310,0.009891699535096526,10
311,0.009594512261157139,10
312,0.009591979158001357,10
313,0.00921954105451936,10
314,0.00882334563598907,10
315,0.00869728780716707,10
316,0.008515844335570495,10
317,0.008164123658575042,10
318,0.007934251335944257,10
319,0.008158615513475352,10
320,0.008170203422769723,10
321,0.007864984399886053,10
322,0.0076184212540705756,10
323,0.0076067232546796915,10
324,0.007470100404701378,10
325,0.007246583146406332,10
326,0.007201314921823923,10
327,0.007604493973964778,10
328,0.0073397105136850625,10
329,0.0071278977419632844,10
330,0.0070839615792687785,10
331,0.006899605488754711,10
332,0.0070158821526655766,10
333,0.006972158768498504,10
334,0.006790562129711959,10
335,0.00712701005964171,10
336,0.006939164316173736,10
337,0.006802775899076358,10
338,0.006891822507205413,10
339,0.006833874666000355,10
340,0.006795775342614273,10
341,0.006638129645466813,10
342,0.006682803517263184,10
343,0.006569179145354073,10
344,0.0064220195328578205,10
345,0.006279285150966123,10
346,0.006286156640605029,10
347,0.0063145194736532505,10
348,0.006254773393740411,10
349,0.006139876447987384,10
350,0.006144808176122802,10
351,0.006349502972693116,10
352,0.006431294111491105,10
353,0.006790910033121404,10
354,0.006736414958672346,10
355,0.006633715222237879,10
356,0.006477312833584025,10
357,0.00653048717202344,10
358,0.006461776381931578,10
359,0.006407213989851102,10
360,0.006433872136927781,10
361,0.006584833152259526,10
362,0.007051790405157888,10
363,0.0072455188603557435,10
364,0.0072654068286354375,10
365,0.007124955355657771,10
366,0.006944663334125178,10
367,0.00689938538900223,10
368,0.00706372931816763,10
369,0.006849086930452906,10
370,0.0068701133809810295,10
371,0.006719729294980962,10
372,0.006618818045194152,10
373,0.006448766025252842,10
374,0.006421852691791782,10
375,0.006272348255580186,10
376,0.0062729666412319595,10
377,0.006297054873788428,10
378,0.006199170543688218,10
379,0.006177012118573447,10
380,0.006187671618876727,10
381,0.006112176193836791,10
382,0.006007930008187201,10
383,0.006066814553352974,10
384,0.005992450701276415,10
385,0.006018193633063283,10
386,0.005992082712002036,10
387,0.005886613698901953,10
388,0.0058426449829463,10
389,0.005883253203933394,10
390,0.005910470613478479,10
391,0.005958620146895466,10
392,0.006199828329697588,10
393,0.006583177434716108,10
394,0.006589861263178112,10
395,0.006779976093575609,10
396,0.006653362485185898,10
397,0.007099059568207175,10
398,0.007050512447275108,10
399,0.006897466528101901,10
400,0.006833211363778672,10
401,0.006737548511357266,10
402,0.006790356112321221,10
403,0.006715514978882898,10
404,0.006608787533894895,10
405,0.006682320099599383,10
406,0.0065443972013055005,10
407,0.006685480267668997,10
408,0.006841290148645885,10
409,0.006701284924170359,10
410,0.00674213637265978,10
411,0.006778519769563504,10
412,0.006907667392484511,10
413,0.0070006956942627084,10
414,0.00682081189059309,10
415,0.006860620796025545,10
416,0.0067929381637214835,10
417,0.006727568265150288,10
418,0.006572854317048482,10
419,0.00647410408952668,10
420,0.006386280562431269,10
421,0.00626998197472817,10
422,0.006459650327784054,10
423,0.00666536171642218,10
424,0.006894747047464118,10
425,0.00673541884468089,10
426,0.006589881216776721,10
427,0.006562576252688736,10
428,0.006570408149593491,10
429,0.006541542077688692,10
430,0.0065315205758067416,10
431,0.0065076652483744704,10
432,0.00634541102112107,10
433,0.006401937424651179,10
434,0.006317026740438503,10
435,0.0064790467691470234,10
436,0.00635465632156574,10
437,0.006243792103793368,10
438,0.006128213231442567,10
439,0.006157645625139453,10
440,0.006035942135495403,10
441,0.005988506712293678,10
442,0.0059908420361189495,10
443,0.005996523429030919,10
444,0.006005935176331362,10
445,0.005969045083200039,10
446,0.00592579047477313,10
447,0.005901723795514129,10
448,0.005885163513658003,10
449,0.005828799710886198,10
450,0.005738586760682054,10
451,0.005813986712122103,10
452,0.005979603961023675,10
453,0.006091770167932539,10
454,0.006516186665649518,10
455,0.007903031772529984,10
456,0.007984261747114882,10
457,0.0077864490910648995,10
458,0.008037771390432814,10
459,0.007900910659343527,10
460,0.007788062643772075,10
461,0.007857276304808841,10
462,0.008405755506823674,10
463,0.008328922865195137,10
464,0.008237868451289638,10
465,0.008169180127475733,10
466,0.00798862561541961,10
467,0.007824411154880343,10
468,0.007581329864099652,10
469,0.007777075597184071,10
470,0.007841812400598816,10
471,0.007613294611333373,10
472,0.00737172276473196,10
473,0.007282259670810738,10
474,0.007321261252457066,10
475,0.007169179082813802,10
476,0.007297577112693096,10
477,0.00738816984087238,10
478,0.007200036581483775,10
479,0.007136892826630392,10
480,0.006998363739571173,10
481,0.007067838634434631,10
482,0.006890030163128695,10
483,0.006733211720985012,10
484,0.006660403250093412,10
485,0.00647813576712787,10
486,0.006292691358120923,10
487,0.006197635552943743,10
488,0.00615238031459737,10
489,0.006082951432818954,10
490,0.006053611929678733,10
491,0.0061074126744290564,10
492,0.0059693630384784575,10
493,0.005977608541515997,10
494,0.005927012326298967,10
495,0.006240437148959445,10
496,0.007097136941576176,10
497,0.007020883360150494,10
498,0.007058888620508011,10
499,0.0068528735020660725,10
500,0.006979326438754044,10
501,0.00685594314000161,10
502,0.006707600173332779,10
503,0.007098356366764303,10
504,0.0068825083696182395,10
505,0.006910391715035507,10
506,0.006738949878543107,10
507,0.006550021697750929,10
508,0.006414211155998996,10
509,0.006349657573227438,10
510,0.00623052816929098,10
511,0.0060996749441598296,10
512,0.006030625157905585,10
513,0.005924311337390098,10
514,0.0058775282586453785,10
515,0.005859974897767057,10
516,0.005798319516265718,10
517,0.0058058985707959265,10
518,0.005988685641763311,10
519,0.006039408504575612,10
520,0.005971456979109659,10
521,0.005849184692957353,10
522,0.0057614673417914,10
523,0.005709571636558954,10
524,0.005734383645237107,10
525,0.0056430853570934875,10
526,0.005653036518418431,10
527,0.005606624010916726,10
528,0.00597321434430019,10
529,0.005851181352129536,10
530,0.005872483375707747,10
531,0.00592995908550533,10
532,0.0058692967549004325,10
533,0.005787702603032229,10
534,0.005895000791337299,10
535,0.005813351145784591,10
536,0.005764354898823744,10
537,0.0058622863927760525,10
538,0.006038143287794205,10
539,0.0060987666924514315,10
540,0.006099612447001568,10
541,0.005972290281598577,10
542,0.006028789093393114,10
543,0.00593749608415793,10
544,0.005817156783962148,10
545,0.005768614459436019,10
546,0.005960806953029045,10
547,0.00605533069999007,10
548,0.006201228119445635,10
549,0.006100290389855411,10
550,0.0059899360601922205,10
551,0.0058747674577443836,10
552,0.005856279028438313,10
553,0.005756004714907703,10
554,0.005654508358852508,10
555,0.005596314562885994,10
556,0.005567655491909295,10
557,0.00558994949849783,10
558,0.005540336083513914,10
559,0.005700783807334001,10
560,0.0058035451054642435,10
561,0.005806284182643647,10
562,0.00573293243044199,10
563,0.005702880733847634,10
564,0.005824359637021693,10
565,0.005781419490494636,10
566,0.005800756848739804,10
567,0.00572623095703538,10
568,0.005700644904502119,10
569,0.005759693519450121,10
570,0.005713877630407594,10
571,0.005758579420587257,10
572,0.005702455167602674,10
573,0.005728368799931534,10
574,0.005881356334328964,10
575,0.0067898964694563056,10
576,0.006772645810892182,10
577,0.006609689383502794,10
578,0.006651115583883514,10
579,0.007036410050078394,10
580,0.006931339058569036,10
581,0.0070566736366636995,10
582,0.007266138045038199,10
583,0.007260413020796624,10
584,0.007228801670802954,10
585,0.007030075213100151,10
586,0.0069452376572643896,10
587,0.006787540829591429,10
588,0.006638090483047679,10
589,0.006458794206579557,10
590,0.0064997956482861115,10
591,0.006390824327501042,10
592,0.006414835955258762,10
593,0.006454638851977852,10
594,0.008127386999404705,10
595,0.00898466343842914,10
596,0.009571594627095854,10
597,0.0097978506936632,10
598,0.010792545117414731,10
599,0.011014340286656947,10
600,0.010733758677115905,10
601,0.010575518782253159,10
602,0.01060000325542345,10
603,0.01127593245137235,10
604,0.013281863672467083,10
605,0.013148051169695424,10
606,0.013545443750782739,10
607,0.015002241860263912,10
608,0.01645680796117493,10
609,0.016045827192864147,10
610,0.01603634308017057,10
611,0.016505756158601288,10
612,0.016514547459795862,10
613,0.01693390691530123,10
614,0.0160606960797287,10
615,0.01754489214169173,10
616,0.018221917805491913,10
617,0.018349044354163714,10
618,0.019041691916469466,10
619,0.018545507340772874,10
620,0.01789886467267034,10
621,0.018614651277009474,10
622,0.01791703442049539,10
623,0.017052572450329057,10
624,0.017802425158027678,10
625,0.017571834927643318,10
626,0.01706518210847075,10
627,0.016092098508276764,10
628,0.015065308796059869,10
629,0.015474075844083172,10
630,0.015240404536464084,10
631,0.014490231985967853,10
632,0.014362354416614887,10
633,0.013464037511118777,10
634,0.014563909306754259,10
635,0.014074557812658702,10
636,0.013266862657416325,10
637,0.012483958235060846,10
638,0.01273323992258944,10
639,0.012118979159270855,10
640,0.011840453036586058,10
641,0.0113670112104112,10
642,0.012158669835492419,10
643,0.01180604780779292,10
644,0.011497728662363179,10
645,0.010977103997576268,10
646,0.010416033588905315,10
647,0.010728926171294818,10
648,0.010323027288574075,10
649,0.010079659788512685,10
650,0.010014247094600187,10
651,0.009819811619367872,10
652,0.00931981545278275,10
653,0.00945577978456827,10
654,0.0094352758064747,10
655,0.009359973269991051,10
656,0.009203986974252893,10
657,0.009362651615332961,10
658,0.009387949357319568,10
659,0.00903743774859275,10
660,0.009278900314181703,10
661,0.009067627400371453,10
662,0.008857207632328298,10
663,0.008669979421466441,10
664,0.008795764587061976,10
665,0.008596750627565526,10
666,0.009355724803927244,10
667,0.009154575558533332,10
668,0.008825363652686043,10
669,0.00864933986794757,10
670,0.01120096546520903,10
671,0.011054612925085222,10
672,0.011441334974053469,10
673,0.01271441627131407,10
674,0.012077375019761293,10
675,0.011428593789892397,10
676,0.01088039381174166,10
677,0.010317865668849957,10
678,0.010198719224104744,10
679,0.011021059216689054,10
680,0.010604956875803175,10
681,0.010401741951931175,10
682,0.01008585754219893,10
683,0.00982795539170635,10
684,0.00937677380433073,10
685,0.009881821351312074,10
686,0.010457315079976971,10
687,0.010331520651359402,10
688,0.009903687701857653,10
689,0.00973242470734392,10
690,0.009323517909855956,10
691,0.009481615240125092,10
692,0.009191898715054492,10
693,0.00948772997277263,10
694,0.009493691981287387,10
695,0.009058281569876984,10
696,0.009113217880882785,10
697,0.009090384339408217,10
698,0.008647751122013084,10
699,0.008422526740733925,10
700,0.008632339787497667,10
701,0.008446515028202048,10
702,0.00809202539303607,10
703,0.008036166925784897,10
704,0.008154822166314284,10
705,0.00823217373304614,10
706,0.008081125624496763,10
707,0.007982180448018275,10
708,0.007855330397676694,10
709,0.0076337012488922424,10
710,0.007954569443306019,10
711,0.007840178839211951,10
712,0.007745204750503396,10
713,0.0077770935216078686,10
714,0.007593455368999346,10
715,0.007319675649091459,10
716,0.007149906554293824,10
717,0.006986944395284166,10
718,0.006756427701446289,10
719,0.007285143791125205,10
720,0.007132346014281876,10
721,0.007488893717420155,10
722,0.00727005041070941,10
723,0.007307832069392812,10
724,0.007065715615974834,10
725,0.006881467147468869,10
726,0.006828357380569257,10
727,0.006979844929277611,10
728,0.00734074295248623,10
729,0.00794308723027007,10
730,0.008217263893333847,10
731,0.008183465374565314,10
732,0.00818568787021732,10
733,0.008096718606162302,10
734,0.007892634758994328,10
735,0.008016297333089693,10
736,0.007756039810315696,10
737,0.007558960538668648,10
738,0.007491036729427446,10
739,0.007351181423339163,10
740,0.008304450418376377,10
741,0.008168764625225044,10
742,0.008231024956358333,10
743,0.008484175760172628,10
744,0.008374183934834047,10
745,0.008517635795468255,10
746,0.008224123862623351,10
747,0.008161242457945092,10
748,0.0079106699871676,10
749,0.008004621315281709,10
750,0.008500420644319554,10
751,0.00834310300633416,10
752,0.00825554145414253,10
753,0.008154921859430052,10
754,0.007948174478271916,10
755,0.007945896773877182,10
756,0.007820435276817512,10
757,0.007553836408878487,10
758,0.007700750331345737,10
759,0.00749018452065174,10
760,0.007483915436778613,10
761,0.0072964015887208395,10
762,0.007154030818737033,10
763,0.007206873439741337,10
764,0.006947516452255689,10
765,0.007273297694408692,10
766,0.007265563812584883,10
767,0.008018125085460686,10
768,0.008040009882883068,10
769,0.008452373001240942,10
770,0.00886148976212454,10
771,0.009412834553508507,10
772,0.009712894996444345,10
773,0.011029005162324884,10
774,0.010678513777977117,10
775,0.010629897803710493,10
776,0.0104153003972051,10
777,0.010236303011516169,10
778,0.009868830772584622,10
779,0.009579365551317083,10
780,0.009646942036028486,10
781,0.009339589789880707,10
782,0.009124029866580891,10
783,0.00882872540505386,10
784,0.008548977985891366,10
785,0.008323374338364819,10
786,0.00839381867447737,10
787,0.008136891075395286,10
788,0.008231805908582187,10
789,0.008421052355429125,10
790,0.008409867723051849,10
791,0.008112549150047619,10
792,0.007851598805877429,10
793,0.007806326931874283,10
794,0.00756985643498476,10
795,0.007270518646145298,10
796,0.00726903355310079,10
797,0.006973907370484725,10
798,0.0068262848787233234,10
799,0.006789705095328359,10
800,0.006809903011758091,10
801,0.006772319140097715,10
802,0.006855421905798477,10
803,0.006725305243000053,10
804,0.006910222390277752,10
805,0.006998809613733995,10
806,0.0070100284730253105,10
807,0.006834104634831974,10
808,0.006727391314886477,10
809,0.0068818873614011,10
810,0.006818811889514741,10
811,0.0067303282080813445,10
812,0.006933928187957182,10
813,0.006834385984008772,10
814,0.007125907665767685,10
815,0.007337072347904912,10
816,0.007537085865216158,10
817,0.007509701529874558,10
818,0.007336418146837898,10
819,0.00709554707805319,10
820,0.0069623697152399085,10
821,0.0069577808969628115,10
822,0.007021370116965223,10
823,0.006984594268527729,10
824,0.006881820602952676,10
825,0.006757738560034004,10
826,0.006690476737757855,10
827,0.006566037303717114,10
828,0.007807723075533883,10
829,0.007822142632124196,10
830,0.008668367648051161,10
831,0.008557267221239735,10
832,0.008447313614382921,10
833,0.008311214017260935,10
834,0.008108869946246258,10
835,0.007994644541426225,10
836,0.007994512655241467,10
837,0.007685358041554712,10
838,0.007392767157257259,10
839,0.007219706693989015,10
840,0.007019788520797905,10
841,0.0070519033037057845,10
842,0.0070378746013337115,10
843,0.007013735039705953,10
844,0.007099004957452854,10
845,0.007250946185297971,10
846,0.0070548164557137135,10
847,0.007225460091704826,10
848,0.007459506402721597,10
849,0.009019135278327579,10
850,0.009677769480886153,10
851,0.00933753527758901,10
852,0.009226000177890952,10
853,0.009349521844322575,10
854,0.009641402242926636,10
855,0.009572579140202382,10
856,0.009389279576689374,10
857,0.009176392405255957,10
858,0.008985277431814978,10
859,0.008749127320949911,10
860,0.008445079695295024,10
861,0.008193889387246384,10
862,0.007908361330755505,10
863,0.007728500663429787,10
864,0.007535254591708816,10
865,0.007401120664595228,10
866,0.0076603456476951074,10
867,0.007645851555925208,10
868,0.007584793031122651,10
869,0.008078433035589448,10
870,0.007734634960613519,10
871,0.007567585398286278,10
872,0.007337542994278899,10
873,0.007236250702407912,10
874,0.007285344840229854,10
875,0.007065122661013104,10
876,0.006825174393079325,10
877,0.006698139355320418,10
878,0.006581921416810084,10
879,0.0064170385946588845,10
880,0.006290288504247582,10
881,0.006404896200744399,10
882,0.006526860926586394,10
883,0.006461281909934642,10
884,0.0063412901126899904,10
885,0.006538769800724016,10
886,0.006720254862171407,10
887,0.006772878126927077,10
888,0.006696388984913312,10
889,0.0065543006415574685,10
890,0.006431812636061892,10
891,0.006302234694782609,10
892,0.006221960622465009,10
893,0.006648687361940793,10
894,0.0067471757684941566,10
895,0.006871371724670085,10
896,0.006794190263572268,10
897,0.006894571009806694,10
898,0.00684884908573852,10
899,0.006823379267537008,10
900,0.007357996712345975,10
901,0.00865448832561157,10
902,0.008619342821631544,10
903,0.0087635097152959,10
904,0.008413851577180352,10
905,0.008209013852362498,10
906,0.008156095670373896,10
907,0.008350319053018015,10
908,0.008032495702248323,10
909,0.007728795624083024,10
910,0.007748201501506387,10
911,0.0074726336675882046,10
912,0.007202592306673617,10
913,0.006921593268329449,10
914,0.006979551779405589,10
915,0.006740705120664707,10
916,0.006636373653052207,10
917,0.006706770814331155,10
918,0.006529257599669108,10
919,0.006348426683455503,10
920,0.006347868601682222,10
921,0.006374186445064133,10
922,0.0062393434008708925,10
923,0.006243255369211579,10
924,0.006139448234394552,10
925,0.006321251220339156,10
926,0.006643987054800439,10
927,0.007611925181595111,10
928,0.007760004467223858,10
929,0.00749241829083535,10
930,0.007339650274155838,10
931,0.007359166794889759,10
932,0.007206283830193622,10
933,0.007055564499615694,10
934,0.006835011671917717,10
935,0.006730299722423151,10
936,0.006628862132419333,10
937,0.006598709423299838,10
938,0.006828240812598171,10
939,0.006654124892307498,10
940,0.007381696364464778,10
941,0.007864018205851253,10
942,0.0075355325410305695,10
943,0.0073792549336021175,10
944,0.00712173071206846,10
945,0.007092580418208191,10
946,0.007217525715559669,10
947,0.008253560663547318,10
948,0.008366121217772037,10
949,0.008150036440925695,10
950,0.007866013798420304,10
951,0.007835631628412838,10
952,0.007843230897291425,10
953,0.0076210068494414656,10
954,0.007323258524748377,10
955,0.00715743669998716,10
956,0.0072568403021841706,10
957,0.007029188310360803,10
958,0.007405715544198242,10
959,0.007416282065591209,10
960,0.007264964430437277,10
961,0.007123084263193359,10
962,0.006873954190056299,10
963,0.006785942672132884,10
964,0.0067272820230686045,10
965,0.006549078238251822,10
966,0.006417950709309714,10
967,0.006340368681978698,10
968,0.0068086505570493045,10
969,0.007126735145191047,10
970,0.007258807008051718,10
971,0.007183595692034199,10
972,0.007241563379728471,10
973,0.007051807518079053,10
974,0.006840690377571545,10
975,0.007026679666796536,10
976,0.007150804144460628,10
977,0.006976747574854265,10
978,0.00680808377252742,10
979,0.0067253891213520855,10
980,0.0067360021074240805,10
981,0.006744631728535271,10
982,0.006709935393242572,10
983,0.00674440225915516,10
984,0.007016322402738116,10
985,0.006789453357129859,10
986,0.007192614140339398,10
987,0.007137577605693001,10
988,0.006840229190267789,10
989,0.006712722181125174,10
990,0.006894465094852035,10
991,0.006776187776328776,10
992,0.006674160252420232,10
993,0.00655135433537524,10
994,0.008715118154095968,10
995,0.00833709324679489,10
996,0.008173090230362199,10
997,0.007788773557959701,10
998,0.007478775199379445,10
999,0.00720656558804871,10
1,0.004116452716036518,30
2,0.00407989446599572,30
3,0.004054405515408628,30
4,0.00404763196806934,30
5,0.004002030481141335,30
6,0.004048988367885026,30
7,0.0040110610449213165,30
8,0.00399401443189771,30
9,0.003958716395325361,30
10,0.0039328050323113595,30
11,0.0039243259020566995,30
12,0.0038993303852405746,30
13,0.0038942020720560237,30
14,0.003907759345587847,30
15,0.003937456620638468,30
16,0.003918094734815047,30
17,0.003986547486350857,30
18,0.003966219436394747,30
19,0.003998753577729547,30
20,0.0040183041151884945,30
21,0.003981276438401219,30
22,0.0039554853722255584,30
23,0.003936508216249407,30
24,0.003906942237949235,30
25,0.004101331149327586,30
26,0.004238186561728886,30
27,0.004132516953921905,30
28,0.0041716426525929325,30
29,0.004092155550907019,30
30,0.004251082661206429,30
31,0.004246102784403714,30
32,0.00421560364598617,30
33,0.004246192157435492,30
34,0.004268937617931286,30
35,0.0043165682850826005,30
36,0.004256184375007207,30
37,0.0042670652397816845,30
38,0.004214798686919759,30
39,0.00416076228897512,30
40,0.004118225345402402,30
41,0.004129860400376318,30
42,0.004200915204068806,30
43,0.00431875037691309,30
44,0.004341264448972363,30
45,0.004273000049064821,30
46,0.004224659936082018,30
47,0.004155373866957749,30
48,0.004039421593327985,30
49,0.004026053254294449,30
50,0.004087943194343583,30
51,0.00423183921738069,30
52,0.004261900486141487,30
53,0.004210506876093131,30
54,0.004184356362528341,30
55,0.004213424878453346,30
56,0.004159107213740047,30
57,0.004250939331150351,30
58,0.004349783538264867,30
59,0.004549839303073185,30
60,0.00452975972302719,30
61,0.005055282699244217,30
62,0.005592720861525774,30
63,0.00641732889370071,30
64,0.0063749109463120705,30
65,0.006426790706336367,30
66,0.006366506172056195,30
67,0.006332128508506614,30
68,0.006232391173024545,30
69,0.006089958573817302,30
70,0.006302470527977689,30
71,0.006126601694358389,30
72,0.006050841754990133,30
73,0.005883504416721243,30
74,0.00569001287027421,30
75,0.005888689790853144,30
76,0.005792215550103553,30
77,0.0058707926529675426,30
78,0.005963097709716726,30
79,0.005987375163595234,30
80,0.005880582466310144,30
81,0.005801053763168458,30
82,0.005715700322865631,30
83,0.005561181813597481,30
84,0.005398173597158488,30
85,0.005471518830060042,30
86,0.005222912019002381,30
87,0.005174476669858636,30
88,0.005024983281959393,30
89,0.00489999644347709,30
90,0.005189263682718789,30
91,0.005042368371851684,30
92,0.004949639986661982,30
93,0.005180811476911797,30
94,0.005687353736035674,30
95,0.0055313096148015386,30
96,0.005493490110907549,30
97,0.005560996525429779,30
98,0.005460055746833191,30
99,0.005537089401164906,30
100,0.005512288128316644,30
101,0.005559805628152556,30
102,0.005497964714859462,30
103,0.005401579436575131,30
104,0.00538169239313648,30
105,0.005254452028908975,30
106,0.005209382499914149,30
107,0.005089119460621406,30
108,0.005006912644244543,30
109,0.0049331608509302705,30
110,0.005000605076374052,30
111,0.005029871277972944,30
112,0.004902497144951206,30
113,0.00479191553649163,30
114,0.004762574171237945,30
115,0.004686588266670475,30
116,0.004675818012744091,30
117,0.004736279252925303,30
118,0.004703935375495075,30
119,0.004727301703588864,30
120,0.004668400279954232,30
121,0.004745641590687044,30
122,0.004640305766453835,30
123,0.004589599737436239,30
124,0.0046180407369505305,30
125,0.004591026650229042,30
126,0.0044824643059460855,30
127,0.004582796125359119,30
128,0.00448014486847161,30
129,0.004422206268420914,30
130,0.0044332928403538335,30
131,0.004284482090859824,30
132,0.004359485920428377,30
133,0.0045873631389865745,30
134,0.004602385978529929,30
135,0.004621842353256719,30
136,0.0047033465614964454,30
137,0.004587598868823375,30
138,0.004534498275537148,30
139,0.004503938490928806,30
140,0.0044683101452415675,30
141,0.004373113815262023,30
142,0.004291058027164615,30
143,0.004284918406242485,30
144,0.004319685032538578,30
145,0.004334207234656244,30
146,0.0043790716080051315,30
147,0.004632209541888889,30
148,0.004541164888365767,30
149,0.004589393136354819,30
150,0.004522271528265269,30
151,0.004441387230113871,30
152,0.0044630276696488915,30
153,0.004403660444563142,30
154,0.004573304727417665,30
155,0.004769260760057999,30
156,0.004794913537817143,30
157,0.004701035679741971,30
158,0.004612979465428037,30
159,0.004593840828043197,30
160,0.004511548453358816,30
161,0.004416966538571879,30
162,0.004376351818236451,30
163,0.0043527217233388996,30
164,0.004319353743278329,30
165,0.004306704855927433,30
166,0.004375769156064399,30
167,0.004362025528400448,30
168,0.004258118694777166,30
169,0.004105728400856421,30
170,0.004369915682808187,30
171,0.004501344362027337,30
172,0.0045595332008818235,30
173,0.004776818679292757,30
174,0.004731491228021504,30
175,0.004610071653998148,30
176,0.004524070338766741,30
177,0.004445346757068198,30
178,0.0044040158477707415,30
179,0.0044266095330520935,30
180,0.004464670339481611,30
181,0.0043958447397576626,30
182,0.004361048378802899,30
183,0.004332906605120397,30
184,0.004276133101649971,30
185,0.004306150900490431,30
186,0.004365432746320466,30
187,0.004336484531304082,30
188,0.004372275207791709,30
189,0.0042997148083571985,30
190,0.004231220983214521,30
191,0.004239221901377206,30
192,0.004287363751899102,30
193,0.004243006725155468,30
194,0.0042982263224565775,30
195,0.004376071457845547,30
196,0.004496285015209562,30
197,0.004415966897876677,30
198,0.00437848496027413,30
199,0.004304281547321355,30
200,0.004268622907311921,30
201,0.004214082206384293,30
202,0.004192403331939056,30
203,0.0042152897160198655,30
204,0.004390595434934088,30
205,0.004341861798299869,30
206,0.004246802902982647,30
207,0.004745720537113142,30
208,0.006190481226174199,30
209,0.00606414923200063,30
210,0.006039217323720177,30
211,0.005802949189670066,30
212,0.005785809989749628,30
213,0.00574668809117469,30
214,0.005828258377162337,30
215,0.005826831830663817,30
216,0.006069706044658089,30
217,0.005994938244054096,30
218,0.005867553295168613,30
219,0.005693746176343295,30
220,0.005643276620143513,30
221,0.005500558176762553,30
222,0.0056295457721417036,30
223,0.0054639016161499455,30
224,0.0054536201315700346,30
225,0.0053698303209096035,30
226,0.005325208169717181,30
227,0.005158731828827095,30
228,0.004995463506471475,30
229,0.005576644266696955,30
230,0.00549955931966664,30
231,0.005354970776935057,30
232,0.00527704352887109,30
233,0.005230701460096554,30
234,0.005246523226628758,30
235,0.0052220802082809485,30
236,0.005184884047994332,30
237,0.0052315852234715455,30
238,0.005863261227977601,30
239,0.005845592160719572,30
240,0.005776324963123184,30
241,0.005748116724729105,30
242,0.005661222573481144,30
243,0.006259362886987309,30
244,0.006170908544660692,30
245,0.006129777482117133,30
246,0.006171736290262247,30
247,0.006366241167744316,30
248,0.0062709890322999355,30
249,0.006374113633911509,30
250,0.006259893907467702,30
251,0.00624727972338664,30
252,0.006400549250838931,30
253,0.006254242328325156,30
254,0.0061983759848274955,30
255,0.0060229314882952354,30
256,0.005805467584775019,30
257,0.005682948389551286,30
258,0.005653285492393753,30
259,0.0056248173793164245,30
260,0.00547536552249374,30
261,0.00568702307738418,30
262,0.005526829957988665,30
263,0.005365371299882357,30
264,0.005397265600856867,30
265,0.0052808107966685995,30
266,0.005112613653395889,30
267,0.005017480520652646,30
268,0.005275535107929413,30
269,0.005002190674022349,30
270,0.004899224090740426,30
271,0.004992522118112602,30
272,0.004949091485311212,30
273,0.004822817574486497,30
274,0.005126528909128364,30
275,0.005010976710927848,30
276,0.004989695569068549,30
277,0.005042283484281702,30
278,0.004985821683755207,30
279,0.0047900655397620975,30
280,0.004715221967905642,30
281,0.004610400588828095,30
282,0.004476523549061961,30
283,0.0044366056261355554,30
284,0.004372957483061724,30
285,0.004566605230240747,30
286,0.004576001388563612,30
287,0.004879114237564216,30
288,0.004824955311302152,30
289,0.004710461161971438,30
290,0.004685642338182955,30
291,0.004643803582666733,30
292,0.004750161041511676,30
293,0.004875357258352289,30
294,0.004942369893801893,30
295,0.004938323548448778,30
296,0.004878574663553873,30
297,0.004844439604617972,30
298,0.004909479322377433,30
299,0.004851892231049488,30
300,0.004807478563271549,30
301,0.004705316408484545,30
302,0.004654647534773352,30
303,0.004546012695372429,30
304,0.004540002450631692,30
305,0.00445553393912455,30
306,0.004402113280566163,30
307,0.004459018377841346,30
308,0.004410768240192698,30
309,0.004414005134942993,30
310,0.004383211266720601,30
311,0.004323907975115609,30
312,0.004261254398821269,30
313,0.004355396292995801,30
314,0.004305653670577786,30
315,0.0042950811125501195,30
316,0.004325973818829161,30
317,0.004264597354683042,30
318,0.004264284804480905,30
319,0.004349540726326908,30
320,0.004343497070734979,30
321,0.004431175070902315,30
322,0.004523668484062388,30
323,0.004838668865497313,30
324,0.004859078599260867,30
325,0.0048890854633676225,30
326,0.004920251556839606,30
327,0.004884527348405317,30
328,0.004872557199833696,30
329,0.004864503860166348,30
330,0.004799544479389524,30
331,0.004751517788873062,30
332,0.00470974209027629,30
333,0.004667965349170754,30
334,0.004699611364764574,30
335,0.004639915622381367,30
336,0.004849145539975598,30
337,0.005041198635018108,30
338,0.004932123463076175,30
339,0.004959398540938655,30
340,0.004868452586935739,30
341,0.005120749392631463,30
342,0.005035183434573751,30
343,0.005013175730776539,30
344,0.004815250309892016,30
345,0.004733799662564593,30
346,0.004631947085918359,30
347,0.004583622975537157,30
348,0.004755584795069092,30
349,0.004869832854323626,30
350,0.004822541430819846,30
351,0.004740843512566161,30
352,0.004880650528953068,30
353,0.004864888021663591,30
354,0.00475170869732004,30
355,0.004825834780383833,30
356,0.0048052013329944795,30
357,0.004700435752807629,30
358,0.004629791683783367,30
359,0.004537406130306199,30
360,0.004437103959335091,30
361,0.004424687261354217,30
362,0.004398199984018759,30
363,0.004457659379903367,30
364,0.004387074269768309,30
365,0.004401811032244903,30
366,0.004358438531064882,30
367,0.00436909508331488,30
368,0.004338761956940963,30
369,0.004525805488928735,30
370,0.0046876988542954995,30
371,0.005432617671485132,30
372,0.005453106337143668,30
373,0.005453387638736596,30
374,0.005609327885135199,30
375,0.0055208712342944615,30
376,0.005467732931822438,30
377,0.005398819040504339,30
378,0.005571148249833292,30
379,0.005589461784031734,30
380,0.00556121781900191,30
381,0.005535647143387194,30
382,0.0054163081250052075,30
383,0.005294729503052599,30
384,0.005283566099042009,30
385,0.005089488194805277,30
386,0.005048277648842129,30
387,0.004956900285554963,30
388,0.004892676058939058,30
389,0.004817840415451136,30
390,0.004827239895232706,30
391,0.0047460198995540595,30
392,0.004701325582463982,30
393,0.00471463348160795,30
394,0.004622100174065252,30
395,0.0044997047158287255,30
396,0.004410483586872743,30
397,0.004382293521586726,30
398,0.004308454378312339,30
399,0.004342572482517458,30
400,0.00433448035752021,30
401,0.00427331290336258,30
402,0.004245049315723588,30
403,0.004205817303120782,30
404,0.004472990034275144,30
405,0.005025923042416932,30
406,0.0050021689496983785,30
407,0.005026695404406702,30
408,0.004939852887733984,30
409,0.004957999670058861,30
410,0.004883191445592945,30
411,0.00480855192766348,30
412,0.004905412632144643,30
413,0.004827622041983765,30
414,0.00483141353715079,30
415,0.004750987512865392,30
416,0.004604447370073616,30
417,0.004595429066508399,30
418,0.004493235615729533,30
419,0.004297768585974362,30
420,0.004245525276365529,30
421,0.004208826043092871,30
422,0.004173272648923723,30
423,0.0042641452273423685,30
424,0.004277101184059065,30
425,0.004167979717214916,30
426,0.0041221901364725255,30
427,0.004056581210211205,30
428,0.0040051401160662815,30
429,0.0040009268771885485,30
430,0.004159964642732682,30
431,0.004108317491510734,30
432,0.0040918711042607385,30
433,0.00417487465757096,30
434,0.004208405283353457,30
435,0.0041479985619724425,30
436,0.004228580214727123,30
437,0.004218396435581585,30
438,0.004185808877061922,30
439,0.004254827726345217,30
440,0.004321656833602085,30
441,0.004364480268778086,30
442,0.004381335450458189,30
443,0.004304594836654619,30
444,0.004351170841887958,30
445,0.004289343497683808,30
446,0.004239537274710389,30
447,0.004181118781278704,30
448,0.004237421345721551,30
449,0.004286305934164613,30
450,0.005095855943425632,30
451,0.004320741308686412,30
452,0.004253348496056261,30
453,0.004217710493692972,30
454,0.0042166510811072885,30
455,0.00415589868815135,30
456,0.0040732298777145255,30
457,0.0040648102924208404,30
458,0.004023627492017939,30
459,0.004709143694760853,30
460,0.004024307517192453,30
461,0.004763514592277031,30
462,0.004835534219149546,30
463,0.004106032704268751,30
464,0.004089976587730259,30
465,0.004058107506805348,30
466,0.004110567552185152,30
467,0.004085886771938784,30
468,0.004104384096983444,30
469,0.004703470864290985,30
470,0.004672234708050606,30
471,0.004771905492239487,30
472,0.004070324929164686,30
473,0.004100795074039496,30
474,0.004695839380033422,30
475,0.00467112965254343,30
476,0.004908614483709239,30
477,0.005532479396600668,30
478,0.005439749427050725,30
479,0.005355889061670866,30
480,0.005332016347674174,30
481,0.005631803309232282,30
482,0.005537912194346358,30
483,0.005630666005079966,30
484,0.005768196984031082,30
485,0.005750296988864958,30
486,0.005680861376346764,30
487,0.005591393478441639,30
488,0.0055373382182157945,30
489,0.005458018634246161,30
490,0.005338694673000593,30
491,0.005211105232957001,30
492,0.005219869310746273,30
493,0.0051410388094361515,30
494,0.005094138718860409,30
495,0.005174868153570318,30
496,0.006433366688333129,30
497,0.00698782127741784,30
498,0.0073310056228742424,30
499,0.007820499039287953,30
500,0.008589754496480929,30
501,0.008635337622230765,30
502,0.008562941462684385,30
503,0.008542455212342629,30
504,0.008467666546721498,30
505,0.0072001436371703035,30
506,0.00962868743667197,30
507,0.009646461908462719,30
508,0.009886329761019958,30
509,0.010162417693514272,30
510,0.010344694420144079,30
511,0.010402663726397945,30
512,0.010433985417470528,30
513,0.010361853778244908,30
514,0.010558935865088834,30
515,0.010592944713321442,30
516,0.010366385743611107,30
517,0.01069753005223025,30
518,0.010701147432251163,30
519,0.010760072504417559,30
520,0.010806284444500155,30
521,0.010891098532158925,30
522,0.010733928271066511,30
523,0.008304071472460126,30
524,0.008285408097398004,30
525,0.008126553218364979,30
526,0.008201608866404683,30
527,0.008202527077855914,30
528,0.007982043388175998,30
529,0.007758624395259019,30
530,0.007538592880442422,30
531,0.008105126600707257,30
532,0.008000771084603018,30
533,0.007806624240920401,30
534,0.007749078940110789,30
535,0.007580445358319584,30
536,0.007913068027912532,30
537,0.007771105745435026,30
538,0.007597034899051611,30
539,0.007403755736598958,30
540,0.007289593116014734,30
541,0.007067618168538865,30
542,0.006868398698786513,30
543,0.00669317559857894,30
544,0.00690898464941957,30
545,0.006805299091039485,30
546,0.006659555422247474,30
547,0.006580935255267806,30
548,0.006409780362260637,30
549,0.0066177671101069055,30
550,0.006434918534747313,30
551,0.006340526478596343,30
552,0.006276610042585645,30
553,0.006216334083201619,30
554,0.006070770810028662,30
555,0.006045837148937733,30
556,0.0060458332344366815,30
557,0.006022828892233302,30
558,0.006052709149388633,30
559,0.0059997576878999485,30
560,0.005791846211891587,30
561,0.00568438153317782,30
562,0.005791448897540539,30
563,0.005803177333968585,30
564,0.005691414874112394,30
565,0.005589796677617518,30
566,0.005494157374790611,30
567,0.005528267357358125,30
568,0.005904487624342124,30
569,0.0058218916708887136,30
570,0.0056781193450061275,30
571,0.0055368237914370875,30
572,0.006656422933997113,30
573,0.0067615063675749145,30
574,0.0069040251851917546,30
575,0.007263146652107881,30
576,0.0070959127614628244,30
577,0.006895420349003266,30
578,0.0067265426962107,30
579,0.006476791958206279,30
580,0.006327702710556592,30
581,0.0067327233810985055,30
582,0.006599861914044014,30
583,0.006637711778070515,30
584,0.006573827462585697,30
585,0.006464379566672764,30
586,0.00631481733620977,30
587,0.0063952442761192095,30
588,0.006537503006982804,30
589,0.006435191822767288,30
590,0.006254019919611715,30
591,0.0060580319611212964,30
592,0.005889446931408315,30
593,0.005918833855182292,30
594,0.005934903166028124,30
595,0.005845369723228959,30
596,0.005756615143295603,30
597,0.005626536867872597,30
598,0.005581878060826418,30
599,0.005433955286340059,30
600,0.0053184904657248774,30
601,0.00526554949999404,30
602,0.005275038273818821,30
603,0.005185239735346474,30
604,0.005108406445980614,30
605,0.005140326688422722,30
606,0.005124791427315347,30
607,0.005065945401798854,30
608,0.0049355325225071975,30
609,0.005023150051591194,30
610,0.005017636764349002,30
611,0.0049213758697172864,30
612,0.00492162388727188,30
613,0.004785310227577703,30
614,0.004926981997599098,30
615,0.005234596126206248,30
616,0.005070862125573298,30
617,0.0049031829007685525,30
618,0.004834284005948923,30
619,0.004715405555252291,30
620,0.004636401851741252,30
621,0.0047601301149815065,30
622,0.004630460083109904,30
623,0.0048951673985802415,30
624,0.0047796992378215325,30
625,0.0047803318096339125,30
626,0.004701708599500742,30
627,0.004678370101271885,30
628,0.004605659227387584,30
629,0.004632785997569878,30
630,0.005190121764620321,30
631,0.005434844371174355,30
632,0.005602341982063566,30
633,0.005608723268799963,30
634,0.005583049246899984,30
635,0.005551016541591646,30
636,0.005453984709268081,30
637,0.005622982980368581,30
638,0.0055439009495795565,30
639,0.005395108276641518,30
640,0.005486217799260155,30
641,0.005382233764831644,30
642,0.005754841112273452,30
643,0.005691713069837907,30
644,0.005759448938008921,30
645,0.005862841333361535,30
646,0.005816003651857811,30
647,0.005867442254901964,30
648,0.0057547275912397,30
649,0.005763469942569441,30
650,0.005619831659159596,30
651,0.005575535601539442,30
652,0.0057785269072415865,30
653,0.005751811264085677,30
654,0.005681996607752808,30
655,0.00571206630021109,30
656,0.005606729478562125,30
657,0.0056093793135771775,30
658,0.005566488113406586,30
659,0.005470727578663427,30
660,0.0054846536493621595,30
661,0.005334410263678559,30
662,0.005420739297334231,30
663,0.0052915745711266836,30
664,0.005166026615830056,30
665,0.005087870596089062,30
666,0.004945271221670966,30
667,0.00521512800798888,30
668,0.005170301333533508,30
669,0.005738949718258702,30
670,0.005745226862024643,30
671,0.005862176878697931,30
672,0.006349064901309811,30
673,0.0065967414080215945,30
674,0.006512333942143685,30
675,0.006636667473717478,30
676,0.006507057326617748,30
677,0.006214000323515094,30
678,0.006224241601631407,30
679,0.00608314284964675,30
680,0.006058906110928425,30
681,0.006178692598358015,30
682,0.006142310859555768,30
683,0.006084590003192276,30
684,0.006144314693804357,30
685,0.00597369299951115,30
686,0.005829772455131847,30
687,0.005668744567552289,30
688,0.005711617958199615,30
689,0.005540786656148182,30
690,0.005466054133391671,30
691,0.005447685277673133,30
692,0.005486144098250019,30
693,0.005373100513080879,30
694,0.005205047059630173,30
695,0.005159289145801769,30
696,0.005018161527564836,30
697,0.004854536302500833,30
698,0.004874049407487942,30
699,0.0048064050055921384,30
700,0.0047019758383347494,30
701,0.00461529691869333,30
702,0.0048044410927295216,30
703,0.004740577530829692,30
704,0.0048292295973662545,30
705,0.004763987035515718,30
706,0.0048735935599746125,30
707,0.0048934034179100765,30
708,0.0048202917290069034,30
709,0.0047095788696881035,30
710,0.004744565924727917,30
711,0.0047362223126058995,30
712,0.004636210208828219,30
713,0.004683741354698037,30
714,0.005090603205600357,30
715,0.004986376291926837,30
716,0.004979224739970177,30
717,0.0051307833638526285,30
718,0.005227110723264098,30
719,0.005238388503381375,30
720,0.005147464303959474,30
721,0.005038819004844496,30
722,0.004921261255801778,30
723,0.004948518900894798,30
724,0.004975574519044993,30
725,0.004981653563149754,30
726,0.004895719061826972,30
727,0.004829327728920847,30
728,0.0048106597028226,30
729,0.004738664128392648,30
730,0.005494866845323389,30
731,0.005496379064911784,30
732,0.005925789067164432,30
733,0.005888294518230022,30
734,0.005795960572868066,30
735,0.005747865205101732,30
736,0.005654100729167581,30
737,0.005642975712286768,30
738,0.005596119783609814,30
739,0.005460914074348721,30
740,0.005287970976955393,30
741,0.005148855833371784,30
742,0.005031629057495999,30
743,0.005002892147102895,30
744,0.004916947543108959,30
745,0.00487478300683331,30
746,0.004914851086746223,30
747,0.004896761066545835,30
748,0.004765435046494364,30
749,0.0048433772375676715,30
750,0.0049432485623712415,30
751,0.00599529887422508,30
752,0.006175613428395555,30
753,0.006063565084908845,30
754,0.006053515837813277,30
755,0.006067505822333922,30
756,0.0062285325416661826,30
757,0.00611780567869671,30
758,0.005964365410175918,30
759,0.005902611103520793,30
760,0.00583491450397307,30
761,0.005762556949398313,30
762,0.005666351852154093,30
763,0.005494977610154106,30
764,0.005356268290291306,30
765,0.0053278837351311715,30
766,0.005267868665031839,30
767,0.0051913271695245315,30
768,0.0051989319700564175,30
769,0.005140360476729054,30
770,0.005057288337334127,30
771,0.005458675416928306,30
772,0.005307932362916789,30
773,0.005205272163155655,30
774,0.005077927556001878,30
775,0.005047344049695259,30
776,0.005291485701013439,30
777,0.005156759451716633,30
778,0.004986702284028701,30
779,0.00484789805850602,30
780,0.004777548048712837,30
781,0.004646157208095257,30
782,0.004578006332126493,30
783,0.004558419434779451,30
784,0.004737494536933001,30
785,0.004707740394081213,30
786,0.0046446030070700865,30
787,0.004812992354765772,30
788,0.004812512800274208,30
789,0.004774070349589919,30
790,0.0047191684330561276,30
791,0.0046573627993309104,30
792,0.004586322934730233,30
793,0.004471176688596042,30
794,0.004477783154687589,30
795,0.004584838709663853,30
796,0.004574687500963041,30
797,0.004624349150394252,30
798,0.004608702188586454,30
799,0.004699837929038576,30
800,0.004782874996415828,30
801,0.004715557202128188,30
802,0.005138022349333968,30
803,0.005747148486100511,30
804,0.005761255436019665,30
805,0.00585309210613393,30
806,0.0057601277480498515,30
807,0.00564736940513135,30
808,0.005615738476169064,30
809,0.005806308167634574,30
810,0.005645898786237541,30
811,0.005490792996601879,30
812,0.005408864571742994,30
813,0.0052546390108586015,30
814,0.00514032849204514,30
815,0.004974043809772799,30
816,0.004951352571336282,30
817,0.004806283058656436,30
818,0.004757222949703955,30
819,0.004708955835519155,30
820,0.004615664744415199,30
821,0.0045667403381596215,30
822,0.004577848144090002,30
823,0.004595669340307601,30
824,0.0044837483301375875,30
825,0.004424744952590881,30
826,0.0043796814517416535,30
827,0.004647611676203595,30
828,0.004671950026215589,30
829,0.00553363328503982,30
830,0.0055896638774117465,30
831,0.005494619774237681,30
832,0.0054358276406335304,30
833,0.005354118978831349,30
834,0.0051864179476532445,30
835,0.005034741800109759,30
836,0.004921244943454841,30
837,0.004849526877331145,30
838,0.004852762547176091,30
839,0.004855099799330868,30
840,0.004744904453075994,30
841,0.005092218277111115,30
842,0.005241123419857189,30
843,0.005140082858182716,30
844,0.0051219778248112425,30
845,0.00504179647977752,30
846,0.005016586363401003,30
847,0.0050400395521510944,30
848,0.005443787128366079,30
849,0.005446039750565382,30
850,0.005402897286973192,30
851,0.005342061201292122,30
852,0.005519357393052665,30
853,0.005542617301184284,30
854,0.0054751078730778165,30
855,0.005345917720689938,30
856,0.00523145859539154,30
857,0.005182634602078702,30
858,0.0050465461864688775,30
859,0.005153585632661366,30
860,0.005123220472315163,30
861,0.005110285532303251,30
862,0.005003362527518049,30
863,0.004853011716543903,30
864,0.004770142735022258,30
865,0.0050406051925350704,30
866,0.004910156945404246,30
867,0.005951068140282876,30
868,0.005802827206585555,30
869,0.005760115833464804,30
870,0.005612091175768735,30
871,0.005457223718986285,30
872,0.005294673249759227,30
