Day,Actual_Returns,N_Assets,VaR_1_percent,Violation_1_percent,VaR_5_percent,Violation_5_percent,VaR_10_percent,Violation_10_percent
1,0.005224743422897253,5,-0.01712162667124061,false,-0.012008129307385984,false,-0.009282142784064145,false
2,-0.0013245314574747646,5,-0.017210010389569014,false,-0.012069944126985812,false,-0.009329793822064014,false
3,-0.0012726483787143562,5,-0.01701325767238161,false,-0.011930364993010485,false,-0.009220693713741037,false
4,-0.00011327204270180572,5,-0.01684038914151213,false,-0.011811816672440877,false,-0.009131103296282545,false
5,0.0011317294010126085,5,-0.01670813054160917,false,-0.011719957127644915,false,-0.009060780338276491,false
6,0.011689170636258253,5,-0.01654212239360459,false,-0.011608156315901924,false,-0.008977877256912474,false
7,0.0032807413482262744,5,-0.01701569738887742,false,-0.011938964647854634,false,-0.009232577208925216,false
8,0.003776733753202449,5,-0.01690537692081377,false,-0.011861275272225014,false,-0.009172283347928148,false
9,0.005859386297148949,5,-0.01677592666495268,false,-0.01177071130914627,false,-0.00910244952364167,false
10,0.0018503612991201779,5,-0.01681422094341196,false,-0.011795915828763949,false,-0.009120675941256607,false
11,-0.0022834670302338007,5,-0.016787637940178825,false,-0.011776878328169205,false,-0.00910566092019795,false
12,0.001820840668208899,5,-0.016707687572138592,false,-0.011720578843184367,false,-0.00906196963345516,false
13,0.0022724657924240482,5,-0.01664766918041472,false,-0.011680437061353233,false,-0.009032423998808912,false
14,-0.0033516191029675235,5,-0.016588965309693886,false,-0.011639761898149375,false,-0.009001359872871168,false
15,-0.001458292135409087,5,-0.01661778544730497,false,-0.011661458054295512,false,-0.009019258260859036,false
16,0.0007865385849470711,5,-0.01657354132146717,false,-0.011629450345048895,false,-0.008993773740019067,false
17,-0.001460659748626939,5,-0.01641167795602796,false,-0.01151456940574335,false,-0.008903938958237457,false
18,-0.0012481257246802053,5,-0.016272535289234565,false,-0.011413711962849033,false,-0.008823491226537866,false
19,-0.0002638532598884442,5,-0.016182962462831862,false,-0.011351301209756496,false,-0.00877556047421982,false
20,0.0047667995162130284,5,-0.016344032472813196,false,-0.011463572260628455,false,-0.008861816980560166,false
21,0.0002523152573529778,5,-0.016346137244569466,false,-0.01146634401251153,false,-0.008864944297080832,false
22,0.007414976031804621,5,-0.016335448691552613,false,-0.011461960343737775,false,-0.008863921738767261,false
23,0.0030953459312925606,5,-0.016430894570914574,false,-0.011526971010893592,false,-0.008912707506914655,false
24,-0.0032106504924538483,5,-0.01631440820671338,false,-0.011444561462713812,false,-0.008848464183262282,false
25,-0.0010457952788744606,5,-0.016267484778556125,false,-0.011408708963159741,false,-0.008818513554781084,false
26,0.0015373587438554655,5,-0.016170623891697565,false,-0.011343860228162889,false,-0.008770730379487925,false
27,0.005663875750762314,5,-0.01641407886597634,false,-0.011516232796868635,false,-0.008905209180807172,false
28,-0.0031755227338891236,5,-0.016428778007909456,false,-0.01152384898714487,false,-0.008909049475764002,false
29,-0.003279966028802558,5,-0.016476289053120523,false,-0.011559311045743878,false,-0.008938088264184688,false
30,-0.006547559433724338,5,-0.016354601897257275,false,-0.011476113112053177,false,-0.008875408792413447,false
31,-0.003734626576705934,5,-0.01655266433620691,false,-0.011616292200776247,false,-0.008984730481315076,false
32,-0.0057897446903545195,5,-0.01653025041829386,false,-0.011601459153171508,false,-0.00897393876762039,false
33,0.01009678570428805,5,-0.016726892358605343,false,-0.011740798646005699,false,-0.009082730537739279,false
34,0.0005534435853417529,5,-0.016983640233280726,false,-0.01191625654059889,false,-0.009214853044745978,false
35,-0.001992590591721758,5,-0.016843677978905743,false,-0.011815367446796244,false,-0.009134793708262985,false
36,0.005339107212374928,5,-0.01668004727838636,false,-0.011699580429201863,false,-0.009044511981001112,false
37,0.005773341806494657,5,-0.01659705254310661,false,-0.01164348061236014,false,-0.009002749745660094,false
38,0.007686180200100345,5,-0.016583585454289652,false,-0.011633170329442914,false,-0.008994122344286964,false
39,-0.004697703957433211,5,-0.01714198937272448,false,-0.012024466000806632,false,-0.009296333227483628,false
40,-0.0004455368883886369,5,-0.01706741990184726,false,-0.011970907328736593,false,-0.009253975334511954,false
41,0.0009778853967862097,5,-0.01685213043253733,false,-0.011819465806468544,false,-0.009136570916556936,false
42,-0.006822378444198535,5,-0.016641104676825502,false,-0.011669353070751187,false,-0.009018930686403673,false
43,-0.003812879241180781,5,-0.016777421393421327,false,-0.011772231981003505,false,-0.009103984025823365,false
44,0.003557361730636324,5,-0.01708719838741016,false,-0.011995366418071335,false,-0.009280929636397942,false
45,-3.403146769094081e-5,5,-0.017049983518375517,false,-0.011968280850052847,false,-0.009259243961269958,false
46,-0.009350715686759723,5,-0.01678102245588904,false,-0.011780057028288441,false,-0.009114060863784456,true
47,-0.0004973474394647142,5,-0.017123121697183257,false,-0.012028474438244442,false,-0.009312536836102638,false
48,0.0021647326298994468,5,-0.01700953182839104,false,-0.011951110975426173,false,-0.0092544855362614,false
49,0.004401766772996642,5,-0.01675710482642567,false,-0.011773170151903906,false,-0.009116253018847765,false
50,0.000748420351730176,5,-0.016623701141336704,false,-0.011677630012015178,false,-0.009040897794799739,false
51,0.00356341405046138,5,-0.016432179352607885,false,-0.011540723427693954,false,-0.008933106373856898,false
52,-0.001143544090868153,5,-0.01633316614836304,false,-0.011473181405406194,false,-0.008882341522218418,false
53,-0.0027805607403340936,5,-0.016223438724649188,false,-0.011395057058189266,false,-0.00882106465814191,false
54,0.012619226136052052,5,-0.01619917650494567,false,-0.011380561680272735,false,-0.008811775947442016,false
55,-0.0020045958688357413,5,-0.01726021089326237,false,-0.012133262702072423,false,-0.009400105592469891,false
56,0.0014598499016795614,5,-0.01708154108980141,false,-0.012005970732785623,false,-0.009300202956469194,false
57,-0.001755279865853515,5,-0.016830816816922403,false,-0.011829112367849106,false,-0.009162722233732608,false
58,0.0020793452879537553,5,-0.016680309281075393,false,-0.01172233976260861,false,-0.009079264558167153,false
59,0.0007312452893228165,5,-0.016547888756879587,false,-0.011627864119379296,false,-0.009005017190574562,false
60,0.006469830151633967,5,-0.01632201815606448,false,-0.011468776924244521,false,-0.008881531981890971,false
61,0.004455606740194283,5,-0.0162617116296885,false,-0.011424538910969392,false,-0.00884586003349198,false
62,0.0001596283601455039,5,-0.0161727010643973,false,-0.011356887835084708,false,-0.008789595622373915,false
63,0.0064067697663636675,5,-0.015966031016232233,false,-0.01121222820431714,false,-0.008677993515665325,false
64,0.0018951742543137369,5,-0.016001270951892337,false,-0.011234267601439332,false,-0.008692995754538585,false
65,0.01249084632552436,5,-0.015870273663148488,false,-0.011141309147023307,false,-0.008620315661948553,false
66,0.008026923649081034,5,-0.0172283871773713,false,-0.012101390788050734,false,-0.009368207984203116,false
67,0.0013884708406005203,5,-0.01719963988935216,false,-0.012076734601271833,false,-0.009345732748357186,false
68,0.0006364685181513324,5,-0.016924379434168055,false,-0.011881711868349912,false,-0.009193484448271555,false
69,-0.0009694827912810088,5,-0.016740540556178574,false,-0.011751678270874248,false,-0.009092134246743447,false
70,0.0006881484628057506,5,-0.016633170167578024,false,-0.01167794418509103,false,-0.009036331549528558,false
71,0.005299767924885261,5,-0.016444604020374856,false,-0.011547492238120101,false,-0.008936860067662884,false
72,0.005350971309412406,5,-0.01663015428386246,false,-0.011678143744434967,false,-0.00903824524966949,false
73,-0.00012517709336268653,5,-0.016566493967014883,false,-0.011632297480740721,false,-0.009001895591794382,false
74,-0.000781642672410112,5,-0.016344431742867,false,-0.011473671355141862,false,-0.008877087015600965,false
75,-0.00963496110723809,5,-0.016359339645845822,false,-0.0114864313155538,false,-0.008888701915778474,true
76,6.803378264377867e-5,5,-0.016705833061085595,false,-0.011732945705785414,false,-0.009081917857728177,false
77,0.0012505287530085673,5,-0.016724291732220703,false,-0.011747334191739046,false,-0.009094136543022371,false
78,-0.014634539898679615,5,-0.0166798619645137,false,-0.011713920375189592,true,-0.009066595289272951,true
79,-0.017139400276562324,5,-0.017836845049188914,false,-0.012535460338396939,true,-0.009709311765657747,true
80,-0.030488333435563498,5,-0.019305410019615936,true,-0.01357919072570922,true,-0.010526564408716561,true
81,-0.0026029840886352355,5,-0.024374938091543657,false,-0.017167044724476756,false,-0.013324543441684688,false
82,-0.005387084353283242,5,-0.023965626905514396,false,-0.01687936261407231,false,-0.013101701341434738,false
83,-0.014559511466395485,5,-0.02395368873408266,false,-0.016870398101132212,false,-0.013094322074833183,true
84,0.006642016168175597,5,-0.024112343735938815,false,-0.016983811759470172,false,-0.013183617740347028,false
85,0.0042567419736077835,5,-0.023644346162024727,false,-0.01665126208144356,false,-0.012923274834423494,false
86,0.013022092636787417,5,-0.023033713019105288,false,-0.01621771172959673,false,-0.012584126663242361,false
87,0.011320028983490046,5,-0.02309807865697546,false,-0.016257815665194044,false,-0.012611296775132995,false
88,0.005430086926460688,5,-0.02313431947087799,false,-0.016282452285549896,false,-0.012629747242847825,false
89,0.0004543212999850617,5,-0.02267341230369862,false,-0.01595864190943922,false,-0.012379022658759979,false
90,-0.0029296556007624625,5,-0.022072994688345046,false,-0.01553581082927476,false,-0.012050862303385724,false
91,-0.0026886416340956344,5,-0.021567320974155223,false,-0.015177726191388453,false,-0.011771456855956576,false
92,0.008731142845034404,5,-0.021030722581457176,false,-0.014796880300435685,false,-0.011473642047357048,false
93,0.0068045166443784335,5,-0.020779850289616916,false,-0.014614311384706395,false,-0.011327485408691206,false
94,-0.0011897779913337537,5,-0.020423930353623207,false,-0.0143614310102141,false,-0.011129535043160547,false
95,-0.010915408977312222,5,-0.02002343950025119,false,-0.014079049224873186,false,-0.01091011676495092,true
96,-0.011829069302742043,5,-0.020150485703338303,false,-0.014171397630942386,false,-0.01098396790382128,true
97,-0.006336124369455732,5,-0.020971539518287754,false,-0.014755226621427656,false,-0.011441333218181908,false
98,-0.0029694473963880544,5,-0.020795848096668578,false,-0.014634070301653639,false,-0.011349249359406642,false
99,0.013765776675341724,5,-0.02064624280981435,false,-0.014526221597806878,false,-0.0112636609354503,false
100,-0.0029274150713310895,5,-0.020971629865920906,false,-0.014749305611229455,false,-0.01143220757536749,false
101,0.003186110768110197,5,-0.020643666182311813,false,-0.014514204608506703,false,-0.011246611324207746,false
102,0.00559777956224559,5,-0.020251113424201325,false,-0.014235121824840264,false,-0.011028018964047261,false
103,0.009803184013615289,5,-0.019990654631272007,false,-0.01405052083291484,false,-0.01088385748514225,false
104,-0.00018098124792683822,5,-0.020149602746536266,false,-0.014162488821879775,false,-0.010970780542616425,false
105,-0.004526818274438121,5,-0.019733923234721628,false,-0.013868549198709333,false,-0.010741740003611078,false
106,-0.002845906562728943,5,-0.019483114845709946,false,-0.013689653278627706,false,-0.010601180354620111,false
107,-0.0023210836092778975,5,-0.019228567390189917,false,-0.01350712919631345,false,-0.01045705166605553,false
108,-0.007038424862732025,5,-0.018889105567545993,false,-0.013267536602998732,false,-0.01027069898935255,false
109,-0.0015262529689644244,5,-0.018907394338960798,false,-0.013283605704552842,false,-0.01028558479311731,false
110,0.0010430676734247226,5,-0.018662351975220606,false,-0.013110090506246884,false,-0.010150200462034128,false
111,-0.0008428891620694788,5,-0.018375421881929595,false,-0.012908732546920541,false,-0.009994460690683877,false
112,-0.020428977835528744,5,-0.01888428278962127,true,-0.013270578859563226,true,-0.01027793406670045,true
113,0.0013545265856101825,5,-0.0206427605897485,false,-0.0145224548452323,false,-0.011259742499648168,false
114,0.005650667807698102,5,-0.020214293154735587,false,-0.014220989378419742,false,-0.011025981312140946,false
115,-0.005961092872051591,5,-0.020406311111463304,false,-0.014356262646027036,false,-0.011131004195949127,false
116,0.0049365794970374416,5,-0.02016167156086285,false,-0.014184691661678501,false,-0.010998385793895664,false
117,0.0009694412937299464,5,-0.01992995685379295,false,-0.014022311222711798,false,-0.01087296719669888,false
118,-0.003629813604416615,5,-0.019532817205638178,false,-0.013742158017012297,false,-0.010655179030590219,false
119,-0.0032160295447575156,5,-0.01945193088177714,false,-0.013685937545063582,false,-0.010612107833025514,false
120,0.011420843743871312,5,-0.01920962250479992,false,-0.013512089805607178,false,-0.010474756206108236,false
121,-0.004667827339422506,5,-0.02012322014443954,false,-0.014155567227358272,false,-0.010974233539222184,false
122,0.0020422937486231038,5,-0.01976983981207806,false,-0.013905947254041031,false,-0.010779927829369512,false
123,0.008903025955141199,5,-0.019529335730397158,false,-0.013734780125755703,false,-0.01064572397437353,false
124,0.00017199637172043432,5,-0.019647710713360068,false,-0.013816057993699551,false,-0.010707225507570268,false
125,-0.0022422198464128384,5,-0.01925592505880315,false,-0.013536631121974268,false,-0.010487696687214075,false
126,0.0004256675184411561,5,-0.018978967038143,false,-0.013343623676778204,false,-0.010339442983157657,false
127,1.2521668289426548e-5,5,-0.018718492515633227,false,-0.013161078942670964,false,-0.010198442330886119,false
128,0.004727991238709095,5,-0.018446243638362295,false,-0.01296582650191356,false,-0.010044236405526052,false
129,0.009066108128250632,5,-0.018401502761749282,false,-0.012934433913784432,false,-0.010019959740595337,false
130,0.0003513009769416954,5,-0.01847338265563324,false,-0.012982833536576505,false,-0.010055842117751797,false
131,-0.008117299708115595,5,-0.018127985336129412,false,-0.012737855445839814,false,-0.009864397146292052,false
132,-0.003713830643329082,5,-0.018286533217759766,false,-0.012851448733998592,false,-0.009954025307015515,false
133,-0.0010511928349076583,5,-0.01808345144153916,false,-0.012709862018211103,false,-0.009845221380396257,false
134,-0.006884409716127425,5,-0.017850431103039126,false,-0.012542701976958637,false,-0.009713171219905224,false
135,0.0034909896527044056,5,-0.01810010824020643,false,-0.01271702771165312,false,-0.009847327400762393,false
136,0.006789822323613604,5,-0.017863428563461094,false,-0.012545693459129537,false,-0.009710828552095353,false
137,0.0012596454998189122,5,-0.017761291192833702,false,-0.012470989421479431,false,-0.00965074912274455,false
138,-0.005151821376426103,5,-0.017572235645016383,false,-0.012339886314971068,false,-0.009550540248257992,false
139,-0.002351241129437143,5,-0.017661421421166782,false,-0.01240127746188952,false,-0.009597114181180678,false
140,0.00016552462536677985,5,-0.017613448371881675,false,-0.012367700485822166,false,-0.00957121169847627,false
141,-0.0002179891020514734,5,-0.017709512071829,false,-0.012433027976437758,false,-0.009620153829629559,false
142,0.0011768934310399733,5,-0.017494330579426603,false,-0.012276295819537162,false,-0.00949458079720633,false
143,-0.003118542562441722,5,-0.017278422453936064,false,-0.012125331332843084,false,-0.009378237524045287,false
144,-0.000914509150716749,5,-0.017238354250300583,false,-0.012100786056951056,false,-0.009361967463494185,false
145,0.008722274603593302,5,-0.01714175427437403,false,-0.012036132063957835,false,-0.009314343755793788,false
146,0.006277196214822571,5,-0.017243684615652823,false,-0.012107845891847737,false,-0.009369949272205495,false
147,0.002927219506581793,5,-0.017400141142424094,false,-0.012219638518479268,false,-0.009457931738941265,false
148,-0.010991852203786873,5,-0.01723116913105303,false,-0.012100787129120598,false,-0.00936579946771729,true
149,-0.0004709166859799387,5,-0.0178974810268939,false,-0.012572932219818192,false,-0.00973443495306368,false
150,-0.0012442112142403408,5,-0.017880160776328383,false,-0.012561905789219006,false,-0.009726763734599679,false
151,-4.640922634446755e-5,5,-0.01786014002674551,false,-0.01255109959462576,false,-0.009720869785175008,false
152,-0.0011724918841224967,5,-0.01769649339984221,false,-0.012435784890021439,false,-0.009631320649506845,false
153,0.002601263558339684,5,-0.017466652157404318,false,-0.012271145720797858,false,-0.009501440464248181,false
154,-0.005661045405099173,5,-0.017344762866272522,false,-0.012187224642574317,false,-0.00943776009983318,false
155,-0.0019184109032785264,5,-0.017949457569118074,false,-0.012615798036235155,false,-0.009772443875265012,false
156,-0.0036419140809918473,5,-0.017693723548453267,false,-0.012437364551212263,false,-0.009635219019759547,false
157,-0.012475098030263814,5,-0.017548409301646025,false,-0.01233465851738613,true,-0.009555227266611519,true
158,-0.009542071696574787,5,-0.018682653986982833,false,-0.013136620336709103,false,-0.010180050319600667,false
159,0.00580120414426923,5,-0.019250703489544364,false,-0.013543362210276952,false,-0.01050079969303465,false
160,-3.535979831805142e-5,5,-0.01903117450857955,false,-0.013384326045443882,false,-0.010374012024641327,false
161,0.012838430281093738,5,-0.01887535403498863,false,-0.013275340109917416,false,-0.010289993408056329,false
162,-0.004885885256796508,5,-0.01944007677602658,false,-0.013672617850045629,false,-0.010598006837792197,false
163,0.0056185871325489245,5,-0.019247111065665894,false,-0.013539254285340745,false,-0.010496416956392063,false
164,0.003443592328904818,5,-0.0192133700181178,false,-0.013512628018085589,false,-0.010473583552184427,false
165,-0.006142186887195669,5,-0.01893389954053133,false,-0.013311517093288643,false,-0.010314245815027639,false
166,0.004392078797111922,5,-0.01885744547746046,false,-0.013259754173549222,false,-0.010275645652434181,false
167,-0.0009302940441055916,5,-0.018759007514432602,false,-0.013185059128427904,false,-0.010213607868993502,false
168,-0.0007115636550230958,5,-0.018376080195418386,false,-0.012915094059596744,false,-0.010003862557743484,false
169,-0.009195402411741698,5,-0.018035351526566202,false,-0.012669953499081692,false,-0.009809679664080619,false
170,-0.005785789215099991,5,-0.01820124916649103,false,-0.012791535310395145,false,-0.009907636871142123,false
171,-0.0089175898514716,5,-0.018279085814738503,false,-0.0128504206665356,false,-0.009956419363585326,false
172,-0.009937001095137296,5,-0.018579685592397498,false,-0.013066135153053639,false,-0.010126881815495089,false
173,0.007967746967964106,5,-0.0190810818324035,false,-0.013419628932233954,false,-0.010401529340089083,false
174,-0.0036905004567290203,5,-0.01898250847910308,false,-0.013348494564557903,false,-0.010345022594117575,false
175,0.005841788860859723,5,-0.01897175447413503,false,-0.013342181867884722,false,-0.010341077542462327,false
176,-0.00871953649036256,5,-0.018981376095496234,false,-0.013348039662484847,false,-0.010344928854943316,false
177,-0.000679823767931523,5,-0.019386497609133822,false,-0.013640141192140498,false,-0.01057677984934327,false
178,-0.004046892373700573,5,-0.018959615652983666,false,-0.013341076859049731,false,-0.010345854618145045,false
179,-0.004153875672928386,5,-0.01869177118440415,false,-0.013153643919530672,false,-0.010201288767223305,false
180,0.006418346786451435,5,-0.01866351059931888,false,-0.013137276850257259,false,-0.010191262087219906,false
181,-0.016741157350034612,5,-0.018817594748896174,false,-0.013244276667828235,true,-0.010273161421623317,true
182,0.007736821189776767,5,-0.02022088966477311,false,-0.014244977102545806,false,-0.011059240228145327,false
183,0.0003010113035763879,5,-0.020162323564212985,false,-0.014200741288286937,false,-0.011022643836487652,false
184,0.010584316381875248,5,-0.02006182358231768,false,-0.014131711715132828,false,-0.010970391021784293,false
185,0.008729260598835463,5,-0.02019632785777621,false,-0.014222848790626977,false,-0.011038409203448016,false
186,-0.0015174219902091782,5,-0.020023514788058548,false,-0.014098118199173577,false,-0.010939311203238879,false
187,-0.01113688902571097,5,-0.019561906493989426,false,-0.013772105603677998,false,-0.01068558417291141,true
188,0.002241075605870989,5,-0.0200277703450192,false,-0.014105620815460601,false,-0.010948544814837782,false
189,0.007140607391905638,5,-0.019688220101750892,false,-0.013862073241306953,false,-0.010756175908352828,false
190,-0.0014970125892254684,5,-0.019524282037481393,false,-0.01374390115245692,false,-0.010662401491652197,false
191,0.0013105717893237623,5,-0.01907762239971266,false,-0.013427041275074427,false,-0.010414737386236732,false
192,0.00163050144572657,5,-0.018827838900371974,false,-0.013252937125791486,false,-0.01028097761843513,false
193,-0.0039044588642610624,5,-0.018499132113989455,false,-0.013021064199228563,false,-0.010100726464230074,false
194,0.009951524782885628,5,-0.018357302175911885,false,-0.012922133965863659,false,-0.010024665904706766,false
195,-0.005280495905862372,5,-0.018546888133966308,false,-0.013052964467212241,false,-0.010124174089496844,false
196,0.00844194259349864,5,-0.01841677339479268,false,-0.012962168122394289,false,-0.01005433823522101,false
197,-9.007363859504553e-5,5,-0.01862276200374734,false,-0.013104713218113158,false,-0.010163061828792355,false
198,0.004102194418930864,5,-0.01853109575351718,false,-0.013038837775438671,false,-0.010110935370192704,false
199,0.0066468961422421705,5,-0.018463482932215638,false,-0.012989311464831144,false,-0.010071050911511082,false
200,-0.001987094837250797,5,-0.01837389438931412,false,-0.01292468369463654,false,-0.010019729636884802,false
201,-0.003923922568206735,5,-0.018106544710160634,false,-0.01273700123243597,false,-0.009874517473251175,false
202,-3.998045806003457e-5,5,-0.018282444064429557,false,-0.012865138985785276,false,-0.00997719369388132,false
203,-0.011921795285626735,5,-0.018299390852452177,false,-0.012877843883281443,false,-0.009987637255233996,true
204,0.004114058702253556,5,-0.019139561455957445,false,-0.013474700111756943,false,-0.010454783490711349,false
205,-0.001829039458061686,5,-0.018868159361522783,false,-0.013282221201197932,false,-0.010304378237438926,false
206,0.006464160159224701,5,-0.018607990271083407,false,-0.013096569033841836,false,-0.01015845076604538,false
207,-0.00023044177212817575,5,-0.01859974458182138,false,-0.013091943333032773,false,-0.010155754867685638,false
208,-0.0010962247556771656,5,-0.01827532927668669,false,-0.01286117847160361,false,-0.009974914711263447,false
209,-0.01941500134582529,5,-0.017998472081188828,true,-0.012666026441091195,true,-0.009823319401873153,true
210,-0.013616570793923283,5,-0.02041757142304106,false,-0.0143814204182103,false,-0.011163570652956756,true
211,0.006784438804158769,5,-0.02117216280615896,false,-0.014924234774644362,false,-0.01159348746009901,false
212,-0.004950630279176226,5,-0.02100635117315105,false,-0.014805297131703948,false,-0.011499538167816898,false
213,0.0006771277781788716,5,-0.021132258119148713,false,-0.01489353636527713,false,-0.011567696883277504,false
214,0.0031423365132245387,5,-0.020898246629551153,false,-0.014726345445867949,false,-0.01143612776258123,false
215,0.0032267394316743423,5,-0.020485889092797797,false,-0.014432747203405,false,-0.011205839660462388,false
216,0.0013950051361474019,5,-0.020106667560770952,false,-0.014162715983646417,false,-0.010994017392139776,false
217,0.0022614267236647227,5,-0.0199999113231262,false,-0.014088934595584714,false,-0.010937814774374768,false
218,-0.0075089833010207035,5,-0.01971658334025475,false,-0.013889275762209153,false,-0.010782759654996562,false
219,0.007140321703121617,5,-0.0197228611175871,false,-0.013896203712945268,false,-0.0107900342107684,false
220,0.011028843388027185,5,-0.019533219840650345,false,-0.013761127099483956,false,-0.010684045817501561,false
221,0.00254127548142604,5,-0.01986392926587544,false,-0.013993141147391799,false,-0.010863445724961665,false
222,0.0015078805411023852,5,-0.019466580672111808,false,-0.013709977194591112,false,-0.010641153181743693,false
223,-0.0036790149573980233,5,-0.019030120058242683,false,-0.013401591538800047,false,-0.010401043812191412,false
224,-0.004150365817624976,5,-0.01892582726048905,false,-0.013327616568443695,false,-0.010343231163436236,false
225,-0.012034130167594768,5,-0.01903578158634668,false,-0.013405814861935804,false,-0.010404500433580353,true
226,-0.010745094099046101,5,-0.01980220433192251,false,-0.013951657892175458,false,-0.010832753233780011,false
227,-0.0034723214309552598,5,-0.01999184924242496,false,-0.014091072050867412,false,-0.010945389564549409,false
228,-0.005391755475076867,5,-0.01966011712930433,false,-0.013857696771649245,false,-0.010764447949537265,false
229,0.0003703476159930796,5,-0.019529764611369325,false,-0.013767414598206977,false,-0.010695527128472758,false
230,-0.000586597795790314,5,-0.019218142143563217,false,-0.013547547483482008,false,-0.010524574452955258,false
231,0.002957066661947306,5,-0.018924056880592472,false,-0.013338548802336663,false,-0.010360935113737238,false
232,0.0033077055294154457,5,-0.018731112823256773,false,-0.013199893801630162,false,-0.010251221408235298,false
233,0.008843469162182998,5,-0.018484954006398095,false,-0.013024841306194006,false,-0.01011407542963651,false
234,-2.08021350040058e-6,5,-0.018512876040982753,false,-0.013042374304474401,false,-0.010126070071105397,false
235,0.006930531148926901,5,-0.018244530372709337,false,-0.012852857684502363,false,-0.009978576925093628,false
236,0.007889021116057984,5,-0.018377679560937523,false,-0.01295064627397208,false,-0.01005751491020916,false
237,0.005767449149920636,5,-0.01857030256048982,false,-0.013083314935477422,false,-0.010158222135949238,false
238,0.008340542760440167,5,-0.01892400283413018,false,-0.013332710116903776,false,-0.010352012658673887,false
239,-0.0023975420783083437,5,-0.01888300295115661,false,-0.013300899090004934,false,-0.010325100176947181,false
240,0.0009423385786579183,5,-0.01856425108364348,false,-0.013074459859869691,false,-0.0101478724722159,false
241,0.002059926999462492,5,-0.018255659272313512,false,-0.01285772728507411,false,-0.009980109716512316,false
242,-0.0028342286483785395,5,-0.0179812861089781,false,-0.012662640130479809,false,-0.009827289639797824,false
243,-0.002714692801487147,5,-0.018154755429259983,false,-0.012787024372128359,false,-0.00992550680765526,false
244,-0.0040696854915762675,5,-0.018817056775604614,false,-0.013256712324046351,false,-0.010292513271727038,false
245,-0.004466080867949642,5,-0.018558640201506608,false,-0.013075966110270837,false,-0.010153172839637714,false
246,-0.002923221468661913,5,-0.018759978746598818,false,-0.013218261357240376,false,-0.010263992322854526,false
247,-0.00871846901989939,5,-0.01881595665268075,false,-0.013259173125006154,false,-0.010296872388032821,false
248,-0.0045642529942002946,5,-0.018994258943825428,false,-0.013386072502538537,false,-0.010396369062523435,false
249,-0.004869882211915417,5,-0.018887220765297634,false,-0.013310679720100284,false,-0.01033784632364383,false
250,-0.006500791428805323,5,-0.019285709202569522,false,-0.013591145471612309,false,-0.010555394618093728,false
251,-0.0031611960540980973,5,-0.019399407055295772,false,-0.013674325774864828,false,-0.01062230612864514,false
252,-0.02953414149918171,5,-0.019453064355463755,true,-0.01371469561507769,true,-0.010655592473123192,true
253,0.003734482357462527,5,-0.023123339022545587,false,-0.016319997014232604,false,-0.012693160563840768,false
254,-0.0033222295119524556,5,-0.022502789257228123,false,-0.015880445821826013,false,-0.012350099040908377,false
255,0.010236244773114682,5,-0.02208080331941741,false,-0.01558217574592284,false,-0.012117781433205339,false
256,0.005620138213346487,5,-0.022309932891019825,false,-0.01574170817113004,false,-0.012240211877197867,false
257,-0.008210131376421195,5,-0.02220343375870729,false,-0.015665038346785617,false,-0.012179443946554581,false
258,-0.0012640710542921665,5,-0.022136071277926536,false,-0.015621391039001195,false,-0.012148439109741832,false
259,-0.004578778392816954,5,-0.02155873688108945,false,-0.015214086252569257,false,-0.011831776479460479,false
260,-0.018844863618175552,5,-0.021311573868223375,false,-0.015040046260378135,true,-0.011696718099015851,true
261,-0.0054821579788191565,5,-0.022810314089604534,false,-0.016105434589864413,false,-0.01253108813845436,false
262,-0.015182299653776874,5,-0.022495105188872374,false,-0.01588374362234667,false,-0.012359251235091103,true
263,-0.0012479790617476573,5,-0.023874834007381364,false,-0.01686428376214439,false,-0.013126985367375938,false
264,0.0017808002037906392,5,-0.02338027910707969,false,-0.016513532465647355,false,-0.012852895239954202,false
265,0.00974208666300229,5,-0.023069889465101537,false,-0.01629070812383819,false,-0.012676751635649387,false
266,0.009778702790262439,5,-0.022888831321966126,false,-0.016156330425881136,false,-0.01256725911028641,false
267,0.006981958245142767,5,-0.022961524013367166,false,-0.016206845721308503,false,-0.012605951717982686,false
268,0.01181078603984989,5,-0.02275552480166159,false,-0.016056586613631123,false,-0.012485407453508996,false
269,-0.002858089847656432,5,-0.022587279839747523,false,-0.01593177473506059,false,-0.012383749590954526,false
270,0.0030313065787525772,5,-0.022060401790665436,false,-0.015558505280660741,false,-0.01209236830998566,false
271,0.0065650099491990745,5,-0.021712829736159067,false,-0.015308806246039617,false,-0.011894845020108218,false
272,0.002051196588227127,5,-0.022122771142942515,false,-0.015600509512579068,false,-0.01212351597159729,false
273,-0.007717700638383087,5,-0.021835901460133506,false,-0.015397699353139878,false,-0.011965517633023153,false
274,-0.007409794523808795,5,-0.021688762135914995,false,-0.015296489953458095,false,-0.011888793306158526,false
275,-0.008903807609284187,5,-0.022059027601601874,false,-0.0155617211430065,false,-0.012098031111753269,false
276,-0.0033707217192127936,5,-0.02239383170154055,false,-0.01580231087721437,false,-0.012288395516209158,false
277,0.002399040787861183,5,-0.02191704217782878,false,-0.015466263681734014,false,-0.01202737753512358,false
278,0.0075270269145230485,5,-0.021386117872111827,false,-0.015091526657831563,false,-0.011735903373220462,false
279,-0.0015211852671442073,5,-0.021136269182760504,false,-0.01491173787310057,false,-0.01159346326440162,false
280,-0.010984108876127668,5,-0.020699172061225332,false,-0.014603634612771544,false,-0.011354126154168765,false
281,-0.0031485606674877516,5,-0.021332778675048104,false,-0.015053674054146931,false,-0.011706306615161564,false
282,-0.0004459265102631084,5,-0.02110934981330463,false,-0.014898477447021816,false,-0.011587484370495355,false
283,-0.0008630404018275192,5,-0.020891700430147542,false,-0.01474541115574259,false,-0.011468847086520986,false
284,0.005361225430058002,5,-0.02077085957767494,false,-0.014661383242635146,false,-0.01140444401517109,false
285,0.0027791439290000947,5,-0.02047387909236571,false,-0.014448059771335453,false,-0.01123571778848588,false
286,0.01242369834678905,5,-0.020022206738461574,false,-0.014128127782878514,false,-0.010986016101373194,false
287,-0.008354726762705546,5,-0.020359405449093353,false,-0.014362214121525428,false,-0.011165133616059161,false
288,0.018111756987086728,5,-0.020286327714008633,false,-0.014313309415713604,false,-0.01112911546270585,false
289,-0.011956962910878595,5,-0.02136987264123561,false,-0.015072688754583436,false,-0.011715683325924472,true
290,-0.02862829413169848,5,-0.021792621290381103,true,-0.01537583958392661,true,-0.011955077000075918,true
291,0.005114263709822747,5,-0.025417242480149177,false,-0.017943394440205426,false,-0.01395911370540827,false
292,-0.02444137944777033,5,-0.024703909810209423,false,-0.017435186447286862,true,-0.013560256918791888,true
293,-0.000687648664953269,5,-0.02654229441240456,false,-0.01874010212447091,false,-0.014580782286034523,false
294,0.020659441908524912,5,-0.025928909948096525,false,-0.01830589073956798,false,-0.014242087406772703,false
295,0.0019513663257623467,5,-0.027066491707844417,false,-0.019103753886135662,false,-0.014858847817706475,false
296,-0.014455777070960634,5,-0.026139655351603248,false,-0.018446913045406608,false,-0.014345940587239134,true
297,0.00017522889758328475,5,-0.026219596875364494,false,-0.01850724618918174,false,-0.01439582057620008,false
298,-0.007351261013118603,5,-0.02554486292204203,false,-0.018030066056566166,false,-0.014023955654399779,false
299,0.00418107949437787,5,-0.02512582462821237,false,-0.017735101448469022,false,-0.013795134269059825,false
300,-0.015348594144127523,5,-0.024520612536850783,false,-0.01730557602210652,false,-0.013459266753719267,true
301,-0.004699357848649759,5,-0.025286787614474168,false,-0.017848549451213058,false,-0.013883252209909068,false
302,-0.0026138040156155158,5,-0.024699570227276427,false,-0.017433717358709515,false,-0.01356031808013392,false
303,-0.013126474748881824,5,-0.024096617590908833,false,-0.01700808787961655,false,-0.013229218920039523,false
304,0.008906542018210386,5,-0.024445946810383975,false,-0.017259354733945548,false,-0.013428209090366877,false
305,0.01737016111923524,5,-0.024965880493446092,false,-0.017625449699416016,false,-0.013712293204734879,false
306,0.0017682113886158255,5,-0.02590646504742954,false,-0.01828219749655291,false,-0.014217728677071077,false
307,-0.004731268028786351,5,-0.025109798593742245,false,-0.017718148841340608,false,-0.013777687709475843,false
308,0.0006311171062571039,5,-0.025207108460810354,false,-0.01778550869155163,false,-0.013829081316523668,false
309,0.013851109835409867,5,-0.024910806117513954,false,-0.01757251397482777,false,-0.013660497587264458,false
310,0.013376441881752812,5,-0.02646371275689044,false,-0.018664714602826038,false,-0.014507097545336169,false
311,0.0011454056101171351,5,-0.02632698716163418,false,-0.018568213466479005,false,-0.014432039919192063,false
312,0.0182125102154494,5,-0.025564608109997878,false,-0.018029071970817413,false,-0.014011905538580133,false
313,0.0015595276786713038,5,-0.025916673549180154,false,-0.01826994423740348,false,-0.01419350113630053,false
314,-0.0007204161865895483,5,-0.025097954196552787,false,-0.01769151819045619,false,-0.013743174561459856,false
315,-0.003652699696718499,5,-0.024379249164120743,false,-0.017177017376680766,false,-0.01333753426103841,false
316,0.006114900452111365,5,-0.02377986417347987,false,-0.016756193320601298,false,-0.01301190037844897,false
317,0.0004089022135927375,5,-0.023177087656838503,false,-0.01632772570412212,false,-0.0126763561916553,false
318,-0.000702630653443406,5,-0.022542322014770525,false,-0.01587616406665268,false,-0.012322459931132054,false
319,0.011145418921096372,5,-0.021906913845637855,false,-0.015423698716051149,false,-0.011967520720150641,false
320,-0.008160861860986982,5,-0.022482717473302497,false,-0.015829366850842148,false,-0.012282490253238897,false
321,0.0002691865975079362,5,-0.022302919299989267,false,-0.015706733758595656,false,-0.012190331654182535,false
322,0.006131880726957219,5,-0.02175307446265587,false,-0.015317320118901797,false,-0.011886443292310681,false
323,0.012855129322218547,5,-0.021338205669804686,false,-0.015025450252400346,false,-0.011660143698316357,false
324,-0.004158966083793184,5,-0.021811067128133244,false,-0.015352775512185547,false,-0.011909884149182128,false
325,0.0013301499266094464,5,-0.021375210207565033,false,-0.015048449637667348,false,-0.01167567698861208,false
326,0.004750576133980551,5,-0.020854585356099332,false,-0.014679566820685518,false,-0.011387687288726266,false
327,0.010015161093255925,5,-0.02049864898807304,false,-0.014429749046548404,false,-0.011194440944323444,false
328,-0.0028045791680077845,5,-0.02069879069053778,false,-0.014572077295149364,false,-0.01130594905459533,false
329,-0.000660202262965205,5,-0.020282008117957915,false,-0.014277878730757282,false,-0.01107709957137355,false
330,0.008987136992935442,5,-0.019921914153991267,false,-0.014026331698988152,false,-0.01088341850750536,false
331,-0.006612095769616751,5,-0.020421908319612058,false,-0.014370903731934769,false,-0.011145135576628088,false
332,-0.009645548776114241,5,-0.020301243609079207,false,-0.01429052658459762,false,-0.01108623558015548,false
333,-0.011582859341687124,5,-0.021193290460778138,false,-0.014922138264444685,false,-0.011579010233570207,true
334,-0.003261944420844205,5,-0.021719253915803812,false,-0.015295276839556745,false,-0.011870678430694481,false
335,0.012587396216791075,5,-0.021307423193348503,false,-0.01500535800622236,false,-0.011645750374342883,false
336,0.0037083240730404502,5,-0.0216590885892774,false,-0.01525367320675167,false,-0.011838969968128868,false
337,0.0015323319512611888,5,-0.021186330138947922,false,-0.014917986118576337,false,-0.011576355115916107,false
338,0.0005747246706542242,5,-0.020777004236309994,false,-0.014628281986676893,false,-0.01135042090736384,false
339,0.00993602232559079,5,-0.0208792175908424,false,-0.014699508638068856,false,-0.011405128661970972,false
340,0.005276743630641115,5,-0.020938022830732535,false,-0.014737338112636042,false,-0.011431776033660603,false
341,-0.0017507940875977617,5,-0.020659443632775512,false,-0.014537369155665227,false,-0.01127371390527999,false
342,0.00381842069334682,5,-0.02019145711582598,false,-0.014210088691401364,false,-0.011021443317051694,false
343,0.004650718931425282,5,-0.01985040628808476,false,-0.013967049536459207,false,-0.010830653822208528,false
344,-0.001581371036712196,5,-0.019535696820168487,false,-0.01374136877605996,false,-0.010652433936355859,false
345,0.0005945370480831733,5,-0.0191918363884298,false,-0.013502452903574696,false,-0.010469463620084812,false
346,-0.0065472236191357145,5,-0.01881760461845606,false,-0.013238049037881554,false,-0.010263608603770152,false
347,0.0006532557305291055,5,-0.01897046844467323,false,-0.013349619012113359,false,-0.010353164978307189,false
348,0.0005614905599533899,5,-0.018787483546431533,false,-0.013221342790730159,false,-0.010254053750120076,false
349,-0.003468131868064597,5,-0.018572294521158234,false,-0.013067297379899293,false,-0.01013260377390025,false
350,-0.0015418785803551294,5,-0.018321716709879345,false,-0.012888579501585286,false,-0.009992194159948273,false
351,-0.00672034633205047,5,-0.01804051249213916,false,-0.012690195501036335,false,-0.009837961310726347,false
352,-0.009704171094641813,5,-0.01852130772338939,false,-0.013031764576551334,false,-0.010105309437794028,false
353,0.005984139947460127,5,-0.01892085165599115,false,-0.013316462095677698,false,-0.01032878275886003,false
354,0.007708504697496978,5,-0.01882203888873555,false,-0.013245629777967144,false,-0.010272866715266568,false
355,-4.639076397593535e-5,5,-0.01880018666967865,false,-0.013227215802701796,false,-0.010256285655044047,false
356,-0.0007464323078706756,5,-0.01865082413279074,false,-0.01312023234017817,false,-0.010171894320249768,false
357,0.008981029907351189,5,-0.01839544051164524,false,-0.012936658763594374,false,-0.010026602412704868,false
358,0.005234557847267069,5,-0.018646899644462384,false,-0.01310906909444792,false,-0.010156872119733967,false
359,0.002428840574236793,5,-0.01838942933528659,false,-0.012923509801561843,false,-0.010009648323541365,false
360,-0.005369959506824057,5,-0.01813102952174415,false,-0.012735729798598681,false,-0.00985951548028526,false
361,0.002198572401421665,5,-0.018222237047218915,false,-0.012802924453094357,false,-0.009913908962116223,false
362,-0.006325262069962277,5,-0.01799081003917972,false,-0.012638702604287608,false,-0.009785513935018685,false
363,-0.013741470264998834,5,-0.01891547950130666,false,-0.01329658337087914,true,-0.010301170635211968,true
364,0.006984084865134909,5,-0.019815130902610847,false,-0.013941010875923737,false,-0.01080953922555931,false
365,-0.0072568626217295925,5,-0.019710941500956397,false,-0.01386864106234717,false,-0.010754132316645822,false
366,-0.00196761244024655,5,-0.01970990634483324,false,-0.013869187624365852,false,-0.010755522086753126,false
367,0.006875959557580235,5,-0.019629490149427428,false,-0.013813997667136674,false,-0.01071378014375188,false
368,0.010862163296058122,5,-0.019470197939840308,false,-0.01369993175764415,false,-0.010623824207490017,false
369,-0.0014095613865888926,5,-0.019736975291442287,false,-0.013886841328479393,false,-0.010768156559931305,false
370,0.012794537193196093,5,-0.019331209408149624,false,-0.013598003480892367,false,-0.010541652615513005,false
371,-0.003147796852619415,5,-0.020006974553141328,false,-0.014070566725288405,false,-0.01090588967860451,false
372,-0.001077789905389621,5,-0.019686358739173997,false,-0.0138427357356014,false,-0.01072752193541193,false
373,0.0015165458871416503,5,-0.01935867051337775,false,-0.013606857032123451,false,-0.01054058654856134,false
374,-0.0002693378992397334,5,-0.01901479849436521,false,-0.013359809526990682,false,-0.0103451558335005,false
375,0.0007777100171899511,5,-0.018713935696592483,false,-0.013146043194471036,false,-0.010177820304326358,false
376,-0.0020374118891123153,5,-0.01839984014428885,false,-0.012928708313773131,false,-0.010012068179620323,false
377,0.0035928982195760116,5,-0.01824681979700279,false,-0.012822624186070154,false,-0.00993100557690014,false
378,0.00475806691600526,5,-0.018350307831465875,false,-0.012894620687921347,false,-0.009986214059243282,false
379,0.0031427331450831143,5,-0.018213660645145704,false,-0.012797055547528673,false,-0.009909483412920219,false
380,-0.0005115743583208504,5,-0.017928635878378764,false,-0.012593145053442037,false,-0.009748814637454297,false
381,-0.0049514201639735324,5,-0.01771095932060127,false,-0.012440885051519164,false,-0.009631427959398243,false
382,-0.00011869330472424633,5,-0.017632616540443194,false,-0.012385192220431012,false,-0.009587809732348214,false
383,0.0015415669388738834,5,-0.017381449891722658,false,-0.012210260630340898,false,-0.009453518769923258,false
384,-0.004552787705243083,5,-0.01719873450218824,false,-0.01208325577013021,false,-0.009356212986750748,false
385,-0.0016156454769485906,5,-0.01714201315913292,false,-0.012044499215772005,false,-0.009327033394772304,false
386,0.0019249397967379509,5,-0.01724881750683764,false,-0.012120855175774686,false,-0.00938715743195845,false
387,0.0017999157109960025,5,-0.01707646046405654,false,-0.011998346143353626,false,-0.009291222189408956,false
388,-0.0012711174175579491,5,-0.016944198151980373,false,-0.011907336702772199,false,-0.009222204501974385,false
389,0.004181862120978155,5,-0.01690848565749929,false,-0.011881145450620136,false,-0.009201088988876702,false
390,-0.007416931028686374,5,-0.01679151904936141,false,-0.011794544778296653,false,-0.00913067628457355,false
391,0.0011490224589122849,5,-0.017225539149844194,false,-0.012102590738013863,false,-0.009371565895987657,false
392,-0.005407016025346182,5,-0.017019560690706526,false,-0.011957822604140612,false,-0.009259428760017797,false
393,-0.006608930242015798,5,-0.017292095035088884,false,-0.012152924608909156,false,-0.009413251871059208,false
394,-0.003222974850519568,5,-0.01767810204596534,false,-0.012431313837126659,false,-0.00963427045755667,false
395,-0.01346276082861635,5,-0.017869468614263535,false,-0.012567879085383142,true,-0.009741621324878899,true
396,0.002342590303081822,5,-0.01866194055421134,false,-0.013129857212777488,false,-0.010180724053691607,false
397,-0.009797306120433742,5,-0.01834074558093215,false,-0.012901595323232713,false,-0.010002004447207629,false
398,-0.003390780240765992,5,-0.018757299839619893,false,-0.013198895747487109,false,-0.010235731093597654,false
399,0.004843244959132069,5,-0.018797989183856046,false,-0.013225613848013615,false,-0.010255001175799996,false
400,-0.0018616096376765205,5,-0.018601506282704915,false,-0.013088329479057784,false,-0.010149275325306602,false
401,6.845845122779772e-5,5,-0.01868091767137279,false,-0.013149857559898278,false,-0.010201269880917487,false
402,0.0074629473629644295,5,-0.018516733669798707,false,-0.013034057562175738,false,-0.010111263216614059,false
403,0.002676350947424878,5,-0.019230436535587727,false,-0.013538954600030233,false,-0.01050484664023575,false
404,-6.0766389772319964e-5,5,-0.019146445598624127,false,-0.01348134615115769,false,-0.010461302598142075,false
405,-0.005035853415901563,5,-0.01873667595236288,false,-0.013191832394499262,false,-0.010235896811250986,false
406,0.002039352133768221,5,-0.018942574125301242,false,-0.013338898673075373,false,-0.0103516000246368,false
407,0.005510582431707792,5,-0.0187136500542536,false,-0.013177302530153895,false,-0.010225896151067497,false
408,-0.011236808598789562,5,-0.018532660838079466,false,-0.013051050371001885,false,-0.010128824114471791,true
409,-0.000371490692878457,5,-0.019164628047867036,false,-0.013498425924685002,false,-0.010477794539325605,false
410,-0.0005845995894088459,5,-0.018961249695244674,false,-0.013355183927706477,false,-0.010366611011019728,false
411,0.0015717404314028584,5,-0.018713120290311303,false,-0.013179015080338648,false,-0.010228804070616198,false
412,0.0047352930519983,5,-0.018615519266047213,false,-0.013109119982872931,false,-0.010173678900207131,false
413,0.009063257221796031,5,-0.018508785466385114,false,-0.013030102519888436,false,-0.010109436913747384,false
414,0.0002692445174571655,5,-0.019047029455803763,false,-0.013406864227099583,false,-0.010400113013842648,false
415,0.010295606420903285,5,-0.018658751802196567,false,-0.013130909760758916,false,-0.010184037623007026,false
416,0.001677328785683964,5,-0.019068871863568298,false,-0.013414517579220348,false,-0.010400202232903133,false
417,0.009569748714341571,5,-0.018776378082860427,false,-0.01320337268060057,false,-0.010232424122311241,false
418,-0.003407431652570695,5,-0.01885016747325544,false,-0.013254085843752851,false,-0.01027083543410882,false
419,-0.004665560347697708,5,-0.018565047094881958,false,-0.013055582374130634,false,-0.010118507118035478,false
420,-0.0043112570067305725,5,-0.018362981032273205,false,-0.012911698870754633,false,-0.010005640521694954,false
421,-0.004163114734977568,5,-0.01834261609922324,false,-0.012900773103521295,false,-0.00999974673883095,false
422,0.008132918472915146,5,-0.018137292696657228,false,-0.01275842451363444,false,-0.009890969788559195,false
423,0.013292709623559683,5,-0.018586563942931962,false,-0.013077937152835978,false,-0.01014130859447261,false
424,0.011324811668210264,5,-0.019169106687058242,false,-0.013484787319457427,false,-0.010454497698137175,false
425,-0.0021647990249371836,5,-0.019477266216858684,false,-0.013703615021303364,false,-0.010625702933052943,false
426,0.004825313715547171,5,-0.019256914438248347,false,-0.013551297110751086,false,-0.01050965362581836,false
427,-0.002570557431552061,5,-0.018948491071102788,false,-0.013332207865790025,false,-0.010338188070832989,false
428,-0.0028226554598962386,5,-0.018684004408019678,false,-0.01314762172517137,false,-0.010196196603086188,false
429,0.005148758773312249,5,-0.018434584500114534,false,-0.012967044940500006,false,-0.010052319832672229,false
430,0.002792791365553932,5,-0.018283477644131785,false,-0.012857032188817251,false,-0.009964214195932294,false
431,0.0037286479598340853,5,-0.01827833363208098,false,-0.01285167898520311,false,-0.009958749473069803,false
432,-0.0018331001973928354,5,-0.0181892527784069,false,-0.012786363734836432,false,-0.00990610357788702,false
433,0.0030946175901518033,5,-0.017970276543387384,false,-0.01263296957192818,false,-0.00978767097494955,false
434,0.0013886423613250713,5,-0.018071992601365827,false,-0.012707016243562137,false,-0.009846967199107614,false
435,-0.010416019628599837,5,-0.018067955628298486,false,-0.01270850676866047,false,-0.009851404413024801,true
436,-0.00410584038079289,5,-0.0183963977498624,false,-0.012940922509477232,false,-0.010032628845589323,false
437,0.004590566383710739,5,-0.018256301012610058,false,-0.01284350622489768,false,-0.0099579653524002,false
438,0.00482029500962788,5,-0.018051507296717628,false,-0.012698826539133888,false,-0.009845332233659514,false
439,0.0003475347804471967,5,-0.017878536526814728,false,-0.012575366780644002,false,-0.00974826661214952,false
440,0.0001940658089190163,5,-0.017595601872359007,false,-0.012373578158531249,false,-0.009589736639616127,false
441,-0.0015289211914157705,5,-0.017368833114019513,false,-0.012215137749866281,false,-0.00946772182132893,false
442,-0.0023076880200394233,5,-0.01721592154074737,false,-0.012106494270726093,false,-0.009382677499366344,false
443,-0.005052845777288293,5,-0.01713896382485564,false,-0.012054876954508157,false,-0.009344569056448048,false
444,0.0074549404090181294,5,-0.01743597968619688,false,-0.01226227296615029,false,-0.00950418905783372,false
445,-0.0003091117833208028,5,-0.01768753142771993,false,-0.012435892116993658,false,-0.009636262632957807,false
446,0.0015826440123849522,5,-0.01745619555740126,false,-0.012274022298017735,false,-0.009511424908909173,false
447,0.0025007202685488794,5,-0.017336736575460636,false,-0.012189903598547356,false,-0.009446145983254899,false
448,-0.0038756511454424232,5,-0.017133677312277083,false,-0.012047146204559923,false,-0.00933553529260239,false
449,-0.004314511315848259,5,-0.01714369385321,false,-0.01206012169144794,false,-0.009350088182630155,false
450,-0.001950453314690358,5,-0.017121229085749933,false,-0.01204740065186207,false,-0.009342561488319539,false
451,-0.003804350260057957,5,-0.016943839221923523,false,-0.011922985524066173,false,-0.009246386996280392,false
452,-0.003164787593727129,5,-0.017516636601313154,false,-0.012326292435844483,false,-0.009559339166936532,false
453,-0.0035308295450696414,5,-0.017265085656343767,false,-0.01214488665006445,false,-0.009415327505963932,false
454,-0.014329112390189861,5,-0.017192655617212466,false,-0.01209478212507024,true,-0.00937712462994565,true
455,-0.022260332649732886,5,-0.01866022742881107,true,-0.013133636708042242,true,-0.010187431644708672,true
456,-0.010653145840570973,5,-0.020899693006876136,false,-0.014726792142955412,false,-0.011436041533833163,false
457,0.004622236205997188,5,-0.02128800583063175,false,-0.01500316242857559,false,-0.011652735666591571,false
458,0.008286069770620623,5,-0.020829939433312156,false,-0.01467518621852034,false,-0.01139411005399741,false
459,0.002201904260905028,5,-0.02114376862256836,false,-0.014898427591502705,false,-0.011569059397324067,false
460,-0.004407686496080416,5,-0.020932434653013646,false,-0.014747262769605095,false,-0.011449970525400036,false
461,-0.006928944278615836,5,-0.020590865503041393,false,-0.014510451470053237,false,-0.011269005248274382,false
462,-0.0034331533823019136,5,-0.021048404593251597,false,-0.014836917895587364,false,-0.011525597321274665,false
463,-0.012798440583535138,5,-0.021996251022362266,false,-0.015510172882195384,false,-0.012052468625948512,true
464,0.004129435336593212,5,-0.022463550675716183,false,-0.015846311000194985,false,-0.012318685014784543,false
465,0.005850871479552109,5,-0.022059969564106274,false,-0.015558328645262428,false,-0.012092327929289437,false
466,0.0059641862300433834,5,-0.02170874400394584,false,-0.015306074955764786,false,-0.011892835777818939,false
467,0.002652243299683079,5,-0.021456887481707033,false,-0.015125730174750857,false,-0.011750613641438847,false
468,-0.00477752064463159,5,-0.02131484989610627,false,-0.01502510619856884,false,-0.0116720671071962,false
469,-0.0011617962527108367,5,-0.020866166621420656,false,-0.014708268570915565,false,-0.011425515906110646,false
470,-0.012647076099697804,5,-0.020574868878578716,false,-0.014500325703880882,false,-0.011262009214932806,true
471,0.006360962465621102,5,-0.020974753973665147,false,-0.014786794869557347,false,-0.011488016768311005,false
472,0.0006413447472691537,5,-0.020580761822060898,false,-0.01450508140013844,false,-0.011266158648903042,false
473,0.002805416874187989,5,-0.020092749165785437,false,-0.014158864718268943,false,-0.010995532876305196,false
474,0.013546219181891684,5,-0.01997649499123967,false,-0.014074696634147663,false,-0.010928469768261836,false
475,-0.003780384712336525,5,-0.02040500696813643,false,-0.0143750498076212,false,-0.011160501957853335,false
476,0.008614973166506092,5,-0.02009700448887976,false,-0.014159917472907653,false,-0.010994878353550605,false
477,0.012745066926358692,5,-0.020488527001250645,false,-0.014431677275043688,false,-0.011202793098015463,false
478,0.006405743403025769,5,-0.020850028404647815,false,-0.01467980384251505,false,-0.011390479959972907,false
479,0.0037649913028142638,5,-0.02047332681470548,false,-0.014411526556392365,false,-0.01118000326901668,false
480,0.00011551016757606314,5,-0.01997826128893561,false,-0.014059365557830586,false,-0.010904024145123413,false
481,0.0068875270037189375,5,-0.019516072614728226,false,-0.013736494442605293,false,-0.010655422705078122,false
482,0.0061469407868136264,5,-0.019357536681961912,false,-0.01362321539684502,false,-0.010566269938317819,false
483,0.005190839003893016,5,-0.019245680012920326,false,-0.01354146620326662,false,-0.01050057092850289,false
484,-0.004284963521542608,5,-0.019117369006078796,false,-0.013446868880282225,false,-0.010423946245632813,false
485,0.0015506608932711044,5,-0.019455925629360046,false,-0.01368571451015996,false,-0.01060963631388528,false
486,-0.0018553387369406918,5,-0.019007839170424888,false,-0.01336687116814159,false,-0.01035969199926011,false
487,0.0027100789882773682,5,-0.018658418098486562,false,-0.013123170403261462,false,-0.010172350338878445,false
488,0.00043594874851721796,5,-0.018401591993653585,false,-0.012940997233751025,false,-0.010029974372952026,false
489,-0.0017186737874427555,5,-0.018087166596046346,false,-0.012722920360142062,false,-0.00986326054097046,false
490,0.0010385582940226985,5,-0.01806423876789128,false,-0.012707037362376671,false,-0.009851133116217992,false
491,-0.008165029561305938,5,-0.01773128631048048,false,-0.012470707102460095,false,-0.009666311792256835,false
492,0.0023189079787098773,5,-0.01802742776595122,false,-0.01268023675269153,false,-0.009829669009602736,false
493,-0.00028960922347702283,5,-0.017773827998176762,false,-0.012499132573468864,false,-0.009687211960383382,false
494,-0.0038891325340524316,5,-0.017630856309622328,false,-0.012391391366202641,false,-0.009598251992329417,false
495,-0.0007399652133366808,5,-0.017631044903038448,false,-0.012393411700817876,false,-0.009601248821399955,false
496,-0.01623121550093236,5,-0.017824987827050356,false,-0.012531651784802377,true,-0.009709793927481699,true
497,-0.004939601768071529,5,-0.019646181108206474,false,-0.013824048805339153,false,-0.010720291618174158,false
498,0.005923223267622023,5,-0.019749172990340663,false,-0.013892269759447016,false,-0.0107699763192132,false
499,0.0011180421730014845,5,-0.01948380179879117,false,-0.0137034921571696,false,-0.01062203047595934,false
500,0.0009753862302500243,5,-0.01917208027887896,false,-0.013480001298656405,false,-0.010445575056560207,false
501,-0.0018528507436002062,5,-0.019166858028180352,false,-0.013476429656039327,false,-0.010442883347003688,false
502,0.0008399295768798975,5,-0.019070669596222136,false,-0.013411213853824318,false,-0.01039417893909752,false
503,0.013344735628565977,5,-0.01885211129141418,false,-0.013257571430371304,false,-0.01027514293178818,false
504,0.002448356267547587,5,-0.01971207042524102,false,-0.01386474319925221,false,-0.010747554691799305,false
505,0.006410350768173244,5,-0.019264803454479833,false,-0.01354792209607585,false,-0.010500273797946767,false
506,0.006000935528651262,5,-0.019289316106773827,false,-0.01356427814866549,false,-0.010512281597415685,false
507,0.0009527045069743421,5,-0.019058124910962905,false,-0.013397775267120368,false,-0.010380263816841073,false
508,-0.0013776945861544172,5,-0.018647152053505214,false,-0.013106383835442563,false,-0.010152620800762303,false
509,0.006079722966296371,5,-0.018249853693973642,false,-0.012827501984121342,false,-0.009936866351794311,false
510,0.005533366318033452,5,-0.0180401044452114,false,-0.012673849986144126,false,-0.009813119590635312,false
511,0.0003407458072247939,5,-0.017896002501660704,false,-0.0125724592374635,false,-0.009734498021896734,false
512,0.0036325464613398686,5,-0.017577703900494592,false,-0.012344083934255005,false,-0.009554060496088467,false
513,0.00229278062766936,5,-0.017328978777583576,false,-0.012166122367857798,false,-0.009413822719824117,false
514,0.0017116161748366129,5,-0.01711656278364166,false,-0.012014734004100483,false,-0.009294967959899168,false
515,0.004479355169833674,5,-0.01694079183885849,false,-0.011892740914275935,false,-0.009201643645560182,false
516,-0.0023177897852714787,5,-0.016892931881544816,false,-0.011856175684442131,false,-0.009171099593152291,false
517,0.0009437284705660228,5,-0.016769584145831257,false,-0.011772387381304416,false,-0.009108400277139958,false
518,0.005740884901076348,5,-0.016649826234953608,false,-0.011685734344217647,false,-0.009039395325773953,false
519,0.00400335909970101,5,-0.016756497783684474,false,-0.011761760387727908,false,-0.009099084363847924,false
520,0.0031804096371013555,5,-0.01680642936636851,false,-0.011793453349730384,false,-0.009121054384652981,false
521,-0.002157163714480085,5,-0.016726791162684645,false,-0.011734470701385615,false,-0.00907308313642824,false
522,0.0024464013181573615,5,-0.016600057576317828,false,-0.01164504024689811,false,-0.00900353884351373,false
523,-0.0036439916890237357,5,-0.016503542266258435,false,-0.011578028636214776,false,-0.008952255545795956,false
524,0.00041661238852218823,5,-0.016550822891472028,false,-0.011611785999678608,false,-0.008978803708460789,false
525,0.000719454709488966,5,-0.016428381786034275,false,-0.01152181897661204,false,-0.008906148498543242,false
526,-0.006750740609053267,5,-0.016316175452640403,false,-0.011443262448120724,false,-0.008845530556531932,false
527,-0.002717404602330367,5,-0.016556313287830103,false,-0.011614080866404317,false,-0.008979395050163819,false
528,0.00951905301464484,5,-0.016496912181171233,false,-0.011571524571203591,false,-0.00894581866162099,false
529,0.0010265241943639425,5,-0.01708807912932185,false,-0.011984254095506668,false,-0.00926342385553857,false
530,-0.0014164114725801812,5,-0.01683236372938389,false,-0.011800633144186147,false,-0.009118236188006683,false
531,-0.007630714260018049,5,-0.01668886454930071,false,-0.011697171271971308,false,-0.009036118056467387,false
532,-0.0030866125026086937,5,-0.01696629986797591,false,-0.011888837208613999,false,-0.00918206065291889,false
533,0.0026449256460012176,5,-0.016854279655457077,false,-0.011800489561103506,false,-0.009106332762219333,false
534,0.0032077258326754635,5,-0.016727544193163725,false,-0.011711469737130466,false,-0.009037419005476598,false
535,-0.00036135838139474206,5,-0.016630172235256667,false,-0.01164458190938901,false,-0.008986782154726744,false
536,0.0023717033281286334,5,-0.01665649417816484,false,-0.011669367610676037,false,-0.009010748891290055,false
537,-0.005367680784642417,5,-0.016513307339370578,false,-0.011570917176331016,false,-0.008936147268619903,false
538,0.0026705322542202006,5,-0.016549274835414865,false,-0.011592984009897807,false,-0.00895080371045622,false
539,-0.0042834369208174594,5,-0.017110721938639356,false,-0.011980869883882821,false,-0.009246164735358036,false
540,-0.0007113298789632012,5,-0.017179034336394887,false,-0.012029063158107058,false,-0.009283632579274042,false
541,0.00231586383405116,5,-0.017410044298033268,false,-0.012192866206970009,false,-0.009411607871620504,false
542,0.006007981964013851,5,-0.01713275248847782,false,-0.011991545056164113,false,-0.009250786397881626,false
543,0.0028795180001016806,5,-0.01708247663491199,false,-0.011955176532537401,false,-0.009221831820384505,false
544,-0.0013671202625232704,5,-0.016849128016035463,false,-0.011796628901124352,false,-0.009103160318603974,false
545,0.003158646945226254,5,-0.01662630618876392,false,-0.01163539687800875,false,-0.008974761592184658,false
546,0.004897278932834801,5,-0.016552773862139367,false,-0.011582079810554044,false,-0.008932221204591372,false
547,0.011191476742559561,5,-0.016612764290181815,false,-0.011624156936345323,false,-0.008964748815236704,false
548,0.005286620932907444,5,-0.01702052906592599,false,-0.011905991421477408,false,-0.009179450328420253,false
549,0.003593260622089163,5,-0.017346242684650688,false,-0.012139021150436224,false,-0.009363070618700807,false
550,-0.00016124308859689234,5,-0.017166305792606903,false,-0.012012055198900456,false,-0.00926434327954279,false
551,0.001179256060919245,5,-0.01705018588066528,false,-0.01192847957441327,false,-0.009198116894274733,false
552,0.0008882169882235417,5,-0.016759937520031163,false,-0.011718059280199205,false,-0.009030252646883358,false
553,0.0005361466242928205,5,-0.01658301584836668,false,-0.01158880699303402,false,-0.008926412732204896,false
554,-0.0007696110731604146,5,-0.01638249681199129,false,-0.011443415547750704,false,-0.008810409601745488,false
555,0.003103218141543319,5,-0.016185526742475607,false,-0.011302531434112879,false,-0.008699424703652658,false
556,0.005359748111762349,5,-0.01609506729399218,false,-0.011243165175473182,false,-0.008656634109465287,false
557,-0.0013231429169489979,5,-0.016150982970476485,false,-0.011278074383376524,false,-0.008680344846697836,false
558,-0.0017141528621682353,5,-0.016011720459438075,false,-0.011172712018822807,false,-0.00859305452479523,false
559,0.005259602994468017,5,-0.015991393976292595,false,-0.011166115822881918,false,-0.008593777894157262,false
560,-0.0032133321859375806,5,-0.016272169351372694,false,-0.011370104332247711,false,-0.008756831609543317,false
561,-0.008855969213085948,5,-0.016276027756633175,false,-0.011375062130391623,false,-0.008762375489965326,true
562,0.004613828171836137,5,-0.01660544831611108,false,-0.01161447947834961,false,-0.008953812458898727,false
563,-0.0050998445150725975,5,-0.016584956436321928,false,-0.011601581870993274,false,-0.008944963330075429,false
564,0.0067691154925314315,5,-0.016597819146582402,false,-0.011615076302863604,false,-0.008958794530398429,false
565,0.0053451693049666495,5,-0.016586382966958087,false,-0.011603987065625586,false,-0.008947890246862761,false
566,-0.0006960402998624223,5,-0.016675003903796063,false,-0.0116705149837655,false,-0.009002640458484992,false
567,0.0032650300299910708,5,-0.016497322106171344,false,-0.011544761618805,false,-0.008904569948828281,false
568,-0.003331097225140255,5,-0.016350873218555852,false,-0.011435797174690555,false,-0.008815588322841475,false
569,0.001850288114796535,5,-0.016354348154561094,false,-0.011439267177163691,false,-0.008819055695266904,false
570,0.004145853505865017,5,-0.016208925064210414,false,-0.011339433324530307,false,-0.008743525296567868,false
571,-0.004481575285712933,5,-0.016147710828532825,false,-0.011296732744553277,false,-0.00871069427793918,false
572,0.004576828168787607,5,-0.016190946382427726,false,-0.011329116957114575,false,-0.008737293680588487,false
573,-0.004467249018606907,5,-0.01625937892666394,false,-0.011376230514732237,false,-0.00877304216532592,false
574,0.0002644204198330944,5,-0.016500277088775297,false,-0.011546826972960052,false,-0.008906161045349092,false
575,-0.017120635771455332,5,-0.016434769383514642,true,-0.011500829130934254,true,-0.00887056383922193,true
576,-0.009520471124677111,5,-0.01857179451990238,false,-0.01302602802317548,false,-0.010069600424634315,false
577,0.0029354107845101568,5,-0.018947600171748204,false,-0.013293719289020076,false,-0.010279656311354671,false
578,-0.01064714017756689,5,-0.01853219666689677,false,-0.012997319042961725,false,-0.010046696262214067,true
579,-0.002781112434932895,5,-0.018746689872491378,false,-0.013151290996552614,false,-0.010168404560307084,false
580,-0.005027808092143182,5,-0.01856532101808278,false,-0.01302000282274718,false,-0.01006381421201888,false
581,0.008730495305613041,5,-0.01857285965567634,false,-0.0130289673072815,false,-0.010073538810281293,false
582,0.005751389006100989,5,-0.018760960118361984,false,-0.013155082849868731,false,-0.010166610421325342,false
583,0.013016892355666117,5,-0.018595397735400306,false,-0.013038256798519122,false,-0.01007576552802027,false
584,-0.007671066404408469,5,-0.018999392434058765,false,-0.013316129242451208,false,-0.010286402664644818,false
585,-0.005603379617040129,5,-0.01902977964460129,false,-0.013343380039509349,false,-0.01031198145128003,false
586,0.008178930689144033,5,-0.01879286115943713,false,-0.013174890897892713,false,-0.010179971739501152,false
587,0.004743565766293316,5,-0.01892479176009197,false,-0.013267240152654387,false,-0.010251220325229066,false
588,-0.002632819458304776,5,-0.018659539870300508,false,-0.013076909463501058,false,-0.010100829850906844,false
589,-0.0017590232268176343,5,-0.018391430752146855,false,-0.012890158993384786,false,-0.009957451375009885,false
590,-0.010345706128155517,5,-0.018057843303519276,false,-0.012653374987319273,false,-0.009772272925974802,true
591,0.0012364416334144169,5,-0.018365817597920733,false,-0.012868270627282323,false,-0.009937548679673402,false
592,-0.008832736145485463,5,-0.018098127362397645,false,-0.012675908983517734,false,-0.009785344429438727,false
593,-0.0024436072219695183,5,-0.018420827106238324,false,-0.01291302306778244,false,-0.009976833115274003,false
594,-0.017803426227620135,5,-0.01812293012515092,false,-0.012702286278039834,true,-0.009812561101020585,true
595,-0.016891181212818518,5,-0.02071871047563057,false,-0.014537689984498309,true,-0.011242610832154446,true
596,-0.02796961289905407,5,-0.021927618166880603,true,-0.015391918587231513,true,-0.011907761325209671,true
597,-0.01745679439769693,5,-0.024410239117058988,false,-0.017179729374501417,true,-0.013325171385622095,true
598,-0.02920108786524935,5,-0.025256732240576313,true,-0.01778551327962654,true,-0.013802634097112762,true
599,0.013673207086222421,5,-0.028145063618602233,false,-0.019830981615355184,false,-0.0153987752638182,false
600,-0.0007876749318105115,5,-0.027808622507103243,false,-0.019590450440139563,false,-0.015209373320742053,false
601,0.006256494691984919,5,-0.027090836739369552,false,-0.01907715566294658,false,-0.01480509193393332,false
602,0.0008665915021086844,5,-0.026428781493831998,false,-0.0186097908152832,false,-0.014441515816968554,false
603,-0.022598692219878695,5,-0.02657165764247529,false,-0.018715194005403866,true,-0.014526942311561075,true
604,-0.048237599762308674,5,-0.028084824441060037,true,-0.019792011470011923,true,-0.01537114356083891,true
605,0.004333101573120122,5,-0.03507218111474901,false,-0.024748866674185008,false,-0.019245545945027937,false
606,-0.02424868714549672,5,-0.034263260301897594,false,-0.024179151833057633,true,-0.018803350922298647,true
607,-0.04921807552295463,5,-0.035378584110116434,true,-0.024975284418849705,true,-0.019429323848510476,true
608,-0.05682001354623835,5,-0.04315528202815155,true,-0.030485914910712744,true,-0.02373192218055498,true
609,-0.023035840275845303,5,-0.04944211446310012,false,-0.034939117292018415,false,-0.0272076231652,false
610,-0.014254114896473432,5,-0.04896720833044111,false,-0.03461219451906396,false,-0.02695958977372484,false
611,-0.02421154923060609,5,-0.0471955818558933,false,-0.033359230752586705,false,-0.025983123177725085,false
612,-0.019818725833907175,5,-0.04786451599323219,false,-0.03383460094110388,false,-0.026355305141365342,false
613,0.006897499063402628,5,-0.04743796179058142,false,-0.033539140980383575,false,-0.02612973103593335,false
614,0.003010870854582804,5,-0.04661746667319482,false,-0.03295703295498872,false,-0.025674706287181374,false
615,0.0428752092308599,5,-0.0442177782255405,false,-0.0312560000387599,false,-0.024346124049537527,false
616,0.04242869277715273,5,-0.04942478337315194,false,-0.0349252862448989,false,-0.02719565797796132,false
617,0.0023310327045740313,5,-0.05327542069711119,false,-0.03763759479580611,false,-0.02930112767208457,false
618,0.03305720303370848,5,-0.051503746832439544,false,-0.036384686462318176,false,-0.028324771323695284,false
619,-0.008361284420415336,5,-0.05419385326885014,false,-0.038277752988621044,false,-0.029792938823186982,false
620,-0.009489322517534747,5,-0.05062500906704923,false,-0.035756083359834906,false,-0.027829514084440586,false
621,-0.04206360633254384,5,-0.04831342828944726,false,-0.034126627328494495,true,-0.026563696231282727,true
622,-0.012956964665724432,5,-0.0508619897429842,false,-0.03593675164122482,false,-0.02798016243666991,false
623,-0.011661153502270597,5,-0.048371191846346556,false,-0.03417697447529978,false,-0.02661008971730965,false
624,0.037849253940761454,5,-0.04602524492657172,false,-0.032515858896864556,false,-0.02531405519287794,false
625,0.026420719869639606,5,-0.049981548872458016,false,-0.03530596859994724,false,-0.02748247106036201,false
626,0.011251283012716782,5,-0.049810705909443295,false,-0.035174482858149045,false,-0.02737196650756179,false
627,0.007586199460852726,5,-0.0471350553992858,false,-0.03327736774842569,false,-0.0258898857390144,false
628,-0.004105669438153289,5,-0.04520788460768042,false,-0.031908553800536275,false,-0.024818729758435805,false
629,0.0194129338109226,5,-0.04237434319356929,false,-0.029904255557517294,false,-0.023256497981497853,false
630,-0.022047621741548364,5,-0.041155241648482284,false,-0.029030724558603723,false,-0.022567189362043105,false
631,-0.008924162511698865,5,-0.04318470081716421,false,-0.030467285241369393,false,-0.02368767805585457,false
632,0.022340430102285168,5,-0.040944118249542444,false,-0.02887948293065929,false,-0.02244787048463728,false
633,-0.005751793975204107,5,-0.040748636372643456,false,-0.028724732673187228,false,-0.022314834102763494,false
634,-0.02430647287625352,5,-0.03832344656708196,false,-0.027006997134743374,false,-0.02097423981634436,true
635,0.005867321312182171,5,-0.03980732157916883,false,-0.028056832539653836,false,-0.021792690312735202,false
636,0.008237534928749093,5,-0.03851632484316416,false,-0.027146499416318033,false,-0.02108528755275293,false
637,-0.015367092787782671,5,-0.03659988652522016,false,-0.02580030359304678,false,-0.020043085893337382,false
638,0.02435656889164734,5,-0.035248050900306936,false,-0.024864848251259054,false,-0.0193296013397621,false
639,0.005626236223505485,5,-0.03664706294569495,false,-0.025845276638807004,false,-0.02008688432819037,false
640,0.01310381010620615,5,-0.03451282626555241,false,-0.024339870852452875,false,-0.018916705964467283,false
641,0.0048263749830452386,5,-0.03396775608486531,false,-0.023951127031801876,false,-0.01861129914790093,false
642,-0.025475903683547015,5,-0.03233878719491436,false,-0.022800550890520223,true,-0.017715752410749904,true
643,-0.01291990610616307,5,-0.03348416764066855,false,-0.02361934358056031,false,-0.018360442376683477,false
644,0.005580172657838205,5,-0.0338024084565643,false,-0.02384358004634368,false,-0.01853456547126393,false
645,0.002541633356817473,5,-0.03226894128982433,false,-0.022753996426575815,false,-0.017681614527895483,false
646,-0.001242000101877604,5,-0.03091782416039012,false,-0.021798250820586805,false,-0.01693664001807154,false
647,0.021731174472497027,5,-0.029724088182780793,false,-0.020952522686109924,false,-0.01627643357704367,false
648,-0.002966281845559145,5,-0.03156571655707607,false,-0.02225008460086316,false,-0.017283955675410842,false
649,-0.00013363611416702235,5,-0.030223322970193953,false,-0.021294814303984427,false,-0.016535059371970078,false
650,-0.008238190064326415,5,-0.028767769999914036,false,-0.020262167031352345,false,-0.015727861561886464,false
651,-0.018603865945215705,5,-0.029324998345393708,false,-0.020657297578736827,false,-0.01603657837291291,true
652,0.0022751092829527276,5,-0.030343416066538,false,-0.02137311264216353,false,-0.01659107707922357,false
653,0.0192117440779266,5,-0.028795985438885015,false,-0.02028635680802944,false,-0.015749905272890746,false
654,0.01985663309391845,5,-0.03014017519904847,false,-0.02123414939459461,false,-0.01648637999298943,false
655,0.008843840618075919,5,-0.030910656416730277,false,-0.021775925969889982,false,-0.01690623496969878,false
656,-0.0028943107992207813,5,-0.02992019972608025,false,-0.021070880318872102,false,-0.016353340887809313,false
657,-0.00967385192333297,5,-0.02887586624078498,false,-0.020336040932628866,false,-0.01578349166055728,false
658,0.04216893844165921,5,-0.02813796834295012,false,-0.019815017904350835,false,-0.015378083822743225,false
659,0.007097368485721862,5,-0.034511303538252325,false,-0.02431947804172149,false,-0.01888625358208318,false
660,0.012810309510392666,5,-0.03330948783044495,false,-0.023469951490850273,false,-0.018224531077207694,false
661,-0.0033893097315879092,5,-0.032942731172975526,false,-0.023204887030944445,false,-0.01801367835153387,false
662,0.016467483659118366,5,-0.031639933987257486,false,-0.022283557635760697,false,-0.017295708023948024,false
663,0.00935633569469972,5,-0.031827081096750025,false,-0.02240999374060175,false,-0.017389779316856816,false
664,0.023443928617086572,5,-0.031218518574916504,false,-0.02198654570275216,false,-0.01706501512544447,false
665,0.0017911431830528795,5,-0.0331143133923704,false,-0.023327084187730426,false,-0.01810954851418139,false
666,0.010791321311079993,5,-0.03180578318852677,false,-0.02240145404160444,false,-0.017388040971988965,false
667,0.013063234383819454,5,-0.031597162334460666,false,-0.022249611203825806,false,-0.017266466284598884,false
668,0.002915655282872343,5,-0.03128958092085109,false,-0.022027931955551115,false,-0.01709058116280254,false
669,0.0010857301937444754,5,-0.030053587506129374,false,-0.021149263839304117,false,-0.016402401840970363,false
670,-0.023030716479494163,5,-0.02880627900203822,false,-0.020268685587300887,true,-0.015717326129352234,true
671,-0.021392207078252817,5,-0.0310600462914827,false,-0.021877047962103654,false,-0.016981625532335502,true
672,-0.029581409028052515,5,-0.031562226657396754,false,-0.022238387444640805,true,-0.017267883261094498,true
673,0.0390835339018561,5,-0.03345338626403499,false,-0.02357938751514319,false,-0.018315595318624714,false
674,0.0006716428250539727,5,-0.03830525570415401,false,-0.026990945356818268,false,-0.02095932837671907,false
675,-0.0024156632339972775,5,-0.03625993459427267,false,-0.025549149106243386,false,-0.019839268995432195,false
676,-0.0004649628046266443,5,-0.03446375306256293,false,-0.02427818032134192,false,-0.018848289182422366,false
677,-0.000999321010524876,5,-0.0325764993528059,false,-0.02294237567255419,false,-0.01780645998752391,false
678,0.017648570423851144,5,-0.03081772199434903,false,-0.02170019119209838,false,-0.016839669258794487,false
679,-0.018943585946949105,5,-0.03209806132166549,false,-0.022597761310309914,false,-0.01753318652798372,true
680,-0.013969893466055133,5,-0.03372442164331327,false,-0.02374950585323595,false,-0.01843191515548234,false
681,0.0017099609212358133,5,-0.03318479999515444,false,-0.023371777141092006,false,-0.01814049096847946,false
682,-0.007645487827877226,5,-0.03183614091243928,false,-0.022420545030363226,false,-0.017401125705927334,false
683,0.004223669131002501,5,-0.031221099396076056,false,-0.021989259739852406,false,-0.017067800179469766,false
684,0.0003015955994893275,5,-0.029714141990385686,false,-0.020921248606157346,false,-0.016233789679153263,false
685,0.013847324409924446,5,-0.02833686795183194,false,-0.019941576991203466,false,-0.015466078444981959,false
686,0.01997272428459717,5,-0.028932812562437345,false,-0.020358948331878,false,-0.015788253036226642,false
687,-0.006880772529389799,5,-0.029622964216043997,false,-0.020836506405768344,false,-0.016152478259425042,false
688,-0.0076901279406480436,5,-0.028519123412695992,false,-0.020058598843150095,false,-0.015548324501397037,false
689,-0.0009003793775379724,5,-0.027623196379240628,false,-0.019427128977338674,false,-0.01505783577309222,false
690,-0.0016071471023194994,5,-0.026642494357830674,false,-0.018735885858937963,false,-0.01452090212480805,false
691,0.015642323905801215,5,-0.025835403440348632,false,-0.01816550464858159,false,-0.014076709983429235,false
692,-0.006011265675248582,5,-0.02653394281971277,false,-0.01865502155941009,false,-0.014454797789722104,false
693,0.021787931579282372,5,-0.025561475241988353,false,-0.017973146744659857,false,-0.013927836901640133,false
694,-0.008264212882036647,5,-0.02741039437397685,false,-0.01928322096666224,false,-0.014950654896003541,false
695,0.0018733192833222465,5,-0.026488759486276773,false,-0.018634011429492392,false,-0.014446674305152502,false
696,0.004454435845755217,5,-0.025328784522838915,false,-0.017811449588357092,false,-0.013803986150995186,false
697,0.01571329477934422,5,-0.02457202891041002,false,-0.017280954532739184,false,-0.013394109760986815,false
698,-0.0009655332327589937,5,-0.025004794778616602,false,-0.017584551757723235,false,-0.0136288476602285,false
699,-0.0022844274699693337,5,-0.024126523815453084,false,-0.016965677562571405,false,-0.013148256922264194,false
700,-0.006447068046328656,5,-0.0233123499983714,false,-0.016389602540113863,false,-0.012699111486189647,false
701,0.010985923074055786,5,-0.024015073528368364,false,-0.016887382765574693,false,-0.013087637194348956,false
702,0.00012669167558673386,5,-0.023889557937888207,false,-0.016797589131673975,false,-0.013016886803319652,false
703,-0.0008358871123918163,5,-0.023157722957970937,false,-0.01627831502559615,false,-0.012610928112551842,false
704,-0.011146003950337238,5,-0.02252417799001502,false,-0.015829645112369076,false,-0.012260814406912074,false
705,-0.018244664684015647,5,-0.023710963371618998,false,-0.016671878759409665,true,-0.012919368799193266,true
706,0.0035088670478602402,5,-0.02470098892970059,false,-0.017373152986351607,false,-0.013466710759964142,false
707,0.012650491836090651,5,-0.024330761184208995,false,-0.017109339149565955,false,-0.013259625784148845,false
708,0.013840605646784765,5,-0.02439063503411917,false,-0.017142765025664895,false,-0.013278952343273807,false
709,0.0019257468054957008,5,-0.024864477719360484,false,-0.017474066807585037,false,-0.013534266097074048,false
710,-0.00517987298495925,5,-0.024362435278720687,false,-0.017117255018632094,false,-0.013254876231141938,false
711,0.006490164816981801,5,-0.023711813033944946,false,-0.01665905015183403,false,-0.012899248356546466,false
712,0.014659797472721779,5,-0.023095426039903246,false,-0.016224630318340382,false,-0.012561834543012355,false
713,0.005191563424061262,5,-0.02406275832110124,false,-0.016903213576040937,false,-0.013086486764737365,false
714,0.0025630642137441572,5,-0.023487892066194803,false,-0.016494348263397053,false,-0.012766115940164429,false
715,-0.0039936758266339726,5,-0.022629157176169264,false,-0.015881584405760023,false,-0.012284478329733126,false
716,-0.004911297700737385,5,-0.022283071028350636,false,-0.015638320743558608,false,-0.01209602895414272,false
717,0.001498118201889383,5,-0.021821204705939325,false,-0.015316449140603025,false,-0.011848788018109957,false
718,0.00321570701300221,5,-0.021459618131528982,false,-0.01505808136425578,false,-0.011645445801072156,false
719,-0.02098373971386025,5,-0.020883793343646984,true,-0.014646104776398737,true,-0.011320816082364937,true
720,-0.0003842702595673866,5,-0.023437658996283774,false,-0.016459820536753537,false,-0.012739960673902727,false
721,0.010269175473972903,5,-0.022712229368471497,false,-0.015945424831903775,false,-0.012338066372500624,false
722,0.004842744812535917,5,-0.023094977093907648,false,-0.016212623941715316,false,-0.012543666942884396,false
723,0.002188231671083561,5,-0.022316962544472168,false,-0.015663429866205496,false,-0.012116456215325554,false
724,-0.005583686921787009,5,-0.02158694660509226,false,-0.01514794235357003,false,-0.011715333013173264,false
725,0.010517515564914476,5,-0.021200878276325122,false,-0.014875746552143462,false,-0.011503842234712229,false
726,-0.004053772042249529,5,-0.021198962835409205,false,-0.014878795429942067,false,-0.0115095375724482,false
727,-0.0027529758147687607,5,-0.020798355579813316,false,-0.014597355465821268,false,-0.011291625250460962,false
728,0.005763595679287097,5,-0.02100297177311167,false,-0.014742753164677437,false,-0.011405453789054748,false
729,0.00022214392027469884,5,-0.02061705126162821,false,-0.014471464939103788,false,-0.011195275610928576,false
730,-0.017759457747851374,5,-0.02047143895249564,false,-0.014368564290222048,true,-0.011115144390081644,true
731,0.0036051299366859453,5,-0.022385339869927134,false,-0.01572751202079784,false,-0.01217824863022435,false
732,-6.703544496362325e-6,5,-0.02186329310066055,false,-0.015359834850746896,false,-0.011892865322305214,false
733,0.006063433836525515,5,-0.022365280414115833,false,-0.01571237946661744,false,-0.012165742589072489,false
734,7.23037002043304e-5,5,-0.02193850179170254,false,-0.01540292031476569,false,-0.011918826012862734,false
735,0.010842996345318665,5,-0.021272309753239786,false,-0.014925721398287971,false,-0.011542378630388614,false
736,0.0009311022169541008,5,-0.02112801719683206,false,-0.014815686609785618,false,-0.011450606531193437,false
737,0.0048220375731393905,5,-0.02045528705052689,false,-0.014340716578258538,false,-0.011081061685087646,false
738,-0.006779784924420427,5,-0.019964819916714078,false,-0.013989172450037748,false,-0.01080357689709457,false
739,-0.0005170628180755448,5,-0.019977687427943952,false,-0.01400266606877444,false,-0.010817404291426374,false
740,-0.023746677854264625,5,-0.019770043935740673,true,-0.013865288404601323,true,-0.010717485080173214,true
741,-0.008839709320546119,5,-0.023088837704206396,false,-0.016221597260885134,false,-0.012560696791232194,false
742,-0.002901094020240197,5,-0.023022386411528286,false,-0.016175430107064355,false,-0.012525343036779357,false
743,-0.013799432212889495,5,-0.022561018094080135,false,-0.015854333077492476,false,-0.012279024111731911,true
744,0.0024357597479859436,5,-0.023036454739804715,false,-0.016179970348879472,false,-0.012524803890958494,false
745,0.010977527176745827,5,-0.022520248024158352,false,-0.01581242969245283,false,-0.012236516560596506,false
746,0.0030955308754275134,5,-0.023032371348034056,false,-0.016173365459502757,false,-0.012516854800538229,false
747,-0.0094059048724465,5,-0.022493787752012218,false,-0.01579830983198676,false,-0.012228975327934153,false
748,0.0069715683471729024,5,-0.022666656505237356,false,-0.015924795092097994,false,-0.012330733719498074,false
749,-0.009412832415772539,5,-0.02229155329491917,false,-0.0156596372576575,false,-0.012124187358109799,false
750,0.017903247624516137,5,-0.022215138404216572,false,-0.015606188545876237,false,-0.012082981831330305,false
751,0.006855823621845787,5,-0.023197125137056147,false,-0.016291345232407647,false,-0.012609899518527784,false
752,-0.0021199311664342143,5,-0.022690892526464414,false,-0.01593252527883693,false,-0.01232966470694752,false
753,0.008869000206340343,5,-0.02225128081893274,false,-0.01562339946129883,false,-0.012090100434531261,false
754,0.004133749929912089,5,-0.02201713221525766,false,-0.015460721831751238,false,-0.011965523716828736,false
755,0.003909987887402535,5,-0.02155249803370441,false,-0.015133587810171038,false,-0.011711690521741692,false
756,-0.0017803645921714746,5,-0.021028505840894086,false,-0.014764269939745387,false,-0.011424828960241707,false
757,0.0005144072926858746,5,-0.02063710674296024,false,-0.01449032617361188,false,-0.01121350019687387,false
758,-0.011340522628491553,5,-0.020133190344650522,false,-0.014133573833441236,false,-0.010935200471549604,true
759,-0.0046816388945197,5,-0.020619406238263187,false,-0.014481592717324797,false,-0.011209547040913594,false
760,0.00861256793072588,5,-0.020535421179746455,false,-0.014422671800051277,false,-0.011163987724592598,false
761,0.00016595452223306393,5,-0.02036310710457628,false,-0.014298560465196264,false,-0.011065573092236181,false
762,0.006263606222656525,5,-0.020244757403342275,false,-0.014216089343248526,false,-0.011002228708145326,false
763,-0.004822670504027019,5,-0.020328315974752827,false,-0.014271508832951628,false,-0.011042647357512541,false
764,0.0013557482058535845,5,-0.0201719252482614,false,-0.014162367355376073,false,-0.010958694279698797,false
765,-0.006551415976590528,5,-0.019725979110377247,false,-0.013847886359633188,false,-0.010714296864774178,false
766,-0.007252103009568137,5,-0.019790267866942494,false,-0.013895378150990156,false,-0.010752834256132009,false
767,-0.01655117563728642,5,-0.01990743899339432,false,-0.013980918140031499,true,-0.010821511802863743,true
768,-0.010052058441152067,5,-0.02129627084103008,false,-0.014973255011149855,false,-0.011602478669141329,false
769,-0.01750356074238925,5,-0.021769624866183272,false,-0.015310809392680425,true,-0.011867638763152768,true
770,0.013211224815160662,5,-0.02297764785301101,false,-0.016168242849839396,false,-0.012538174239323175,false
771,0.027199330152384155,5,-0.02315711841215408,false,-0.016286949297398504,false,-0.012624487563840825,false
772,0.0030422133414442884,5,-0.02641093822467003,false,-0.018582483949546386,false,-0.014409163942915599,false
773,0.029191023356016442,5,-0.025778838656753164,false,-0.01813582607832207,false,-0.014061364354012713,false
774,0.007175161970531778,5,-0.028986141880380897,false,-0.020398936724273283,false,-0.015821129430577247,false
775,0.01648027205331179,5,-0.028061629185525155,false,-0.019746677235048516,false,-0.015314007117862481,false
776,0.009190540757183221,5,-0.028903377274483253,false,-0.020341619217297078,false,-0.015777377677874783,false
777,0.013618653514765978,5,-0.02828566227156769,false,-0.01990190807954525,false,-0.015432559741978403,false
778,-0.0032724914813100523,5,-0.028219207412401633,false,-0.019851375530656853,false,-0.015390515317782091,false
779,-0.0024303103106359265,5,-0.02731286730059933,false,-0.019210979300795593,false,-0.014891892787317965,false
780,0.02053907640419858,5,-0.02643223617017145,false,-0.01858776139817653,false,-0.014405900923943917,false
781,0.00495054054535204,5,-0.02756066218909788,false,-0.01938022625256173,false,-0.015019266124661056,false
782,0.0021242346977392514,5,-0.026619212210635224,false,-0.018712339558016638,false,-0.014497215004512898,false
783,-0.0037923371617804348,5,-0.025703139858325754,false,-0.018063113324099694,false,-0.013990243448906852,false
784,0.001146804433872265,5,-0.024934559841077987,false,-0.017519817062411028,false,-0.013567045123694782,false
785,0.0009603918747179163,5,-0.024083789562169885,false,-0.016919169020129018,false,-0.013099736320236956,false
786,0.01802209423806326,5,-0.02347399298669525,false,-0.016486896214439935,false,-0.012762100779333692,false
787,0.00507759685282648,5,-0.02463613414909967,false,-0.017303164368952358,false,-0.013393985313164311,false
788,0.009621611345966735,5,-0.02388217750868678,false,-0.016767487299406993,false,-0.012974672275153873,false
789,-0.017110929060923624,5,-0.02366197926275951,false,-0.016607070954506364,true,-0.012846125440481042,true
790,0.013068052784584956,5,-0.024666864039890518,false,-0.017322226075415736,false,-0.013406826753738216,false
791,0.005530768338814767,5,-0.02464180028648612,false,-0.0173031677549774,false,-0.013390969907392329,false
792,0.00939820820325292,5,-0.02391119464252362,false,-0.016785816400883377,false,-0.012987303626127563,false
793,0.004385723752885354,5,-0.023594257118693635,false,-0.01655976392764342,false,-0.01280970163705742,false
794,-0.0006891927667529094,5,-0.022995297144262287,false,-0.01614037938418311,false,-0.012486048091369203,false
795,-0.0033814693908920854,5,-0.022379850950787674,false,-0.01570609779631142,false,-0.012148344684385479,false
796,0.006389131638955679,5,-0.02170138200618406,false,-0.015226307837114518,false,-0.011774469757141913,false
797,0.0010894533504156461,5,-0.021463743231710183,false,-0.015051146253230417,false,-0.011632614532378403,false
798,-0.0024728112738729054,5,-0.020852888368824044,false,-0.014615100327520978,false,-0.011289758604236635,false
799,0.002747074646294634,5,-0.020642439427300777,false,-0.014464600712377243,false,-0.011171217753156805,false
800,0.0016117306613059475,5,-0.020103601468563333,false,-0.014081329256389427,false,-0.010870878224145893,false
801,0.007779046279459012,5,-0.019653885612699994,false,-0.013762949148661703,false,-0.010622512717770814,false
802,0.010751913067750815,5,-0.019602928657992482,false,-0.013724324549784646,false,-0.010590462452153858,false
803,-0.005772253627778871,5,-0.020028708163115163,false,-0.01402530488504539,false,-0.010824912811752517,false
804,-0.012761262917449914,5,-0.01973601470537585,false,-0.013820584956804008,false,-0.010667091246560182,true
805,-0.00998990196770298,5,-0.020965624259396697,false,-0.014699797956069061,false,-0.011359509139048712,false
806,0.008714619296828294,5,-0.021818703845631438,false,-0.015307257252919116,false,-0.011836029168490528,false
807,0.005493034322123868,5,-0.02164140473632842,false,-0.015178327794104543,false,-0.011732885391370317,false
808,0.004772635266511373,5,-0.021103222681477636,false,-0.014794040155300356,false,-0.011430638296308832,false
809,0.015352137934715111,5,-0.020729475402334486,false,-0.01452902329130954,false,-0.011223585214303233,false
810,0.003824637415812596,5,-0.021720895782889608,false,-0.015224014028124535,false,-0.011760550404911719,false
811,-0.005872476486285624,5,-0.021159856706303028,false,-0.014827647446688146,false,-0.011451970121306297,false
812,0.006752276144145591,5,-0.020951155672010488,false,-0.014679697275326834,false,-0.011336406010178691,false
813,5.5703138692203276e-5,5,-0.02077844830570679,false,-0.01455774705261275,false,-0.011241514232896812,false
814,0.00018961107425585354,5,-0.020284909720972907,false,-0.014208750221298796,false,-0.010969572075486713,false
815,0.012571025851046275,5,-0.020061313313222535,false,-0.01405001111689347,false,-0.010845408159504742,false
816,0.015417176395873006,5,-0.02053860687179631,false,-0.014385201106562877,false,-0.011104843262413585,false
817,-0.015116403020304673,5,-0.02125492575575572,false,-0.01488938319526157,true,-0.011495936010523377,true
818,0.0019907408569515557,5,-0.02255536625342354,false,-0.015815114399528554,false,-0.012221911077005997,false
819,0.004287710494559777,5,-0.02184317288552413,false,-0.015308978179884957,false,-0.011825623160629354,false
820,0.00662192336829793,5,-0.02123795780194339,false,-0.014877647517503619,false,-0.011486989639769154,false
821,-0.012891764436846788,5,-0.020907492417181997,false,-0.014640524168478612,false,-0.011299626584603964,true
822,0.001682743599643134,5,-0.02168353540903415,false,-0.015196171687126423,false,-0.01173778209201051,false
823,0.0040350843031726836,5,-0.021043248105176247,false,-0.014742072140913016,false,-0.011382938550451388,false
824,0.006116690956327374,5,-0.02065572373494588,false,-0.014468972485629922,false,-0.011170838287303713,false
825,-0.006312205305179246,5,-0.020458841159806947,false,-0.01432950069572664,false,-0.011061971974573833,false
826,-0.0027596427462305622,5,-0.020315626730287216,false,-0.014229901876773692,false,-0.010985624476224263,false
827,0.0011089101925572699,5,-0.020414528741946474,false,-0.014299822230234028,false,-0.011040094814938874,false
828,-0.009561752683553575,5,-0.020244048218587034,false,-0.014179571554217183,false,-0.010946621484676091,false
829,-0.00976292028223737,5,-0.020929876858130313,false,-0.01466806327303503,false,-0.011329913621256188,false
830,-0.0183263659455283,5,-0.021684644698413275,false,-0.015204149821047485,true,-0.011749421981540267,true
831,0.008337139965396749,5,-0.023135982349210094,false,-0.016233197249822934,false,-0.012553348055546285,false
832,0.009755592714484828,5,-0.022739171146128306,false,-0.015951016829408422,false,-0.012332276881206227,false
833,0.010230687180869717,5,-0.02262050063585147,false,-0.015865221088831948,false,-0.012264006558711309,false
834,-0.004289027808401342,5,-0.02257428431017738,false,-0.01582869356663463,false,-0.012232644101796213,false
835,0.012859145269311133,5,-0.02221778020397858,false,-0.015575554985748122,false,-0.012034609299972765,false
836,0.010617357375148035,5,-0.022638076404277858,false,-0.015867615235809585,false,-0.012258307439470794,false
837,0.0007287266733504722,5,-0.022665860128718334,false,-0.015879668009808137,false,-0.012261974101997612,false
838,0.003040159491251546,5,-0.022073083993129978,false,-0.015462423117232841,false,-0.011938304265558617,false
839,0.0030480294951773833,5,-0.02145523777053599,false,-0.015025785588702165,false,-0.011598268421310998,false
840,8.35183363887606e-5,5,-0.02084426217209875,false,-0.014586654303032805,false,-0.011250746702906895,false
841,0.012466074716952198,5,-0.020392797956881713,false,-0.014269438020694575,false,-0.011005097496832017,false
842,-0.009821994294053733,5,-0.020944813937607217,false,-0.014654284118101421,false,-0.011300825948016312,false
843,-0.005726227576322714,5,-0.021326862639187066,false,-0.014926223252740702,false,-0.011514066079955311,false
844,0.004371794737713661,5,-0.020986878040580914,false,-0.014688402760636947,false,-0.01133070889499264,false
845,-0.006653315528612257,5,-0.020723076587615612,false,-0.014500721838282453,false,-0.011183607545839835,false
846,0.0029791177410091697,5,-0.020735520040541605,false,-0.014512132591399303,false,-0.011194467770509706,false
847,-0.012104665330273861,5,-0.020395460504924634,false,-0.01426749774834663,false,-0.011000703477965406,true
848,0.010065870154761791,5,-0.02111111654753538,false,-0.014776241628222888,false,-0.011399143249519914,false
849,-0.03293307521969733,5,-0.021365776305915754,true,-0.014957664645087354,true,-0.01154152403047837,true
850,0.01310395248008613,5,-0.02732975221365902,false,-0.01917999836630297,false,-0.01483539474661203,false
851,-0.0024457913166150242,5,-0.027376098240734274,false,-0.019211812787128624,false,-0.014859462421916967,false
852,0.0012285058548026021,5,-0.026496902279498625,false,-0.018590527318683766,false,-0.014375668082839,false
853,-0.0050483808879878906,5,-0.02566001905014841,false,-0.017998845829665263,false,-0.013914702734277336,false
854,-0.012195011822271158,5,-0.025549649199619977,false,-0.01792150293899699,false,-0.013854966393701665,false
855,0.00033347054215655944,5,-0.026453245649619615,false,-0.018562864768371296,false,-0.01435653191716095,false
856,0.006303558125567743,5,-0.02661580299413997,false,-0.018678970845421465,false,-0.014447874995405249,false
857,0.005164565908969951,5,-0.02595844122195167,false,-0.018211977230736365,false,-0.01408236594107047,false
858,0.013753975658443739,5,-0.025229933457348447,false,-0.017698940770896298,false,-0.013684196436496454,false
859,0.002853036354833044,5,-0.02530203828872212,false,-0.017752298808595995,false,-0.013727560627856853,false
860,-0.00014117175147121408,5,-0.024575929666110698,false,-0.017238920805512148,false,-0.013327588530881259,false
861,0.006263683824993352,5,-0.02373240889304077,false,-0.016642121842090178,false,-0.012862316051243949,false
862,-0.0020586909979160863,5,-0.023103593551747532,false,-0.016196325589256155,false,-0.012514086597246475,false
863,0.009171347246070896,5,-0.02243622836167047,false,-0.01572685949662751,false,-0.012150119781186398,false
864,-0.005119158785793184,5,-0.022205115824740135,false,-0.015559964103460378,false,-0.012017458309738308,false
865,-0.0034203802231593406,5,-0.02205879248902314,false,-0.015452589658669491,false,-0.011930847374578503,false
866,-0.007517375878215659,5,-0.021641988925444777,false,-0.015158223543211998,false,-0.011701752209661952,false
867,-0.010168648934623353,5,-0.021463204611253943,false,-0.015034677191254207,false,-0.01160765301097492,false
868,-0.0005366590280486863,5,-0.02161510590835419,false,-0.015142302504456837,false,-0.011691674960995069,false
869,0.010009254706112582,5,-0.021077486706756642,false,-0.014762726656775277,false,-0.01139635144048217,false
870,-0.0011204855738298635,5,-0.021216952312994114,false,-0.01485856909113301,false,-0.011468938523328568,false
871,0.0013517014445834678,5,-0.02055683950783324,false,-0.014392447748009922,false,-0.011106233310795969,false
872,0.0010770321749186905,5,-0.020331463306414273,false,-0.01423267391279188,false,-0.010981431854252812,false
873,0.003435374723338502,5,-0.02003193943988044,false,-0.014020118065247085,false,-0.010815238335825443,false
874,0.012770989482527292,5,-0.019678354969406793,false,-0.013771325595216079,false,-0.010622310093471135,false
875,0.002144022115805674,5,-0.02015602880763086,false,-0.014105471384240387,false,-0.010879941610560377,false
876,0.004942370526835669,5,-0.019815491247022518,false,-0.013864378760915069,false,-0.010691862715326973,false
877,0.0036477300724662674,5,-0.019372781237608733,false,-0.013553062845404184,false,-0.010450592505081374,false
878,-0.003101869801787172,5,-0.01908386960236389,false,-0.01335118584766884,false,-0.010295113350550207,false
879,-0.0018860591486828393,5,-0.018705927485277617,false,-0.013084159167769506,false,-0.010087215279797555,false
880,0.0030270600671074414,5,-0.018305764153221316,false,-0.01280178278464093,false,-0.009867630683298188,false
881,0.009310687003994858,5,-0.01796339237803493,false,-0.01256021010986949,false,-0.009679793635973512,false
882,0.0063743805299402495,5,-0.01849581808264415,false,-0.012933783716858827,false,-0.009968683777518217,false
883,0.003655809564516817,5,-0.018360044134960157,false,-0.012839875825179032,false,-0.009897094525378318,false
884,0.003700951101910808,5,-0.018183089991905026,false,-0.012713876032454269,false,-0.009798258308269539,false
885,-0.009500141831593843,5,-0.01783198778812956,false,-0.012464023067256108,false,-0.009602380937506861,false
886,-0.009754149077085147,5,-0.018755482837123773,false,-0.013117876113671432,false,-0.010112488830097079,false
887,0.009655944238269529,5,-0.01932531456212207,false,-0.013522646053032057,false,-0.010429264942308343,false
888,0.0019750020635272217,5,-0.019469010788501426,false,-0.013620840633133943,false,-0.010503202763148336,false
889,0.00726036414316274,5,-0.018976985718744087,false,-0.013273592073577046,false,-0.010233134025466323,false
890,-0.004477668973216904,5,-0.018913145939653608,false,-0.0132279461207286,false,-0.010197187134065332,false
891,0.002670085128796875,5,-0.01869088445939371,false,-0.01307253965145117,false,-0.010077420823760695,false
892,0.00017857991700295892,5,-0.01848183003872848,false,-0.012924584818691538,false,-0.00996203795522823,false
893,-0.01302115576294153,5,-0.018034867635756735,false,-0.012609784211859739,true,-0.009717692312883578,true
894,0.005497926604091543,5,-0.019266776044258395,false,-0.013483201763335508,false,-0.010399999714993785,false
895,-0.010793859850277365,5,-0.019297866308896062,false,-0.01350303149556471,false,-0.010413826499063104,true
896,0.013404295441759988,5,-0.020044973470990792,false,-0.014034719970355259,false,-0.01083067606876029,false
897,0.010254511663903596,5,-0.020878502409564553,false,-0.014622173345920234,false,-0.011286947472232658,false
898,0.010584069994327703,5,-0.020845861706488982,false,-0.014597021022221185,false,-0.011265787175870167,false
899,0.00022297439151583014,5,-0.021007335968691834,false,-0.014708513310903499,false,-0.011350634259415755,false
900,-0.010240996986806961,5,-0.020473364224397165,false,-0.01433035333345077,false,-0.01105553695832,false
901,-0.026740211316664528,5,-0.02087416509444478,true,-0.014616784416961027,true,-0.01128099793182691,true
902,0.0070555590661736615,5,-0.02518416808556837,false,-0.017667622053494873,false,-0.013660579177087689,false
903,0.015625109455471378,5,-0.02443096190622373,false,-0.017135331541284313,false,-0.01324605798957748,false
904,-0.005259341103087839,5,-0.02522675752189195,false,-0.017695560674488853,false,-0.013680707502641515,false
905,0.0021496730402417105,5,-0.024471376738129016,false,-0.01716227218257945,false,-0.01326581558971656,false
906,-0.011238194559054632,5,-0.02360474931365163,false,-0.0165517926793973,false,-0.012791887595559017,false
907,0.014956563091434009,5,-0.024103751720273132,false,-0.016909356820088497,false,-0.013074051520043324,false
908,-0.0033738474339156267,5,-0.024871021235967197,false,-0.01744711279132898,false,-0.013489454669998945,false
909,0.00782543712030937,5,-0.02403276198579254,false,-0.01685614991175594,false,-0.013030324570528924,false
910,-0.001330043956433265,5,-0.023462289355588018,false,-0.016451364294746775,false,-0.012713866087166608,false
911,0.00283344285395638,5,-0.022610648037014496,false,-0.015850045683500808,false,-0.012245993584933976,false
912,0.002911183780151049,5,-0.02188146768156157,false,-0.015331362653336095,false,-0.011839525899982314,false
913,0.0053543199006278915,5,-0.0212036440283311,false,-0.01485061292985954,false,-0.011463835559229734,false
914,0.006587943385885896,5,-0.020669810184687422,false,-0.014472636073112725,false,-0.011168945485483844,false
915,0.004672896283863193,5,-0.020456014109312325,false,-0.014321888771345898,false,-0.011051809251629754,false
916,-0.0026509571624593895,5,-0.020113425567584896,false,-0.01407802268790234,false,-0.010860571745397033,false
917,0.010260469999545682,5,-0.019802571439549863,false,-0.013857744777691632,false,-0.01068857968175151,false
918,0.0014686235390530102,5,-0.020158786423298852,false,-0.014106526180498508,false,-0.010880088640091996,false
919,-0.0022995084121516236,5,-0.01962684946700379,false,-0.013730523858445094,false,-0.010587214494551696,false
920,-0.0067950722715131515,5,-0.019162236505957088,false,-0.013401108229183977,false,-0.0103298720625981,false
921,0.00396914296553862,5,-0.01918956731253813,false,-0.013421743693470375,false,-0.010346938264681834,false
922,0.0018985424561479376,5,-0.018844007857504626,false,-0.013178663667211245,false,-0.010158489642700198,false
923,0.0019238310388926315,5,-0.018481133219215636,false,-0.012923856356354542,false,-0.009961292624218767,false
924,0.0010977637069765499,5,-0.0180589527969671,false,-0.012624149082779493,false,-0.009726875333017158,false
925,-0.004537150099820806,5,-0.01764422153627595,false,-0.012331332360329905,false,-0.00949905079978677,false
926,-0.007226172858976412,5,-0.017720442019514063,false,-0.012391234842608071,false,-0.009550254216134287,false
927,-0.018129931864846988,5,-0.018068973347214082,true,-0.01264006331577457,true,-0.009745931466476995,true
928,0.01290386113923884,5,-0.020942682949372342,false,-0.01467362768590239,false,-0.011331617522178218,false
929,0.0024781717113797324,5,-0.02146146790676782,false,-0.015037782901451866,false,-0.011613340194522235,false
930,-0.0072450079972947775,5,-0.02075138029900756,false,-0.014532546101840776,false,-0.011217308602731036,false
931,0.012252050422996704,5,-0.020667873175967952,false,-0.014474487892371055,false,-0.011172817114917433,false
932,-2.556339984545507e-5,5,-0.02104537487329775,false,-0.014741329109998268,false,-0.011380665640289464,false
933,-0.0039746055067976386,5,-0.02055411866089287,false,-0.014394719574029134,false,-0.011111166712295667,false
934,-0.0011958350766575457,5,-0.020207375528903785,false,-0.014153065342513368,false,-0.010925534984764344,false
935,-0.006836566077598976,5,-0.01964192384330713,false,-0.013754221327965022,false,-0.010615508903157567,false
936,-0.0053106627037238,5,-0.019681733499721455,false,-0.013782994887422389,false,-0.01063839916016378,false
937,0.006463475966716663,5,-0.01956039312622507,false,-0.013697873215961616,false,-0.010572585544739013,false
938,-0.009798514851178192,5,-0.019444472489819765,false,-0.013614151643108231,false,-0.010506029173519752,false
939,0.00154529910499232,5,-0.019863477813431084,false,-0.013913317931141147,false,-0.010741309715123267,false
940,-0.015540057523769638,5,-0.01959154515308689,false,-0.013720246604364461,true,-0.010590279073462763,true
941,0.01600709800248791,5,-0.021146366200899203,false,-0.014822750215967417,false,-0.011451653933521638,false
942,0.004495662751626836,5,-0.022520648403859755,false,-0.015787294753855763,false,-0.012197768838302238,false
943,-0.003645778389485657,5,-0.02187495181348085,false,-0.015329140081922677,false,-0.011839592069135855,false
944,0.0037987377109276583,5,-0.021421565864213454,false,-0.015009341523371994,false,-0.011591008454266097,false
945,-0.0055981667176891094,5,-0.02087579468364312,false,-0.014622807788446114,false,-0.011289363612390857,false
946,-0.008580023169805048,5,-0.020902601366947847,false,-0.014643631066073,false,-0.011306997158591136,false
947,-0.01998103890467262,5,-0.020968013720808296,false,-0.014692563404906241,true,-0.011347144062393968,true
948,0.01110133394623833,5,-0.02349073983982862,false,-0.016483619874043662,false,-0.012748150148558101,false
949,0.007316595091021287,5,-0.023494703718153057,false,-0.016482004203078358,false,-0.012743560040512306,false
950,0.0021925218526783726,5,-0.023523798671530125,false,-0.016501971034715863,false,-0.012758660704227017,false
951,0.004730573169984157,5,-0.02273339886875708,false,-0.015943923848845937,false,-0.012324479838659445,false
952,-0.0015725129601498959,5,-0.022185230492252458,false,-0.015559264453451929,false,-0.012026986476067225,false
953,-0.003975001078298931,5,-0.02168624570619982,false,-0.01520822041309232,false,-0.01175480909981505,false
954,0.00615290851147718,5,-0.021146142723117576,false,-0.014827660327690118,false,-0.011459300742813401,false
955,0.005237095890387998,5,-0.020762388863181942,false,-0.014554936283523555,false,-0.011245766282592422,false
956,-0.014949539544853641,5,-0.020361737838619026,false,-0.014269330089633174,true,-0.011021490062236,true
957,0.005964514680372233,5,-0.02136052169635552,false,-0.014983412131716814,false,-0.011583798619870262,false
958,0.010924055848538797,5,-0.021063028963312014,false,-0.014771929921285011,false,-0.011418168300780128,false
959,-0.0021194925179115983,5,-0.021351099439714652,false,-0.014971494444647498,false,-0.01157055062807332,false
960,0.005616237637672753,5,-0.020990348378286554,false,-0.014716880436418361,false,-0.01137251789016821,false
961,-0.003199449437568018,5,-0.02060498676857689,false,-0.014443306361396171,false,-0.011158537336243236,false
962,-0.0017422633400837472,5,-0.0201259440783748,false,-0.014107397878345338,false,-0.010898933169388735,false
963,0.00017872784980840764,5,-0.019588239524772937,false,-0.013725507856057547,false,-0.010600107297187784,false
964,0.0046859483585001025,5,-0.019197842792647187,false,-0.013449634155312768,false,-0.010385285400705432,false
965,-0.003994826044017467,5,-0.019105261496514293,false,-0.013382604458683759,false,-0.010331877167223984,false
966,0.001971139883574795,5,-0.01884325010487689,false,-0.013198975486546773,false,-0.010190033572886125,false
967,-0.006678588586416663,5,-0.018737846407895057,false,-0.01312497117648927,false,-0.010132768159811598,false
968,-0.016053203914363892,5,-0.018855872055456645,false,-0.01321323565945616,true,-0.010205167076057564,true
969,-0.004433712372704372,5,-0.0207514593781618,false,-0.014559698674819163,false,-0.011258893955087692,false
970,-0.011717417446102793,5,-0.02049004838824841,false,-0.01437223142863045,false,-0.01111084584506638,true
971,0.0019338657210345932,5,-0.021160013501838975,false,-0.014850134572583391,false,-0.011486361463687707,false
972,0.010475789907899099,5,-0.020660757454067015,false,-0.01449840099304422,false,-0.011213271566089658,false
973,0.011456876539090766,5,-0.020939016227216507,false,-0.014691278312574163,false,-0.01136063234862992,false
974,0.0016203387969286878,5,-0.021087526280959282,false,-0.01479344168886124,false,-0.011438088482660843,false
975,-0.008934756798076572,5,-0.020478164225447317,false,-0.014363354793807296,false,-0.011103572512279582,false
976,0.011373276192225133,5,-0.020659568111262558,false,-0.014493751473768635,false,-0.011206777439540922,false
977,-0.00042222725559558317,5,-0.021162630575537477,false,-0.01484731444070678,false,-0.011480642777638161,false
978,0.004921375563935445,5,-0.020539041287500243,false,-0.014406709779110323,false,-0.01113758654330375,false
979,0.01051167711768344,5,-0.020281844138490195,false,-0.014222614108696994,false,-0.01099246100063472,false
980,0.0011605937663271794,5,-0.020712506785657895,false,-0.014527695285269723,false,-0.011230595159919315,false
981,0.009839179251368171,5,-0.020247087416863232,false,-0.01419755724295499,false,-0.010972575092172853,false
982,-0.001632980592663826,5,-0.02091309476307292,false,-0.014661077472837486,false,-0.011328150189599435,false
983,-0.011246044820302531,5,-0.020466353893579696,false,-0.014345674104188697,false,-0.01108276235666588,true
984,-0.004588906494963019,5,-0.020762020461132145,false,-0.014557661757904876,false,-0.011250141091050977,false
985,-0.003736117448750652,5,-0.02066821009326875,false,-0.014492855485609872,false,-0.01120079679478034,false
986,0.008169632668004832,5,-0.020267737260503762,false,-0.014210185077979916,false,-0.010980926424088442,false
987,-0.00363798181269146,5,-0.020244848537664638,false,-0.014193723233151793,false,-0.010967890724146761,false
988,0.004775588305040439,5,-0.020003595868327062,false,-0.014027089933053257,false,-0.010841036733677334,false
989,-0.004474640121652137,5,-0.019874240928976734,false,-0.013930011866919735,false,-0.010761165349222366,false
990,-0.01242410977832448,5,-0.019623401525843936,false,-0.013754919608253742,false,-0.010626453612986324,true
991,-0.018938118979996862,5,-0.02079859738303839,false,-0.01459172048207549,true,-0.011282857373326752,true
992,0.010596298064110655,5,-0.0234515840209527,false,-0.016473168996568956,false,-0.012753001769128188,false
993,0.0023170430394496557,5,-0.023522907310787693,false,-0.016518965967433744,false,-0.012785190753804377,false
994,0.013414099618712698,5,-0.02292360645357926,false,-0.016095253581632312,false,-0.012455083932384295,false
995,-0.008112834303185521,5,-0.02348450679409234,false,-0.01648880684396448,false,-0.01275942508656851,false
996,-0.00034737946143112024,5,-0.023263868557312408,false,-0.0163360696949921,false,-0.012642885756253608,false
997,-0.02496988108779774,5,-0.02247131548646498,true,-0.01577507862072513,true,-0.01220533952552049,true
998,-0.0020201093247712624,5,-0.026664871155232975,false,-0.018749111315242997,false,-0.01452924903503661,false
999,-0.006934939479384072,5,-0.02563559610454048,false,-0.018021643234216293,false,-0.013962673132769804,false
1000,0.0023035252401150284,5,-0.025137650526341974,false,-0.017669008629251904,false,-0.01368750326994589,false
1001,-0.016519715020680094,5,-0.02425818758667979,false,-0.01704632326830522,false,-0.013201705086064648,true
1002,0.006596571888664943,5,-0.025328080952355544,false,-0.017803907428919307,false,-0.013792798365090463,false
1003,-0.01135604266366036,5,-0.024861076903235642,false,-0.01747208213918953,false,-0.013533036371792916,false
1004,0.008717965629036912,5,-0.024879958377037156,false,-0.017485714329818686,false,-0.013543870188986675,false
1005,-0.001092820179249869,5,-0.024465510401902712,false,-0.0171913092745064,false,-0.013313459570039703,false
1006,-0.0010752254360028774,5,-0.0235534576556981,false,-0.01654711889498749,false,-0.012812065627036389,false
1007,-0.0034618881058921845,5,-0.022750004923657155,false,-0.015981217846274626,false,-0.012372802501699049,false
1008,0.008701862382759032,5,-0.022186917044054576,false,-0.01558484041658591,false,-0.01206529779598482,false
1009,0.012055563156129642,5,-0.02207743904189533,false,-0.01550738080427283,false,-0.012004907068821865,false
1010,0.008683383765760555,5,-0.02249447887454107,false,-0.015798714485894195,false,-0.012229227266479528,false
1011,-0.005169296037120545,5,-0.022165688803583918,false,-0.015564195345946576,false,-0.012044963611024678,false
1012,0.006325037574719243,5,-0.02161949063991591,false,-0.015180604224068826,false,-0.011748057701434458,false
1013,0.0030120799399088326,5,-0.021702112620347956,false,-0.015239639290811896,false,-0.011794518671768013,false
1014,-0.010741795460003615,5,-0.02114773522725328,false,-0.014846217098284693,false,-0.011486901101084742,false
1015,0.004404381299860127,5,-0.021495577661467043,false,-0.015093166101455585,false,-0.011680064189500173,false
1016,0.00445279944619696,5,-0.020959561824702915,false,-0.014713794587780165,false,-0.01138419918483619,false
1017,0.000531989199875174,5,-0.020603783426907357,false,-0.01446087730566892,false,-0.011186116782881785,false
1018,-0.005707394959760066,5,-0.02004822983391942,false,-0.014069801308900098,false,-0.010882723184044952,false
1019,0.011197788203415781,5,-0.019821140652810907,false,-0.013908727995011222,false,-0.010756842684693969,false
1020,-0.011928508971984953,5,-0.020602094356454163,false,-0.014460364517116566,false,-0.011186231065858202,true
1021,0.009962769814708016,5,-0.021475951044262608,false,-0.01508556233139135,false,-0.01167886975475853,false
1022,-0.0019221282788813314,5,-0.0217222330663287,false,-0.015256183798287448,false,-0.011809156859658401,false
1023,0.005676450391761198,5,-0.021354445897166664,false,-0.014996466380459646,false,-0.01160705102637903,false
1024,-0.0013470470500136806,5,-0.02120210049641132,false,-0.014886492300911611,false,-0.011519664941381047,false
1025,0.002977751245660807,5,-0.020679331290329967,false,-0.014518351186976489,false,-0.01123395549120254,false
1026,0.0012525068091275478,5,-0.020156695474214042,false,-0.014147159896322689,false,-0.01094349871668613,false
1027,-0.004350172641031385,5,-0.01958452742893786,false,-0.013740177818785306,false,-0.01062457666731671,false
1028,-0.012572509267277864,5,-0.01953737718677024,false,-0.013707745024203303,false,-0.01059998968958399,true
1029,0.004437381572201528,5,-0.020701562176821862,false,-0.014533116124788772,false,-0.011244740359399784,false
1030,0.007866998278885826,5,-0.020252881096304014,false,-0.01421486399024414,false,-0.010996019413330444,false
1031,-0.0004278955980083115,5,-0.02029865671685386,false,-0.014244247451458308,false,-0.011016664275058268,false
1032,-0.0034879293647758296,5,-0.01974764685325847,false,-0.013856602983701668,false,-0.01071610929532629,false
1033,-0.00851282275138759,5,-0.019401559801563658,false,-0.013613725675942193,false,-0.010528252720154256,false
1034,0.000687823405417674,5,-0.019820785233473543,false,-0.013911398621330494,false,-0.010761126484755593,false
1035,-0.005543440968533987,5,-0.019309212241194754,false,-0.01354953064649416,false,-0.010479065700768017,false
1036,-0.0022624674285651766,5,-0.019580751616770885,false,-0.013745548310305226,false,-0.010634823019488267,false
1037,0.0020334633602360755,5,-0.01946777641430711,false,-0.013666754885396577,false,-0.010574251773712266,false
1038,-0.004331858703182758,5,-0.019286034402094945,false,-0.013538183704474493,false,-0.010474025766204199,false
1039,-0.02836263602599496,5,-0.01913708055786703,true,-0.01343507208978787,true,-0.010395352474457154,true
1040,0.0013960083693595419,5,-0.02502837831627146,false,-0.017612878268677065,false,-0.01365970263269771,false
1041,-0.012738502492455665,5,-0.024018760350225113,false,-0.016897672683504766,false,-0.013101447198362436,false
1042,-0.003624333804052444,5,-0.02445172974422059,false,-0.01720518351173155,false,-0.013342076529409191,false
1043,0.01873165563092929,5,-0.023845995425880423,false,-0.016778400327775226,false,-0.013010691533024399,false
1044,-0.00292101916002469,5,-0.02490183725072017,false,-0.017517743466814836,false,-0.013581310393796283,false
1045,0.007793002822077581,5,-0.024329252342451323,false,-0.017114051235766484,false,-0.013267654224024743,false
1046,0.022518987843993393,5,-0.023996561492208628,false,-0.016878078992203678,false,-0.0130832423117975,false
1047,0.0024481373211677868,5,-0.026972251049745665,false,-0.018979881554508846,false,-0.014719178950567199,false
1048,-0.010037389318190506,5,-0.02585304298908529,false,-0.018187589047356033,false,-0.014101163915311654,false
1049,0.002166420149663486,5,-0.025617170042751936,false,-0.018024281834972483,false,-0.013976541227183536,false
1050,-0.011885206636249708,5,-0.024546725959807243,false,-0.017266875395134513,false,-0.013386013996560236,false
1051,-0.0034923099553777312,5,-0.02472687071714529,false,-0.01739663231147166,false,-0.013488909341308697,false
1052,0.014227923522161314,5,-0.023838558891680562,false,-0.016768684015970054,false,-0.012999759880213638,false
1053,-0.002194495064879034,5,-0.024564398066333686,false,-0.017279925357207848,false,-0.013396599910528826,false
1054,-0.007921013414935944,5,-0.023671560498809134,false,-0.0166500028712777,false,-0.012906836481738418,false
1055,-0.010481855917249795,5,-0.02360210916164457,false,-0.016605037137773098,false,-0.012874923932941467,false
1056,0.012197270231224716,5,-0.023476774461058166,false,-0.016516246562492988,false,-0.012805614895638806,false
1057,0.006663648686352449,5,-0.02391209777190831,false,-0.01682085982378616,false,-0.013040547113176352,false
1058,0.004431593525321625,5,-0.023363576700832972,false,-0.016432200253942663,false,-0.012737109118107949,false
1059,0.004772415162169413,5,-0.02261990776983101,false,-0.015904396277839086,false,-0.012324381950700897,false
1060,-0.00028044842525492056,5,-0.02193298816994455,false,-0.015414454024844041,false,-0.011939447592463213,false
1061,-0.0016300008074423332,5,-0.02111909293580158,false,-0.014837815654466707,false,-0.011489289978243578,false
1062,-0.000537595247918213,5,-0.020577444443408057,false,-0.014454821226185256,false,-0.011190873444476524,false
1063,-0.000284501896210376,5,-0.020088784644449558,false,-0.014110064818344802,false,-0.010922831401958903,false
1,0.009945540057116032,2,-0.02552776290812653,false,-0.017967797914771853,false,-0.013937608550767788,false
2,-0.002537426301722265,2,-0.02663330511658446,false,-0.018752000006996047,false,-0.01455050541607474,false
3,-0.0048485764058331295,2,-0.026375873226885612,false,-0.018570219199681926,false,-0.014409053920850068,false
4,-0.001846854596081398,2,-0.02618993240210491,false,-0.01844292627301904,false,-0.01431302597166041,false
5,0.00010626685315448699,2,-0.026252464346361328,false,-0.018490012018041044,false,-0.014351877405025741,false
6,0.008239831704924316,2,-0.026093522841159063,false,-0.01838141296563746,false,-0.014270115727928188,false
7,0.0014868581705542244,2,-0.02614593068112368,false,-0.018414281701330915,false,-0.014292568239434759,false
8,0.005952205810942425,2,-0.025889342469786334,false,-0.01823494831069198,false,-0.014154419107846027,false
9,0.010740500075433559,2,-0.025774269444165845,false,-0.01815557806536855,false,-0.01409408188258883,false
10,0.00019413783518618805,2,-0.02582381420576048,false,-0.018187493366621413,false,-0.01411659898376736,false
11,-0.002273474368813851,2,-0.025567540459706075,false,-0.018006168164402724,false,-0.013975228572937226,false
12,0.0038555325837154072,2,-0.025522456550367417,false,-0.01797372614205579,false,-0.013949525893767115,false
13,0.0031680550486853157,2,-0.025337342062357347,false,-0.017845121850102872,false,-0.01385104697822897,false
14,-0.005972901587615249,2,-0.025160419825357536,false,-0.01772102989102432,false,-0.013755118644823656,false
15,-0.0092351676564466,2,-0.025042619889962585,false,-0.01763797180841851,false,-0.013690581315385317,false
16,-0.004046774224151418,2,-0.025276576802921814,false,-0.01780656774602055,false,-0.013824333558878047,false
17,-0.00239692937035398,2,-0.025085549319133756,false,-0.017673790972883737,false,-0.013722610024045739,false
18,-0.005492031975692377,2,-0.025039431614737984,false,-0.01764047613357706,false,-0.013696120344743934,false
19,-0.0045328913876775505,2,-0.025062292151547066,false,-0.017654371482137436,false,-0.01370523638462259,false
20,8.68579914351875e-5,2,-0.024884340136680415,false,-0.017527422999416738,false,-0.013605477696161779,false
21,-0.005592536121287603,2,-0.024827875945965538,false,-0.017487972442731214,false,-0.013575097044822166,false
22,0.0015984002168588566,2,-0.024756720477663825,false,-0.017440508115718373,false,-0.013540262377566677,false
23,0.0038017010097798312,2,-0.024588130628396154,false,-0.017319524343319796,false,-0.013444657228591412,false
24,-0.006751031142958731,2,-0.02439174307723139,false,-0.017179503667193244,false,-0.013334685524974764,false
25,0.0032911866341255825,2,-0.0243830451483356,false,-0.01717190657150659,false,-0.013327675279398514,false
26,-0.0015402508854171154,2,-0.02427686210309605,false,-0.0171032902914362,false,-0.013279085702832424,false
27,0.014172421070433257,2,-0.024633773441809777,false,-0.017359069373390372,false,-0.013480951552925287,false
28,-0.0010436819494009583,2,-0.025386699319958544,false,-0.01788921811345943,false,-0.013892338625020843,false
29,-0.0039003929329025034,2,-0.02542525087263404,false,-0.017916174047751438,false,-0.013913112978059595,false
30,-0.0027720105400546465,2,-0.025263332206290724,false,-0.017803963509107474,false,-0.013827401658358388,false
31,-0.014800461252845107,2,-0.025017632386476783,false,-0.017628554068637337,false,-0.01368946375902266,true
32,-0.00905458955336823,2,-0.025650034690135555,false,-0.01808051388459794,false,-0.014045230352478288,false
33,0.010913663288917326,2,-0.025720813269721993,false,-0.01813111782440078,false,-0.014085079266464217,false
34,0.0007554363408743704,2,-0.026094893114075913,false,-0.018389171437635885,false,-0.014281279725218907,false
35,0.00044320518907300574,2,-0.025909440003135727,false,-0.018256567213345763,false,-0.01417684904684649,false
36,0.008324124343823968,2,-0.02562743392525664,false,-0.018055965884821033,false,-0.01401964428898257,false
37,0.00383780056133875,2,-0.02559677985919679,false,-0.01803680590713175,false,-0.014006611767272343,false
38,0.0036552308416629878,2,-0.02536207764777451,false,-0.01787005159155328,false,-0.013876080223542272,false
39,0.0009456488749078927,2,-0.025123307093279763,false,-0.0176967404237014,false,-0.013737665212491939,false
40,-0.0025248448880170467,2,-0.024850027012541645,false,-0.017501717667484058,false,-0.01358436114640296,false
41,-0.003768059143037906,2,-0.024634078738153927,false,-0.017349742850310185,false,-0.013466490342550371,false
42,-0.011450403634166323,2,-0.024614247693540512,false,-0.01733806938518762,false,-0.013459165652869084,false
43,0.004695748773322213,2,-0.025074725309288188,false,-0.017673966090767965,false,-0.013728648736222919,false
44,0.002700416215471178,2,-0.02487659814848512,false,-0.01753493064722799,false,-0.013621114868500263,false
45,-0.0010260526193002467,2,-0.024711045398563235,false,-0.017417007322861684,false,-0.013528582614655643,false
46,-0.004558776724167122,2,-0.024457312283444742,false,-0.017240673385417776,false,-0.013393509892431774,false
47,-0.007903505381533647,2,-0.024550383704512006,false,-0.017311963239649952,false,-0.013453188073981964,false
48,0.000743501841519248,2,-0.024817682816653662,false,-0.017506647065031144,false,-0.013609160958687715,false
49,0.004871256445507911,2,-0.02455207712815263,false,-0.017319327199691224,false,-0.013463574975995873,false
50,0.00574726113946299,2,-0.024379094754278758,false,-0.017195028100877523,false,-0.013365228750975214,false
51,0.004851818524101798,2,-0.024269452786795917,false,-0.017114757240883884,false,-0.013300615519702885,false
52,-0.0006442093373302481,2,-0.024205949746700907,false,-0.01707235066011609,false,-0.013269455383339717,false
53,-0.0020439914404822754,2,-0.024188333750636594,false,-0.017061193261666763,false,-0.013261741039380347,false
54,0.01166317502503767,2,-0.02403602218524397,false,-0.01695508114453509,false,-0.013180257677165899,false
55,-0.001844391613041696,2,-0.024360170401139053,false,-0.01718697518748711,false,-0.013362971361887828,false
56,0.00506440880053056,2,-0.024198794928145806,false,-0.017069834708781467,false,-0.013269412394955242,false
57,0.0053279791753324006,2,-0.024078822889235556,false,-0.016984764669474843,false,-0.013202948482490299,false
58,0.002546824843094727,2,-0.02402674054021534,false,-0.016944489496373744,false,-0.013168967671181876,false
59,0.002207124129581561,2,-0.023858177010027758,false,-0.016824713189947896,false,-0.013075199653217238,false
60,0.006823471139763052,2,-0.02365567721413596,false,-0.01668133191136263,false,-0.012963334237453284,false
61,0.007374921244347932,2,-0.02359794818581502,false,-0.016637675527738375,false,-0.01292717992864417,false
62,-0.0008015755554661992,2,-0.023584624179376443,false,-0.016623087694832443,false,-0.012911918354524996,false
63,0.01023050797452958,2,-0.023370365811847867,false,-0.016473728894432226,false,-0.01279715727321463,false
64,0.002334092329064519,2,-0.02388767427832622,false,-0.01683665235611797,false,-0.013077778660112482,false
65,0.007243692458209667,2,-0.023684690924032133,false,-0.01669300823081212,false,-0.01296576805820877,false
66,0.006259682469873052,2,-0.02366218859829162,false,-0.01667607869642676,false,-0.01295180935827398,false
67,0.0003259994347665733,2,-0.023611057171596332,false,-0.016635773238268935,false,-0.012917275183884408,false
68,-0.0029673117357380437,2,-0.023389304034578135,false,-0.01647890513756518,false,-0.012794997055947372,false
69,-0.004074907352357591,2,-0.023249505678399205,false,-0.016380799223354333,false,-0.012719117228276188,false
70,0.004444119647297547,2,-0.02312426320868336,false,-0.01629466527074135,false,-0.012653831881418451,false
71,0.004176282964611174,2,-0.024177709151265773,false,-0.017044826234131664,false,-0.01324231274463944,false
72,0.0030283204371361417,2,-0.023990245979484393,false,-0.01691038030041143,false,-0.013136130104351211,false
73,0.0007030984008924834,2,-0.023844770233399995,false,-0.016807545437990724,false,-0.013056026939228605,false
74,-0.008707864510002853,2,-0.02379357337054148,false,-0.016773828675286238,false,-0.013031628753235044,false
75,0.0037070185619375185,2,-0.024016211329652645,false,-0.016930708937859053,false,-0.013153453831104861,false
76,0.0010005887380599339,2,-0.023864166888739304,false,-0.016822475413552005,false,-0.013068575744328164,false
77,-0.01103063468639243,2,-0.023622647488361997,false,-0.016649799537784442,false,-0.012932600096790049,false
78,-0.017846761142588714,2,-0.024021637299135215,false,-0.01693321187478668,true,-0.013154398510193472,true
79,-0.029099240806676165,2,-0.025357181139169096,true,-0.01788403113640345,true,-0.013900122522643015,true
80,-0.000519699283852757,2,-0.03138306168838341,false,-0.02214862915463303,false,-0.01722578734083525,false
81,-0.009318246080655731,2,-0.030772498150581747,false,-0.02171766791500012,false,-0.016890571421778112,false
82,-0.008795552849332595,2,-0.03049374044504639,false,-0.021521177257052014,false,-0.01673793702248803,false
83,0.00040439298405609133,2,-0.03018696908845746,false,-0.021302479882951284,false,-0.016566191562553758,false
84,0.00714918909696639,2,-0.02960599098860116,false,-0.020891409732124146,false,-0.016245698710647842,false
85,0.0157483766459096,2,-0.029375839540530118,false,-0.020724459195806736,false,-0.01611244034652551,false
86,0.014326525021527137,2,-0.029987484858796355,false,-0.021152812140538036,false,-0.016443080805157616,false
87,0.0032905081215640463,2,-0.03021409255137828,false,-0.021311866071880188,false,-0.016566122076350373,false
88,0.003455695586476757,2,-0.02970599892686821,false,-0.020954408150876097,false,-0.016288967491491717,false
89,-0.005543067777482544,2,-0.029248864200134478,false,-0.020632292025543782,false,-0.016038829282960472,false
90,0.002698654518035496,2,-0.02898445330124176,false,-0.020444856316001615,false,-0.015892428762031677,false
91,0.006704704487962045,2,-0.028535806782857918,false,-0.020124188716599843,false,-0.015639986250781987,false
92,0.008640149107352212,2,-0.02821790172661756,false,-0.01989187440690871,false,-0.015453300051366895,false
93,-0.0035451565139033893,2,-0.028105459583201386,false,-0.01981007691895003,false,-0.015387839115838948,false
94,-0.011566138116799915,2,-0.02780016881060524,false,-0.01959472841050625,false,-0.01522043849560363,false
95,-0.009012177481457752,2,-0.027918589945602028,false,-0.019680400418125264,false,-0.015288652064598353,false
96,-0.0037672335062720196,2,-0.027939534090377097,false,-0.019695634303700995,false,-0.01530084183212445,false
97,-0.0023087437836880314,2,-0.02767310422605701,false,-0.01950900660226091,false,-0.015156756368425697,false
98,0.0146056121015368,2,-0.027375575336710433,false,-0.019294185307018298,false,-0.014986026185559028,false
99,-0.009048208423192945,2,-0.027970843523101384,false,-0.01970793939160339,false,-0.015303015774123603,false
100,-0.0019883340856115352,2,-0.02791388885120436,false,-0.01966628053275779,false,-0.015269511056616994,false
101,0.01403366203225457,2,-0.02775974779875667,false,-0.019557404553865808,false,-0.015184765720944316,false
102,0.006344745840438169,2,-0.02802654955698981,false,-0.019744316725302382,false,-0.015329089049273126,false
103,-0.0018037399813530682,2,-0.027796288038857545,false,-0.019578573534744577,false,-0.015197740340409672,false
104,-0.008143490634956852,2,-0.027406503067443064,false,-0.019304356515488567,false,-0.01498513216881608,false
105,-0.013106843456345899,2,-0.027248577627562068,false,-0.0191889532251359,false,-0.014892397279033302,false
106,-0.004620075807473723,2,-0.027555324354396296,false,-0.019405310041340166,false,-0.015060567568348305,false
107,-0.004720892269624279,2,-0.027269124564460425,false,-0.019206093693671888,false,-0.014907721771890182,false
108,-0.003868591857157218,2,-0.02702098810579692,false,-0.01903259593216113,false,-0.014774013623647806,false
109,0.006496554231390681,2,-0.026755263382641892,false,-0.018844035312301635,false,-0.01462658890172672,false
110,-0.004632029606020879,2,-0.02653435582306122,false,-0.018685736980234187,false,-0.014501667317175185,false
111,-0.01287013827309674,2,-0.026302123659348118,false,-0.018526696997071407,false,-0.014381645814632544,false
112,-0.000671528701997993,2,-0.02672763529464188,false,-0.018832016399662543,false,-0.014622891182714284,false
113,-0.00425016440516293,2,-0.026591429824830606,false,-0.018738118882549556,false,-0.014551547878633676,false
114,-0.0077659809050094905,2,-0.026861702752283115,false,-0.01893295433183813,false,-0.014706167887452508,false
115,0.005260759753929834,2,-0.02683788248739104,false,-0.018916784484005897,false,-0.014694076448646225,false
116,-0.0021813445603831843,2,-0.02697048353057649,false,-0.01901056373362926,false,-0.01476715994377297,false
117,0.00038288112290421085,2,-0.02664405518513628,false,-0.01878183762855099,false,-0.014590518541506442,false
118,-0.0011323733562863887,2,-0.026296751878633097,false,-0.018536566603997166,false,-0.01439964054891227,false
119,0.007700904815313574,2,-0.0262599459565835,false,-0.018508703073340866,false,-0.014376544174018421,false
120,-0.006409877754664931,2,-0.026182444232639785,false,-0.018453077139511845,false,-0.0143325801429531,false
121,-0.003573386570343243,2,-0.026187220569488495,false,-0.0184576079200746,false,-0.014336980018368431,false
122,0.012988503508884867,2,-0.026331808604426847,false,-0.018560026572111834,false,-0.01441691832841942,false
123,0.002938843878871274,2,-0.026745927343489538,false,-0.018848308564151303,false,-0.014638117216251438,false
124,-0.000589307986964279,2,-0.026556939345612297,false,-0.018710757117818038,false,-0.014527986405216855,false
125,-0.004479559860063555,2,-0.02626087942429884,false,-0.018504296734016643,false,-0.014369291203320166,false
126,-0.003964769154785652,2,-0.026412770446867524,false,-0.01861532979110173,false,-0.014458543030191676,false
127,0.0059188977285352055,2,-0.026417242486732044,false,-0.018616196859472838,false,-0.014457488301599035,false
128,0.010276467934096435,2,-0.026434564217200328,false,-0.018627596359575914,false,-0.014465730682608305,false
129,-0.000804528307371025,2,-0.026510599602623686,false,-0.018677792901179564,false,-0.014502152632182503,false
130,-0.012543007904296917,2,-0.026168856311018354,false,-0.018435327843636155,false,-0.014312612433860693,false
131,-0.004306104278571315,2,-0.026621975782533117,false,-0.01875860578717113,false,-0.01456667233927907,false
132,-0.0010849607636996689,2,-0.026362785981738635,false,-0.01857831388415597,false,-0.014428440613626107,false
133,-0.006518795915472341,2,-0.02614521189792619,false,-0.018418612726425657,false,-0.01429959129864441,false
134,0.002213055096581629,2,-0.026007092768146653,false,-0.018319167213946976,false,-0.014220762548445771,false
135,0.009664818244831175,2,-0.025964464124261087,false,-0.018288933287116636,false,-0.014197136199413705,false
136,-0.0015481196751286135,2,-0.02597815472779972,false,-0.018293674069008527,false,-0.014197105864502527,false
137,-0.0037654808233707096,2,-0.025752434950689764,false,-0.01813510407829949,false,-0.01407433317645111,false
138,-0.003631767358406047,2,-0.025499509854159892,false,-0.01795570921247908,false,-0.013934137004539802,false
139,0.0017032886867935073,2,-0.025982514721258756,false,-0.0182993103753038,false,-0.014203422568448087,false
140,-0.0012769194300354062,2,-0.02613152714612874,false,-0.018404172098732404,false,-0.01428474771630805,false
141,0.00020072840574119396,2,-0.025888069588204148,false,-0.01823160381402291,false,-0.014149970240839685,false
142,-0.007241240235932248,2,-0.025660981685664833,false,-0.01807008374234283,false,-0.014023404137171621,false
143,0.0054902963031284654,2,-0.025622274499566822,false,-0.018050509217124155,false,-0.014014029162671604,false
144,0.014465746215078422,2,-0.025422357748014962,false,-0.017908966014230525,false,-0.013903604682569466,false
145,0.0005070626061192567,2,-0.025953911744769447,false,-0.01828328987921033,false,-0.014194109746094995,false
146,0.003236005140635439,2,-0.02583344797936925,false,-0.018202170753001255,false,-0.0141339651014527,false
147,-0.01443417044297481,2,-0.025785060647002127,false,-0.01816875895059247,false,-0.014108536698651118,true
148,0.008259876255444762,2,-0.0264186008195547,false,-0.018618462165812075,false,-0.014460237112163911,false
149,-0.008113394737497759,2,-0.026314277175878222,false,-0.018545981633429815,false,-0.014404732024584315,false
150,-0.004428666794471225,2,-0.026678502609305228,false,-0.01880751920238558,false,-0.014611527072963846,false
151,0.0026159539810432083,2,-0.026610631577156103,false,-0.018762824784890067,false,-0.014579188022980314,false
152,0.004114987870102852,2,-0.026336693571254156,false,-0.018567504214328914,false,-0.014425778116293171,false
153,-0.009377972523838665,2,-0.026378771893878276,false,-0.018597844767012796,false,-0.014449861307254895,false
154,0.0001273886459555514,2,-0.026462333538678384,false,-0.01866220594441979,false,-0.014503986786541639,false
155,-0.005692067697591107,2,-0.026176352343378777,false,-0.018459102910838812,false,-0.014345065794300825,false
156,-0.017240600694288573,2,-0.026034899654504052,false,-0.018359083138107357,false,-0.014267133755852144,true
157,0.0002569240926982957,2,-0.027002678074026537,false,-0.019048944724641588,false,-0.014808838907089191,false
158,0.004952707007675612,2,-0.02667323207453606,false,-0.01881504415532939,false,-0.014625873253060619,false
159,-0.0034907819887467434,2,-0.026447904959148942,false,-0.01865314773326834,false,-0.014497791498900656,false
160,0.017646608388740794,2,-0.026220563670580847,false,-0.01849431472121248,false,-0.014375479995553971,false
161,-0.01551284808474342,2,-0.027323670466107564,false,-0.01927157082458528,false,-0.01497902630067685,true
162,0.007839740744889929,2,-0.027957279868696772,false,-0.019727767803519827,false,-0.015340645373035942,false
163,-0.0070232305415102855,2,-0.02837119170453146,false,-0.020017380651264377,false,-0.015563994890170145,false
164,-0.00405783878310452,2,-0.0285608876325319,false,-0.020149088182934885,false,-0.015664789022330206,false
165,0.004297258630178923,2,-0.028464762063360932,false,-0.020082577696173068,false,-0.015614066226416746,false
166,-0.0001992944568456436,2,-0.02815119922099646,false,-0.019857156270830317,false,-0.015435632664340752,false
167,-0.006432057871930918,2,-0.027770975041944063,false,-0.019591325823427066,false,-0.015230785091991328,false
168,-0.010199260263241668,2,-0.027588819327560625,false,-0.019459781047604117,false,-0.015126220820240564,false
169,-0.003877317333765404,2,-0.02771858145546375,false,-0.019555664652357103,false,-0.015204043909662082,false
170,-0.0026946663788793733,2,-0.027681241463677515,false,-0.019533786992354862,false,-0.015190409161518998,false
171,-0.0019244730983436695,2,-0.027344514325829204,false,-0.019296634451504768,false,-0.015006339469875212,false
172,0.0137045972034023,2,-0.027392605018211672,false,-0.019327814712441223,false,-0.01502850484238105,false
173,0.00016604764129277572,2,-0.027894052276267838,false,-0.019682270206336307,false,-0.015304599570711891,false
174,0.007824397946242727,2,-0.028417704580611245,false,-0.020053808143491676,false,-0.015595045901584382,false
175,-0.004937825649320696,2,-0.02821155211379453,false,-0.019906822795157684,false,-0.015479602325178886,false
176,0.00015178604680844633,2,-0.027983609384770215,false,-0.01975073737065584,false,-0.015361823763826147,false
177,-0.0068858018656479045,2,-0.027631279756172505,false,-0.019504260630922445,false,-0.015171776807461474,false
178,0.003942234814551142,2,-0.027603520883317936,false,-0.019486416060196025,false,-0.015159217514513918,false
179,0.0041310596774974204,2,-0.027314005796631846,false,-0.019283242298360835,false,-0.015002071993470052,false
180,-0.012154530802277783,2,-0.027009886498964027,false,-0.01906643430186313,false,-0.01483180932855026,false
181,0.01277079774749557,2,-0.02732416382802729,false,-0.019293888375025263,false,-0.015012978245261476,false
182,0.0022758058029095866,2,-0.027583143426907215,false,-0.0194731902684163,false,-0.015149804248685847,false
183,0.012770293373455574,2,-0.02720648893903204,false,-0.01920919493713419,false,-0.014945867096913578,false
184,0.010460226201205153,2,-0.027657282707246236,false,-0.01952606182732586,false,-0.015191338063997788,false
185,-0.0034068702344504254,2,-0.02764243118308516,false,-0.019514286547207056,false,-0.01518120271819497,false
186,-0.01198551843875116,2,-0.027387903148196183,false,-0.019337258393232432,false,-0.015045489463964877,false
187,0.010481188631246766,2,-0.02770680007345568,false,-0.019568863329057724,false,-0.015230559363227205,false
188,0.003160950904700429,2,-0.027679036060985353,false,-0.019545166203276267,false,-0.01520903027969098,false
189,-0.00292810547416268,2,-0.027284478833830905,false,-0.01926265903428461,false,-0.014986256582089828,false
190,-0.0006263956217882408,2,-0.026909361568749263,false,-0.018996038683228553,false,-0.014777475534432333,false
191,0.002410610033415744,2,-0.027228451041028046,false,-0.019223912491796127,false,-0.014956722610198545,false
192,-0.003397648149616657,2,-0.02695978478653272,false,-0.0190350453483769,false,-0.014810396077615293,false
193,0.02071561994273848,2,-0.02662868156245513,false,-0.018802438766485446,false,-0.014630297691208553,false
194,-0.012072180054953757,2,-0.027929990620319225,false,-0.01971718745821182,false,-0.015338972482126765,false
195,0.015774832971631743,2,-0.028172415038958794,false,-0.019891258043170483,false,-0.015476603891278152,false
196,0.0008020787402489718,2,-0.02864541091858475,false,-0.020221972596674846,false,-0.015731468796307203,false
197,-0.0067794938452107045,2,-0.028550387282048815,false,-0.020154208862849493,false,-0.01567823721574771,false
198,0.011465891122039018,2,-0.028335260702523388,false,-0.02000382480986541,false,-0.015562367164097634,false
199,-0.0016018844047869117,2,-0.02842367764217153,false,-0.020062417263145543,false,-0.01560506029405379,false
200,-0.0013055176537102534,2,-0.027996510335354368,false,-0.019760137234479502,false,-0.015369357211252781,false
201,-0.0028970239028149897,2,-0.02789058816354674,false,-0.019684201434706713,false,-0.015309407035453927,false
202,-0.008149368941446439,2,-0.027594540053855834,false,-0.019477821442290648,false,-0.015150828784560342,false
203,0.010632881980955357,2,-0.027590309630906033,false,-0.01947766056142204,false,-0.015152837361516795,false
204,0.0017719212408343447,2,-0.027921729619429934,false,-0.019711656198366578,false,-0.015334896437131313,false
205,0.0009344604873135304,2,-0.02762982261122427,false,-0.019503303699084807,false,-0.015171086537382163,false
206,-0.00373038430645511,2,-0.027260297517018122,false,-0.019243951635346798,false,-0.014970467308516155,false
207,-0.0025782613080717366,2,-0.027229737199439562,false,-0.01922183000448258,false,-0.014952844310313887,false
208,-0.018978952650339838,2,-0.02706836853759958,false,-0.019109046182621547,false,-0.014865960886868337,true
209,-0.007084409622621236,2,-0.028147046707201865,false,-0.019878116786462025,false,-0.015469980843034492,false
210,0.006348803527175635,2,-0.02806063241968805,false,-0.01982078458325862,false,-0.015428152191365238,false
211,-0.003180818364479325,2,-0.027816332086668463,false,-0.0196457417230508,false,-0.015290030233641646,false
212,0.007490008992846147,2,-0.027881701124082444,false,-0.01969164147774609,false,-0.015325550985761304,false
213,-0.002743483833297379,2,-0.02769183938236514,false,-0.01955197370680569,false,-0.015212641434910554,false
214,0.0045400580752781375,2,-0.027574075273472654,false,-0.019466545830975616,false,-0.015144451885273082,false
215,-0.009194521985495049,2,-0.027275338256742266,false,-0.019253459787617565,false,-0.014977026058887625,false
216,-0.004789681812852678,2,-0.02732108716158037,false,-0.019291109234293502,false,-0.015010357714387534,false
217,-0.01459588193581108,2,-0.027104958077337687,false,-0.01914058784943721,false,-0.014894811551307563,false
218,0.008584375458645972,2,-0.027745140463869018,false,-0.019597659051149238,false,-0.015254266857954252,false
219,0.01078721419814968,2,-0.027664983862552277,false,-0.01953931625043255,false,-0.015207552913620383,false
220,-6.727637379317676e-5,2,-0.02776072105491595,false,-0.019605160585515247,false,-0.015257461477098402,false
221,0.003915346234992624,2,-0.027746618396611276,false,-0.019592697864894825,false,-0.015245873001189233,false
222,-0.009095588522085604,2,-0.027417016933889902,false,-0.019358120737733193,false,-0.015061952995698279,false
223,-0.005286203170003364,2,-0.02766664545574485,false,-0.019534763454920587,false,-0.01519968725048498,false
224,-0.014642347142563806,2,-0.027876800702285823,false,-0.019683541317785918,false,-0.01531574505722606,false
225,-0.007028453935890852,2,-0.028369330536614078,false,-0.02003589726026369,false,-0.015593374816640353,false
226,-0.0017979080948380128,2,-0.02834606379434194,false,-0.020025825672529998,false,-0.015590337516965402,false
227,-0.0045206443561673125,2,-0.028219086482056926,false,-0.01993825847465392,false,-0.015523779705252448,false
228,-0.005066638112432906,2,-0.02855633609242257,false,-0.020178980939109678,false,-0.015713043905400677,false
229,-0.005656432216271637,2,-0.028233444387562666,false,-0.01995279271197088,false,-0.015538407944405488,false
230,0.007514672442982778,2,-0.028488563178067264,false,-0.020132867485289398,false,-0.01567847702984565,false
231,-0.0032739491329208917,2,-0.028278520434761527,false,-0.01998050286305663,false,-0.015556860400531948,false
232,0.0055238642401614895,2,-0.02795451250235897,false,-0.0197528890570896,false,-0.015380633946682865,false
233,0.006811820896422734,2,-0.027668406227507863,false,-0.019546753169549277,false,-0.015217129976705459,false
234,0.0043903809297386265,2,-0.027523751604017436,false,-0.019442288986172663,false,-0.015134091168237818,false
235,0.010303167176535698,2,-0.027295814570918977,false,-0.01928579266877564,false,-0.015015679632030893,false
236,-0.0005997745090668008,2,-0.027599103596783827,false,-0.01949477546952056,false,-0.015174388133123405,false
237,0.009902118506788977,2,-0.027238669548473607,false,-0.01924266046409597,false,-0.014980017608650842,false
238,-0.005123851253410996,2,-0.027251067133942364,false,-0.01924685531954342,false,-0.014979839619076287,false
239,-0.0034042932188701157,2,-0.027000939457484243,false,-0.019070121216032153,false,-0.014842231357726547,false
240,0.00471668496747346,2,-0.02671423414672419,false,-0.018871781499483112,false,-0.014690999012474358,false
241,0.0006519535056427493,2,-0.02650091326763807,false,-0.018719163899384605,false,-0.01457074210578529,false
242,0.004119603964879244,2,-0.02698794162220914,false,-0.019061231744662004,false,-0.014835532039952058,false
243,-0.009819935049393259,2,-0.026896063374007274,false,-0.018995279222740444,false,-0.014783400426778195,false
244,0.002562820595547681,2,-0.02698869211420741,false,-0.01906561755386162,false,-0.014841855823300035,false
245,0.0036928426488927715,2,-0.028018607562867514,false,-0.01979294901375967,false,-0.015407880878433157,false
246,-0.004722263856762441,2,-0.02787483730857815,false,-0.019691943519068073,false,-0.015329673118841739,false
247,-0.0013373734642903512,2,-0.027643278472131223,false,-0.01952978383245563,false,-0.015204509862210077,false
248,-0.0006598034099516842,2,-0.027315639200778896,false,-0.019296130236270304,false,-0.01502095968168339,false
249,-0.0063862196360574474,2,-0.02841626237545904,false,-0.020075892377253036,false,-0.015629671992876258,false
250,0.0014997880623018765,2,-0.028300801784351116,false,-0.019996962805548718,false,-0.015570216972441167,false
251,-0.02403366528166151,2,-0.02813610601173479,false,-0.0198821372434392,true,-0.015481977035019308,true
252,0.0006226545054498324,2,-0.03039422170605918,false,-0.021483923695329237,false,-0.016733876796366613,false
253,-0.0020846805280585828,2,-0.02985826473714092,false,-0.02110489454947427,false,-0.016438505292310508,false
254,0.008905995610251207,2,-0.029549989878006666,false,-0.020887221951563586,false,-0.016269132424604777,false
255,0.008385425892664443,2,-0.029394040362366335,false,-0.020776331472554758,false,-0.016182262751293357,false
256,-0.002302947900937019,2,-0.029255793390642736,false,-0.020676810312933024,false,-0.016103386178806953,false
257,0.0004562859164622939,2,-0.028928349695218545,false,-0.02044686818609884,false,-0.015925421777405437,false
258,-0.005789290573425286,2,-0.028546373625631012,false,-0.020178445490210854,false,-0.015717533964857908,false
259,-0.014599671547663895,2,-0.028635876872407803,false,-0.020243685056010062,false,-0.01576983865211027,false
260,-0.00419532241361273,2,-0.0289935985956866,false,-0.020499603262041068,false,-0.01597148577979754,false
261,-0.019810712296439735,2,-0.028757340707739765,false,-0.020333100851356842,false,-0.01584216975592753,true
262,0.005225035660701787,2,-0.03056198848801697,false,-0.02161254713761407,false,-0.01684163306911293,false
263,0.0055309306201375245,2,-0.030079166819669528,false,-0.021268879493294045,false,-0.016572147920093698,false
264,0.019888866174516403,2,-0.02996171608602506,false,-0.02118212454532407,false,-0.01650175678188393,false
265,0.002681826057865614,2,-0.030854951918215582,false,-0.021805885953656366,false,-0.016981862371987018,false
266,0.015404687274059432,2,-0.03023713892409442,false,-0.02136829389442904,false,-0.016640345426284488,false
267,0.0023234534160695244,2,-0.030469555591645932,false,-0.02152595349246759,false,-0.01675815230718743,false
268,0.0013802042642326669,2,-0.02988626100542183,false,-0.02111277985495819,false,-0.016435669517943452,false
269,0.002764562903126642,2,-0.02943136543124186,false,-0.020789059251259956,false,-0.016181877805625505,false
270,0.0037949145713204397,2,-0.029581078108246416,false,-0.020889950183240004,false,-0.016256742045986892,false
271,0.0010500317181206496,2,-0.02932485163165105,false,-0.020710267074026772,false,-0.01611786392269353,false
272,-0.0054877700081803794,2,-0.029169730124215358,false,-0.020602932255253146,false,-0.016036004010821735,false
273,-0.0011775011319447486,2,-0.028782078178154046,false,-0.02032962291473489,false,-0.015823650290219343,false
274,-0.015059227735984428,2,-0.028331490578933173,false,-0.02001268749521343,false,-0.015577964353145754,false
275,-0.008337353002252329,2,-0.028643207785659233,false,-0.020238963522404937,false,-0.015758692003683294,false
276,0.004305098641804201,2,-0.02883178789332591,false,-0.020376519742076993,false,-0.01586904757746786,false
277,0.015772099064315374,2,-0.02842783663372928,false,-0.020092438840058843,false,-0.015648869119521448,false
278,-0.007863210248131133,2,-0.029025022694266184,false,-0.02051255844100898,false,-0.015974595246060562,false
279,-0.006165808223600165,2,-0.02878167962580178,false,-0.020342634839932917,false,-0.015843811291376964,false
280,-0.006307431212496337,2,-0.028477647798402467,false,-0.02012750251644984,false,-0.015676070964478976,false
281,0.00185123514975717,2,-0.028259897384453638,false,-0.019976706696845262,false,-0.015560968391368874,false
282,-0.011930087784632663,2,-0.028164282460570664,false,-0.019909465829517387,false,-0.015508853628598697,false
283,0.011879299169816731,2,-0.028311844386907672,false,-0.020020414897293934,false,-0.015600284516954324,false
284,0.003905598322662617,2,-0.02838729153590057,false,-0.020069590648328233,false,-0.015635455082948307,false
285,0.016242338967971247,2,-0.028179824865694335,false,-0.019923679341690734,false,-0.015522358712857497,false
286,-0.01623596346385747,2,-0.028517680510408327,false,-0.020157732000299817,false,-0.015701074383673703,true
287,0.022385828675411182,2,-0.028922312132036224,false,-0.020450306088654648,false,-0.015933911015684404,false
288,-0.01064753982679848,2,-0.02993968739435567,false,-0.021161548871002814,false,-0.0164819557057344,false
289,-0.025687359983555855,2,-0.02981219352510881,false,-0.021072738758097606,true,-0.016413767760194372,true
290,0.006434707654746552,2,-0.0314009945842623,false,-0.022198752975025902,false,-0.01729307202397123,false
291,-0.03226739471549525,2,-0.03092854186474972,true,-0.021859993549359864,true,-0.017025583998552765,true
292,0.0084633521231841,2,-0.03463425108408745,false,-0.02448661618631941,false,-0.019076949571364153,false
293,0.020642481205445505,2,-0.03415795496932939,false,-0.024145978450214885,false,-0.01880863081494645,false
294,2.25334212150311e-5,2,-0.03489589126964981,false,-0.024656897306723425,false,-0.019198527512185967,false
295,-0.014739549209892516,2,-0.03417060999514769,false,-0.024142410101520077,false,-0.018796413845329665,false
296,0.001428247572505103,2,-0.03430568673963126,false,-0.02424249090457613,false,-0.018877838441505333,false
297,-0.007363601820661175,2,-0.0338767711078078,false,-0.023937669678400497,false,-0.018639171483797064,false
298,-0.0006546614475347379,2,-0.0335129303611445,false,-0.023679124870791865,false,-0.018436759551674495,false
299,-0.012769873857660303,2,-0.032865191116094115,false,-0.02321994961395112,false,-0.018078107059209605,false
300,-0.006597447869269323,2,-0.0329501180596415,false,-0.02327644332146168,false,-0.018119443113799736,false
301,-0.00294956954808093,2,-0.03250141730176792,false,-0.022960683140298126,false,-0.017874553062163543,false
302,-0.004662782634929049,2,-0.031945429314867095,false,-0.02256797747994287,false,-0.01756889260590013,false
303,0.012206634214250077,2,-0.03156642883485111,false,-0.02229898471111241,false,-0.01735854454084383,false
304,0.023481455873201044,2,-0.03147963941574597,false,-0.02223240339600566,false,-0.01730273609120307,false
305,-0.001480786766189304,2,-0.032927053180760474,false,-0.023243993913888563,false,-0.01808199084870621,false
306,0.0038610219303927586,2,-0.032335213698175165,false,-0.022826457691414948,false,-0.01775737504922805,false
307,0.015609568608124826,2,-0.03322324869462279,false,-0.023454755515485395,false,-0.018247207947803323,false
308,0.013476275694023106,2,-0.03326930133669134,false,-0.023483410332038955,false,-0.018266588047951584,false
309,0.009562026872742576,2,-0.03313988722108084,false,-0.023386641702458553,false,-0.018187222606176535,false
310,0.00577015416420862,2,-0.03297382901923747,false,-0.023273367502528394,false,-0.01810208736235096,false
311,0.018161759017672374,2,-0.03242286592894283,false,-0.022884433341041552,false,-0.01779953022325988,false
312,0.005577179570998556,2,-0.03272125771706529,false,-0.023086868379023403,false,-0.017950811072808184,false
313,-0.003970046424950738,2,-0.03219918957790034,false,-0.022720807552202082,false,-0.017667917166927213,false
314,0.0023696661014725243,2,-0.03213985112283952,false,-0.02267045727476269,false,-0.017622358453719074,false
315,0.003350395227894188,2,-0.0315940001254397,false,-0.022287915408729368,false,-0.017326876081328456,false
316,-0.00015793528126441182,2,-0.031115036218460495,false,-0.021949342031078765,false,-0.01706314437537929,false
317,-8.310789374529364e-5,2,-0.03058663188172298,false,-0.021573991524244645,false,-0.016769386298925333,false
318,0.009783691086963664,2,-0.030059652760203073,false,-0.02119702930370812,false,-0.016472397533199186,false
319,-0.013597599353624635,2,-0.029894840079084196,false,-0.021081453484756863,false,-0.016383069703279532,false
320,0.00027162969239479537,2,-0.030131336232957707,false,-0.021252188930712745,false,-0.01651874835917726,false
321,0.008583501024022836,2,-0.029707230914737853,false,-0.020949483030511945,false,-0.016280760039511125,false
322,0.00926662051762062,2,-0.029666819213769017,false,-0.020921557005196767,false,-0.016259490081686468,false
323,-0.006188528745036281,2,-0.02961571195242923,false,-0.020876620482222583,false,-0.016217843156501557,false
324,-0.0026103235086094166,2,-0.02950474304925528,false,-0.020806679967654746,false,-0.016169774724083298,false
325,0.011630603992496791,2,-0.029296476445980765,false,-0.02065613986451729,false,-0.01605000840456496,false
326,0.013795916898878931,2,-0.029317643729189786,false,-0.02067468346751731,false,-0.016067153333353897,false
327,-0.002512606673713372,2,-0.02956406418322927,false,-0.02084730872621949,false,-0.01620043864648431,false
328,0.0009790876249904416,2,-0.02918588683326773,false,-0.020582619276589404,false,-0.015996249176584428,false
329,0.013721725638200006,2,-0.028751710024837843,false,-0.02027795859440799,false,-0.015760633062060728,false
330,-0.022837975668069818,2,-0.029056503570155802,false,-0.020481433535770234,true,-0.015910095430560926,true
331,0.002929927154916086,2,-0.030829405714770917,false,-0.02174684215942006,false,-0.016904961136049997,false
332,-0.001609390727257545,2,-0.030470257626593694,false,-0.021488051226903178,false,-0.016699670231866522,false
333,-0.00980684859615934,2,-0.030091172872385545,false,-0.02121680556256806,false,-0.01648591318730837,false
334,0.012166253074902336,2,-0.030029579939656083,false,-0.02117978520229906,false,-0.016461992374492758,false
335,-0.0010623469600144749,2,-0.03011972109201344,false,-0.021241636848549544,false,-0.016508762989716638,false
336,0.00253137773550186,2,-0.0297014442935264,false,-0.020944839239816417,false,-0.016276725487534848,false
337,0.005036607010018106,2,-0.029411774105402685,false,-0.020740578081502502,false,-0.016117995566975598,false
338,0.009222746113197879,2,-0.02902334829804571,false,-0.02046086758776869,false,-0.015896240804657676,false
339,-0.002354732019062197,2,-0.02888512205767282,false,-0.020358780516049384,false,-0.01581341939002272,false
340,-0.004629475800965914,2,-0.028553493842487534,false,-0.02012257325289672,false,-0.01562808068331483,false
341,0.013278020796051539,2,-0.028228950704551118,false,-0.01989533428880791,false,-0.015452714214251932,false
342,0.004385592267172391,2,-0.02842531793803146,false,-0.020029684259392933,false,-0.015554003011468419,false
343,-0.006785726236695748,2,-0.028157354508250573,false,-0.019836830810872588,false,-0.01540119041603044,false
344,0.001036472426055162,2,-0.02799931097025812,false,-0.01973309827305337,false,-0.01532641087143791,false
345,-0.006004070381171273,2,-0.027590806026731435,false,-0.019442633245009056,false,-0.015098872485557045,false
346,-0.00485000264504192,2,-0.02753802732706818,false,-0.019405666149902405,false,-0.015070334498332226,false
347,0.0028168893348482346,2,-0.027440543551453637,false,-0.01934104588791963,false,-0.015023233653862494,false
348,-0.0032949312926917745,2,-0.027044910042958573,false,-0.019054616114463654,false,-0.014795019987471947,false
349,-0.000949683146932067,2,-0.02668705978385816,false,-0.01879450605632631,false,-0.01458701486880234,false
350,-0.0012509774850274612,2,-0.026367085431051897,false,-0.018569452788731556,false,-0.014412563680499679,false
351,-0.0026311917553119603,2,-0.02638148107284778,false,-0.018582573192372345,false,-0.014425004259398716,false
352,0.007724422394288817,2,-0.026375208692872583,false,-0.018577576504213694,false,-0.014420687637827057,false
353,0.003860616721865364,2,-0.026563956147484448,false,-0.018708283150502717,false,-0.014520452943966158,false
354,0.0011188370499585734,2,-0.026241558708799816,false,-0.0184775438877403,false,-0.014338576315627363,false
355,-0.0027133838206762715,2,-0.02589819173640262,false,-0.01823206373965487,false,-0.014145279271374319,false
356,0.005372846869625867,2,-0.025583836123612612,false,-0.01800701359868493,false,-0.013967837546976808,false
357,0.005636873939543554,2,-0.025343164588665253,false,-0.0178321730371321,false,-0.013828091233747864,false
358,0.0016144380363429763,2,-0.025121259246290918,false,-0.017669703682709287,false,-0.013697306984572475,false
359,-0.009156701995495368,2,-0.024806250143244123,false,-0.0174418843024843,false,-0.013515968122957796,false
360,-0.0029560488655954436,2,-0.02494487377769556,false,-0.017540733109367265,false,-0.013593613116441833,false
361,-0.009882315937985046,2,-0.02493642331088216,false,-0.017539713691814347,false,-0.013596555163752747,false
362,-0.004823346891190645,2,-0.025554366542536233,false,-0.01798489381246434,false,-0.013949635909197575,false
363,0.005727317289730806,2,-0.02555486598988401,false,-0.017992603449887304,false,-0.013961189272269928,false
364,-0.019145538918633458,2,-0.025387194499607434,false,-0.017876749147372195,true,-0.013872958520812589,true
365,0.010324290638934978,2,-0.02673957832058543,false,-0.018837170773037645,false,-0.014624426550525033,false
366,0.008064695681860282,2,-0.026864393459469588,false,-0.018923569257865817,false,-0.014690345259228159,false
367,0.009435531296723794,2,-0.026823218446578794,false,-0.01889268409146781,false,-0.01466494557192019,false
368,-0.004807520414939398,2,-0.026923154234909027,false,-0.018965105582342504,false,-0.014722699292631819,false
369,0.012407986108887882,2,-0.026708008848148942,false,-0.01881275649717167,false,-0.014603826683474598,false
370,-0.006186151818383855,2,-0.027304322592128387,false,-0.019228961258386197,false,-0.014924016012430007,false
371,-0.006284235720145649,2,-0.027359050065930278,false,-0.019265656234937315,false,-0.014951097931421943,false
372,0.007414935360867074,2,-0.027393420648297015,false,-0.01928851087356109,false,-0.014967813463048513,false
373,-0.0003567509231493381,2,-0.027302166028741477,false,-0.019219089824541173,false,-0.014910031809690905,false
374,0.002293647641725666,2,-0.026944270553808145,false,-0.018965387567115,false,-0.01471187457097419,false
375,-0.006940282190283054,2,-0.026588626485826737,false,-0.01871648227001035,false,-0.01451987131766108,false
376,0.003927125657901321,2,-0.026504178540043326,false,-0.018663510970515333,false,-0.014483680101830144,false
377,-0.0002982639504494513,2,-0.026937835823552057,false,-0.018965250248060117,false,-0.014715094378528516,false
378,0.0054782325304232795,2,-0.026553154302753876,false,-0.018692514467932624,false,-0.014502036458522482,false
379,-0.007535296215369181,2,-0.0262912894511459,false,-0.0185040785612461,false,-0.014352745250666252,false
380,-0.0007631265889252684,2,-0.02625553393655339,false,-0.01848223222209366,false,-0.014338313841473136,false
381,-0.0007370349304160622,2,-0.02596526807465838,false,-0.01827616068226967,false,-0.014177125983203023,false
382,0.0045485930040876565,2,-0.02566556967099683,false,-0.018062487208064224,false,-0.014009312080574678,false
383,-0.001378277595431595,2,-0.02543404041504068,false,-0.01790263173182823,false,-0.013887665631094772,false
384,0.0020697801915057447,2,-0.025216057206250614,false,-0.017750177038235577,false,-0.013770143946480299,false
385,0.005338067717839973,2,-0.0251055836315427,false,-0.017669045020629357,false,-0.01370465380439315,false
386,-0.00332635267169458,2,-0.02492390114375828,false,-0.017537609382607944,false,-0.013600004576053207,false
387,-0.006408864318315779,2,-0.024717990259067915,false,-0.017395662874249394,false,-0.013492157240031333,false
388,0.008487974289449338,2,-0.02472143494107896,false,-0.017397865122390933,false,-0.013493697151274386,false
389,-0.013686840248031377,2,-0.024755922245240355,false,-0.01741563185957498,false,-0.013502550216073514,true
390,0.004651362979662127,2,-0.025438777208610687,false,-0.017899472971567465,false,-0.013880297780302546,false
391,-0.01113465316699904,2,-0.025228914172258296,false,-0.017752765626328645,false,-0.013767258500302915,false
392,-0.0018098354853852533,2,-0.025581073640268345,false,-0.018006145003944412,false,-0.013967978577243039,false
393,0.005122011893092776,2,-0.02544690255994653,false,-0.017915913921872462,false,-0.013901171745647993,false
394,-0.005530664020849741,2,-0.025579051801518593,false,-0.018012023220381094,false,-0.013978068283867228,false
395,0.0029425164152649197,2,-0.02549740419609137,false,-0.01795545447656571,false,-0.013934868988378415,false
396,-0.012397334337065406,2,-0.02528885279305904,false,-0.017807162542485516,false,-0.013818701154219973,false
397,-0.0057628861253550285,2,-0.02580649494016406,false,-0.01817527689108082,false,-0.014107102786723802,false
398,0.00167785360505689,2,-0.025876226704627362,false,-0.018220895024249846,false,-0.014139866032276922,false
399,-0.0017325611409377334,2,-0.025674863185954036,false,-0.018078813158197555,false,-0.01402938699587846,false
400,-0.0024862335942611043,2,-0.025674015720563704,false,-0.018087642360046,false,-0.014043374793225562,false
401,0.02456197795599649,2,-0.02543199330863646,false,-0.0179173366792065,false,-0.01391130103635727,false
402,0.011354307010062762,2,-0.028300237540934466,false,-0.019938256355041758,false,-0.015480515126476545,false
403,0.0024747805241950374,2,-0.028580915159067258,false,-0.020135791586326484,false,-0.015633727458982307,false
404,-0.004229100166588003,2,-0.028082128865556607,false,-0.019781927782134705,false,-0.015357121297593281,false
405,-0.002088442345168824,2,-0.027691528542811386,false,-0.019507225158734164,false,-0.015144203308859964,false
406,0.012738845303866956,2,-0.027277445361862645,false,-0.01921705351695518,false,-0.014920088450105548,false
407,-0.004934121757436075,2,-0.0276125878626057,false,-0.019455302756714324,false,-0.015106684250965929,false
408,-0.0021507437964166246,2,-0.02752942885044919,false,-0.019393627261798597,false,-0.015056461539596331,false
409,0.006176650551847247,2,-0.02742500544863343,false,-0.019321042324247535,false,-0.015000849569533691,false
410,-0.00464710168418874,2,-0.027134585997425104,false,-0.019112450844821646,false,-0.01483588027907898,false
411,0.00816480281758599,2,-0.026919237679598185,false,-0.018960497830670865,false,-0.014717723066737862,false
412,-0.00010342617024480198,2,-0.02676163792914317,false,-0.018842069084783242,false,-0.014620176238441604,false
413,0.004611086351108982,2,-0.0265734177129288,false,-0.018707787542620303,false,-0.014514649203827527,false
414,0.013991255557365734,2,-0.026262473134478603,false,-0.01848309547335423,false,-0.014335938028049458,false
415,-0.007715549554114733,2,-0.02670753771922404,false,-0.01878747824748706,false,-0.014565323849506168,false
416,0.015759016457544642,2,-0.026601954079574757,false,-0.018710656985959473,false,-0.014503835705326536,false
417,-0.0023461354343060907,2,-0.02724029716877501,false,-0.019157201124531478,false,-0.014848132533027577,false
418,-0.0027560696798255785,2,-0.02690243062629248,false,-0.018922373077205016,false,-0.014668233926198001,false
419,-0.007172022919420597,2,-0.026539335841742274,false,-0.018658505520100097,false,-0.014457264036876081,false
420,-0.006801537730335377,2,-0.0264804477240461,false,-0.018621707752756053,false,-0.01443224255356438,false
421,0.014383849433160848,2,-0.026353350248267203,false,-0.018534735631499558,false,-0.014366661110328907,false
422,0.010020604973921016,2,-0.026877468769983204,false,-0.018907127277411208,false,-0.014658167720180502,false
423,0.011385998821676199,2,-0.026967305369336628,false,-0.01896789981384419,false,-0.014703446312215636,false
424,0.0028149476726244014,2,-0.027147378501540205,false,-0.01909843901062773,false,-0.014807579151315961,false
425,0.005924016284540044,2,-0.027100872777900197,false,-0.019069008334494,false,-0.014787251119825451,false
426,-0.005737101706098979,2,-0.026893534666470573,false,-0.01892009723527294,false,-0.014669487244616732,false
427,0.00018877782919626384,2,-0.02685479642256562,false,-0.018896456108592467,false,-0.014653894335265136,false
428,0.0045737113447199655,2,-0.0264325971232554,false,-0.018591138243813612,false,-0.01441088553074144,false
429,-0.0005091885164730174,2,-0.02622585082205588,false,-0.01843973118140076,false,-0.014288979611755334,false
430,-2.991023262335999e-6,2,-0.02601643649502148,false,-0.01828774239564038,false,-0.01416760416955781,false
431,-0.002721828351580234,2,-0.02574477597013612,false,-0.018098057565205543,false,-0.014021620278501888,false
432,0.011744193795903461,2,-0.025671076300797704,false,-0.01804903548999354,false,-0.01398575373740478,false
433,0.007917140308786116,2,-0.025909783772821368,false,-0.01821616005215997,false,-0.014114717715202809,false
434,-0.006919814676140727,2,-0.025967376124085333,false,-0.018261345914463382,false,-0.014153289724148775,false
435,-0.0045731570228316875,2,-0.026154791310359603,false,-0.018393731455262425,false,-0.014256339164569826,false
436,0.010766582162698062,2,-0.02596990545268827,false,-0.0182661006061412,false,-0.01415923074864736,false
437,0.004552364838683634,2,-0.026117922395757803,false,-0.018369351003390454,false,-0.014238616265968371,false
438,-0.0013027488838156123,2,-0.025884230116313404,false,-0.01820269643738698,false,-0.01410769925694225,false
439,-0.0028838705215984456,2,-0.02559233548716189,false,-0.017992629291167028,false,-0.013941254039088882,false
440,-0.0017717962848752852,2,-0.0253256341431683,false,-0.017805934222668667,false,-0.013797210020011766,false
441,0.0012405310368454653,2,-0.025040106509905034,false,-0.0176041201074015,false,-0.013640023271425234,false
442,0.0037869343600376044,2,-0.024767158748976052,false,-0.01741598047423902,false,-0.01349709453736164,false
443,0.0021298390121755363,2,-0.024568273576834235,false,-0.017270749824363565,false,-0.013380466914769872,false
444,0.0002663793528206956,2,-0.02451292861782856,false,-0.017228161746134285,false,-0.013344679482478512,false
445,-0.004353541603616902,2,-0.02427618567981092,false,-0.017062418887174354,false,-0.01321678650294439,false
446,0.00486423738997795,2,-0.02415492221002008,false,-0.016979091790585214,false,-0.013153683146534045,false
447,-0.0035167346801818922,2,-0.023985847717490662,false,-0.016859724775661136,false,-0.013060815003990015,false
448,-0.006591861070270006,2,-0.02413094790122493,false,-0.016971480821010063,false,-0.013154795412548215,false
449,0.0026175436163460575,2,-0.024328198976812362,false,-0.017114001456454444,false,-0.013268139452870037,false
450,-0.0017146677492579766,2,-0.024091038241196808,false,-0.01694811746054432,false,-0.013140252823153308,false
451,-0.0020434557810651752,2,-0.023861408608550395,false,-0.016782364612948086,false,-0.013008552453305622,false
452,-0.010232700725825173,2,-0.02362310661160716,false,-0.01660805462541274,false,-0.012868356369197554,false
453,-0.010988721775162242,2,-0.023993093909304493,false,-0.01687177039801041,false,-0.01307541918499852,false
454,-0.02627973150721544,2,-0.024457794627238804,true,-0.017202779105195364,true,-0.01333515717595026,true
455,-0.014743735509153942,2,-0.027612029945787257,false,-0.019447695357053253,false,-0.015095318798086482,false
456,0.004070652538801796,2,-0.02931779432177151,false,-0.020649247295130877,false,-0.01602807695124102,false
457,0.016604388394276342,2,-0.0287143505717157,false,-0.02021697764068846,false,-0.01568705957377879,false
458,0.0007551417396673214,2,-0.029341834891225636,false,-0.020658638460722203,false,-0.01602965857383992,false
459,-0.01369655584042834,2,-0.028727494088577315,false,-0.020222751485628104,false,-0.015688904673886644,false
460,0.006806348485608326,2,-0.029168642894670794,false,-0.020544490425351922,false,-0.0159469866556982,false
461,-0.009405819408422725,2,-0.02891189763992711,false,-0.02036708951409892,false,-0.015811883920364152,false
462,-0.021052672561639656,2,-0.029343858734749578,false,-0.020679198214187643,true,-0.016060099752307194,true
463,0.004016174724309068,2,-0.03118919548422247,false,-0.02198884034279775,false,-0.01708416506075304,false
464,0.0037401604778276973,2,-0.03051540911354954,false,-0.021505065171441212,false,-0.01670168415665828,false
465,0.009322948091512698,2,-0.030150679969260012,false,-0.021240333972881737,false,-0.01649026149294755,false
466,-0.0007400650954031435,2,-0.03005769979790175,false,-0.02116861390216449,false,-0.01642987510321379,false
467,-0.004318340169765151,2,-0.02975980084598534,false,-0.020960408880025483,false,-0.01626948558314687,false
468,-0.002864868670463817,2,-0.02930688311848203,false,-0.020638712547486057,false,-0.016017742890707377,false
469,-0.018021475330805677,2,-0.029161024059945882,false,-0.02053659678952249,false,-0.015938946524416787,true
470,0.0030131422967959514,2,-0.03003378144002832,false,-0.02115785370754921,false,-0.016426129476742605,false
471,0.003170342665579461,2,-0.029426149417434325,false,-0.020724109909914582,false,-0.016085084848399475,false
472,0.005208777272627358,2,-0.02892966434791891,false,-0.020373116328578106,false,-0.0158116522410526,false
473,0.01701525172839338,2,-0.028567092752873648,false,-0.020113865419129347,false,-0.015607481206780337,false
474,-0.006284889168221812,2,-0.029350950384095662,false,-0.020664305171440987,false,-0.016033486751555318,false
475,0.008465860068265014,2,-0.02907161944486822,false,-0.020468622850529392,false,-0.01588239719954497,false
476,0.015580136061711512,2,-0.028907171235734275,false,-0.02034453794686131,false,-0.01577982982466539,false
477,0.011619895753465137,2,-0.029441652084460618,false,-0.020714354150923903,false,-0.016061863915962284,false
478,0.001647869266862712,2,-0.029417858021267042,false,-0.020694317257023344,false,-0.01604382995510927,false
479,-0.005353240886717564,2,-0.028848843111094827,false,-0.020291782537338477,false,-0.015730045208950636,false
480,0.007347655241264325,2,-0.028455450275268263,false,-0.02001877764538855,false,-0.015521218684412783,false
481,0.006627802032126094,2,-0.028172234127630855,false,-0.01981746816089611,false,-0.015363573338965713,false
482,0.0009265523552006924,2,-0.027822354743681794,false,-0.01956829543767581,false,-0.015168086963937523,false
483,-0.0027657412564951337,2,-0.02742446620002379,false,-0.01928713554548466,false,-0.014949154683915184,false
484,0.003936698146571172,2,-0.02699946090404281,false,-0.018987285031723172,false,-0.014716023721447726,false
485,-0.004027175450967294,2,-0.026594280805537846,false,-0.018698785286869832,false,-0.014489725841376614,false
486,-0.0033795574731998778,2,-0.026290125701838696,false,-0.018488196635069697,false,-0.014329017118862196,false
487,-0.0028408480437379837,2,-0.02597679431149112,false,-0.018267325976408635,false,-0.014157436934133034,false
488,0.0014418584035977653,2,-0.02562649403385395,false,-0.01802115545092596,false,-0.013966777594215147,false
489,0.00031233826195047575,2,-0.025245957734224174,false,-0.017752104620923193,false,-0.013757159255543584,false
490,-0.0069462895166005085,2,-0.024946150231672213,false,-0.017539622012293317,false,-0.013591229224737402,false
491,0.0018228083158351913,2,-0.025201355682281112,false,-0.0177182431909787,false,-0.013729023611443264,false
492,0.004760575426620319,2,-0.025079233072367597,false,-0.01762796971092639,false,-0.01365572878466941,false
493,-0.008269497056853854,2,-0.024944128192432705,false,-0.017524670311958753,false,-0.013569384769916372,false
494,-0.003219800845364151,2,-0.025068008305326503,false,-0.01761709204253095,false,-0.013645036153277607,false
495,-0.01790139854347614,2,-0.024827972290896685,false,-0.017449177532172296,true,-0.013515569349869852,true
496,-0.005415378621416775,2,-0.026324559010491605,false,-0.01851664713468698,false,-0.01435427820512063,false
497,0.010010308570057726,2,-0.02713929494872588,false,-0.019084160497092956,false,-0.014789998127144178,false
498,-0.002887273066734516,2,-0.02710486417008692,false,-0.01905837331117918,false,-0.014768818808528521,false
499,-0.000604917441146231,2,-0.02701745680329694,false,-0.01899316054977834,false,-0.014715437909134483,false
500,-0.00461398136426422,2,-0.026625753435812978,false,-0.018715936455832662,false,-0.01449924229230721,false
501,0.004925537837267605,2,-0.026572197918904864,false,-0.018681195993045272,false,-0.014474532065250694,false
502,0.016439463612605253,2,-0.026211077595542146,false,-0.01842404715268783,false,-0.014272810037760228,false
503,0.0010811672200830708,2,-0.027173783382093433,false,-0.019106404505991808,false,-0.01480571467866651,false
504,0.0003217978160244882,2,-0.02664690294990927,false,-0.018732916382834343,false,-0.014513999427857374,false
505,0.0076669604147274395,2,-0.0261884237387556,false,-0.01841073092430984,false,-0.014264471664535042,false
506,0.00389483984664563,2,-0.026097397652347542,false,-0.018339518121318885,false,-0.01420382124961914,false
507,-0.0006940531183868474,2,-0.02570930228095123,false,-0.018062740995856637,false,-0.013986387469156163,false
508,0.004845256015559201,2,-0.02531024539020315,false,-0.01778331191710587,false,-0.013770731534325299,false
509,0.010717684167712412,2,-0.025008557536590623,false,-0.01756275680553318,false,-0.01359342798732055,false
510,0.0004546782250741449,2,-0.025337351010000793,false,-0.01779108295424879,false,-0.013768195376998272,false
511,0.0034337177058692764,2,-0.024945045759100583,false,-0.01750817779933975,false,-0.013543611008451624,false
512,0.00572330349597581,2,-0.024642778116136937,false,-0.01729341033278337,false,-0.013375489562163199,false
513,0.006477720988864858,2,-0.024557911611574845,false,-0.01723079620473868,false,-0.013324738093700014,false
514,5.052001873345931e-5,2,-0.02452403977116605,false,-0.0172107277307366,false,-0.013312028143253095,false
515,-0.004632657325155189,2,-0.024348657322372208,false,-0.01708615164122323,false,-0.013214536735874619,false
516,-0.0049446057211412165,2,-0.02433610730819425,false,-0.017080512779753674,false,-0.013212582184340738,false
517,0.00820410899776633,2,-0.024187377141369707,false,-0.016972711529146964,false,-0.013126599987521493,false
518,0.00014042056147697975,2,-0.02425849153662448,false,-0.01702629905679222,false,-0.01317084400689835,false
519,0.00027273105744837994,2,-0.02392040706404479,false,-0.01678370101277723,false,-0.012979149424625106,false
520,-0.007998140028252639,2,-0.023612648042841414,false,-0.016561504997020405,false,-0.012802566730465152,false
521,0.006338778156556222,2,-0.023784171585999568,false,-0.01668111375645434,false,-0.012894499910794709,false
522,-0.010496798023675582,2,-0.02387935388995902,false,-0.016747828250253963,false,-0.012946038320336865,false
523,0.006796088992262972,2,-0.02438859923607055,false,-0.017110339554331083,false,-0.013230326249561825,false
524,-0.00738608852681665,2,-0.024372345833816113,false,-0.01709322913578859,false,-0.013212758958807363,false
525,-0.009848586659148475,2,-0.024460271966813798,false,-0.017158266102312195,false,-0.013265593795379862,false
526,-0.0009947488772181485,2,-0.024922549665016197,false,-0.017485523413640867,false,-0.01352087223807878,false
527,0.010690717793178768,2,-0.024573010457308208,false,-0.017238142368138264,false,-0.013327951330834517,false
528,-0.0032117770547674934,2,-0.025266427744311194,false,-0.01771928751255074,false,-0.013695934981497406,false
529,0.0025342370195017222,2,-0.024936711514346316,false,-0.01748715829799572,false,-0.013515829043758537,false
530,-0.01117392166696136,2,-0.024845474573827235,false,-0.017419284768839548,false,-0.013460410462748871,false
531,-0.0012081623798936925,2,-0.02568765148585379,false,-0.018008334146077356,false,-0.01391451848783242,false
532,0.008799593526009463,2,-0.025777452012784047,false,-0.018056575910745578,false,-0.01394060543011762,false
533,-0.002521595715035357,2,-0.025759394652578232,false,-0.01804939476708484,false,-0.01393922235725206,false
534,-0.0018113504699288456,2,-0.025429100612248706,false,-0.017817562261954144,false,-0.013759879332201056,false
535,0.007844475829938337,2,-0.026034326308598355,false,-0.018257342976349684,false,-0.014111461938908876,false
536,0.0009886685941201696,2,-0.02584737323204913,false,-0.018122325611569276,false,-0.014004131309895982,false
537,0.009274549188521913,2,-0.025541622659261694,false,-0.017899644614878297,false,-0.01382573439684171,false
538,-0.010419819547579293,2,-0.025527916015887702,false,-0.01787850019818122,false,-0.013800624930707904,false
539,-0.004032632650732813,2,-0.026423131940409107,false,-0.018508675304865062,false,-0.014289507758126591,false
540,0.004358816199300248,2,-0.026713351960071612,false,-0.018712423391557837,false,-0.014447157977323176,false
541,0.007430963583533699,2,-0.026311744043192222,false,-0.01842249659782673,false,-0.014216767977091494,false
542,0.004448446123805794,2,-0.02602896808548246,false,-0.01822632422790297,false,-0.014066763659359317,false
543,-0.004470500327401499,2,-0.0256343806022369,false,-0.017951554170837977,false,-0.013855867828833694,false
544,0.012224727100299485,2,-0.025345885598487272,false,-0.017742186307028854,false,-0.013688682350534638,false
545,0.005791547570852629,2,-0.025697642575845996,false,-0.017984021044071676,false,-0.013871917948007625,false
546,0.0011855006484918277,2,-0.02548767913454642,false,-0.01784214719948724,false,-0.013766342415481761,false
547,0.013112102301665911,2,-0.025015325426961717,false,-0.017504247599084283,false,-0.013500119802100159,false
548,9.370784716309852e-5,2,-0.02586796953383356,false,-0.018106889959591487,false,-0.013969487156695715,false
549,0.008059443197540376,2,-0.025560265397388655,false,-0.01788876927623687,false,-0.013799123080700066,false
550,0.0008088356185619571,2,-0.02552853840063922,false,-0.017866985795784728,false,-0.013782640451992264,false
551,-0.00029754928527622846,2,-0.02506319970438095,false,-0.017528820649415796,false,-0.013512271054492164,false
552,0.0026216645851473465,2,-0.024659009108750442,false,-0.017240206374211118,false,-0.01328527008804227,false
553,0.00013183117516146411,2,-0.024415963808597386,false,-0.017059930211238448,false,-0.013138455919837366,false
554,0.007070559528387364,2,-0.024124792589205676,false,-0.016854239973939728,false,-0.012978335277789228,false
555,0.004310999931445648,2,-0.024133335552004344,false,-0.016866554983978845,false,-0.012992661152254621,false
556,0.000722263144943198,2,-0.02405674680895771,false,-0.016808210897368638,false,-0.012944043224480412,false
557,-0.00804979290447374,2,-0.023698751579113407,false,-0.016546886022455205,false,-0.012734252958073677,false
558,0.007173287620405764,2,-0.024068066926476613,false,-0.016816405249606366,false,-0.012950571242812944,false
559,-0.0035904956940223443,2,-0.02440420057894038,false,-0.017062717293299747,false,-0.013148999719235527,false
560,-0.004724231332004933,2,-0.02418541588915608,false,-0.016910477268910106,false,-0.013032234409734184,false
561,-0.0011076191918075844,2,-0.024081479679480385,false,-0.016846352945732123,false,-0.012989333655933182,false
562,-0.0013843694043867716,2,-0.023955081353145093,false,-0.016762051065112502,false,-0.01292747323475614,false
563,0.003107642797999429,2,-0.02373744810182215,false,-0.016614882735995765,false,-0.012817869494927909,false
564,0.009991149351759236,2,-0.023568906722120052,false,-0.016493487097665446,false,-0.012721607076870652,false
565,-0.003339824795103745,2,-0.02418223026378947,false,-0.016929435786468487,false,-0.013062997887946445,false
566,0.005150008334759535,2,-0.023943381989117486,false,-0.016759297380638548,false,-0.01292948845895076,false
567,-0.004084220229107245,2,-0.02380981773458447,false,-0.01665474319950351,false,-0.01284039944059892,false
568,0.00476300404272941,2,-0.0240251256752389,false,-0.016808803800935405,false,-0.012961809312123308,false
569,0.004770275844570669,2,-0.023828067899543334,false,-0.016670504257182663,false,-0.01285483356439764,false
570,-0.0067255901843950045,2,-0.023690137383804925,false,-0.016573730434201517,false,-0.012780000222034286,false
571,0.009637676041389931,2,-0.02379561983403783,false,-0.016651960389642374,false,-0.012843701973343244,false
572,0.001400712227660944,2,-0.02391975612444519,false,-0.016737004255264847,false,-0.012907905811965636,false
573,-0.005399290831690766,2,-0.023797986658472246,false,-0.016648208944438223,false,-0.012836688901234052,false
574,-0.020150061454276155,2,-0.02373554709906135,false,-0.016609105501656875,true,-0.012810025855877859,true
575,-0.006049308645307854,2,-0.025750178380063278,false,-0.01805488930431591,false,-0.013952559172724692,false
576,0.00018752949834826985,2,-0.026410185474192008,false,-0.018520817054603365,false,-0.014315023942957403,false
577,-0.009065793301158009,2,-0.02598327018304572,false,-0.018216670397216875,false,-0.014076324789950495,false
578,-0.005146991246054542,2,-0.02602065065969062,false,-0.01824197950651167,false,-0.014095198697978335,false
579,-0.0063034515798238,2,-0.025771369692050773,false,-0.018060706554902058,false,-0.01395018056806604,false
580,0.007553693235686165,2,-0.026233257886694308,false,-0.018387358166744337,false,-0.014204738058029588,false
581,0.004090623941914919,2,-0.026014765475485313,false,-0.018226748951283907,false,-0.014074986160038949,false
582,0.0043934283887506215,2,-0.025708307510799257,false,-0.018016453146833044,false,-0.013915954047382979,false
583,-0.014466267692836059,2,-0.02565752104075904,false,-0.017977031883262058,false,-0.013882591533326343,true
584,-0.005262840453274675,2,-0.026382677231210776,false,-0.01849431026940002,false,-0.014289051031189779,false
585,0.015333093771360055,2,-0.026049371603078263,false,-0.01825591472793836,false,-0.014101251705738884,false
586,0.007942584775324077,2,-0.026664252841129336,false,-0.01868399853773517,false,-0.014429754497735295,false
587,-0.00034176039531902164,2,-0.02642197803273452,false,-0.018507442697280486,false,-0.014288233195911205,false
588,-0.00019019284207862455,2,-0.02594134787551673,false,-0.018171754050835622,false,-0.014029812332535868,false
589,-0.004452679961773449,2,-0.025523929574572824,false,-0.017876978127345643,false,-0.013800416606655994,false
590,0.0033341305514319897,2,-0.02519824193332151,false,-0.017643620907816533,false,-0.013616280393298992,false
591,-0.009728028133439263,2,-0.024822069560061753,false,-0.017373853582130994,false,-0.013403237204747277,false
592,-0.003046728214139014,2,-0.025119575794694034,false,-0.017595859674493196,false,-0.013584994450636627,false
593,-0.01608669501270032,2,-0.02478942558204929,false,-0.01736292674174474,false,-0.013403887690070157,true
594,-0.0112444514348956,2,-0.026338916893285106,false,-0.01846619575251925,false,-0.014269277243614202,false
595,-0.044635902437383086,2,-0.026852200059365353,true,-0.018829718092575574,true,-0.01455296264147349,true
596,-0.013798960301391319,2,-0.034830019431619494,false,-0.02449987875561862,false,-0.018992918985609102,false
597,-0.04094474752837505,2,-0.034756738839893074,true,-0.024456719404729932,true,-0.01896581715675412,true
598,0.013432936347107065,2,-0.04336080695284111,false,-0.030521013792499798,false,-0.023676167569494016,false
599,0.013465092600366192,2,-0.04201971369483375,false,-0.029571282185761792,false,-0.022935069410901766,false
600,-0.01155911563128568,2,-0.04134444198307677,false,-0.02907993582694776,false,-0.02254177297716715,false
601,-0.01996076309384285,2,-0.04048838670542151,false,-0.028481657649181584,false,-0.022080914817505553,false
602,-0.027891570507067226,2,-0.042329474436828,false,-0.029806335318274788,false,-0.023130296193239048,true
603,-0.07955020403704907,2,-0.043679234181604805,true,-0.03077030912862529,true,-0.023888608949461133,true
604,0.027117348602834435,2,-0.06614872950392123,false,-0.04667630820316073,false,-0.03629563246104896,false
605,-0.03912921982274904,2,-0.06441552588383698,false,-0.045452790698225796,false,-0.035343826738121066,true
606,-0.0816708188725755,2,-0.06558147933507172,true,-0.04628735438031666,true,-0.03600172776051479,true
607,0.040412964738634836,2,-0.08536129370720863,false,-0.06029088696029193,false,-0.04692594589092273,false
608,-0.08176744085712082,2,-0.08356393683450741,false,-0.05901377818071532,true,-0.045926179444729556,true
609,0.03539502078775265,2,-0.09872295345283846,false,-0.06974557562867703,false,-0.05429784273489805,false
610,-0.08271564342744213,2,-0.09471614046301213,false,-0.06689729081101642,true,-0.052067164998945564,true
611,-0.018240997091147307,2,-0.10689286244047216,false,-0.07552390284690688,false,-0.05880122656137016,false
612,0.00560036729025424,2,-0.10087400882286206,false,-0.07127466467790154,false,-0.055495363839951316,false
613,-0.0709122054588062,2,-0.09324541038843974,false,-0.06588061280884766,true,-0.051292540476457406,true
614,0.07158565716456779,2,-0.10068459828977373,false,-0.07115526768543769,false,-0.05541329080692499,false
615,0.06825210292603635,2,-0.10610725442078675,false,-0.0749667982320438,false,-0.05836593626609232,false
616,0.03982322226875655,2,-0.10968129437094085,false,-0.07747483741167538,false,-0.060305694379454884,false
617,-0.05518603474616807,2,-0.10512552760483813,false,-0.074244791320245,false,-0.057782385074160586,false
618,0.04977052969504302,2,-0.10508959057642367,false,-0.07424414553872136,false,-0.05780055292576707,false
619,-0.027279424980793967,2,-0.10447565881161049,false,-0.07378126000226859,false,-0.057418189574740604,false
620,0.007375033096938011,2,-0.09839534300669711,false,-0.06949130494681033,false,-0.05408266920998883,false
621,-0.013194811332305826,2,-0.09354919669064445,false,-0.06605783203830196,false,-0.051402287267761505,false
622,-0.03107789341880508,2,-0.08783374761112137,false,-0.06201531193777407,false,-0.04825159941563783,false
623,0.06519741758492922,2,-0.0838671188784195,false,-0.05921417700709539,false,-0.04607178491816953,false
624,0.01545493799593231,2,-0.09011246749195906,false,-0.06361675109105391,false,-0.04949198271918186,false
625,0.010926672245289823,2,-0.0839033098443495,false,-0.05921874236865162,false,-0.04605949078705756,false
626,0.03903739509727036,2,-0.07843236894289395,false,-0.05534394580492317,false,-0.04303559286359763,false
627,-0.000579385863139787,2,-0.07816258792308509,false,-0.05512539512080701,false,-0.042844352881872896,false
628,0.018735228164552212,2,-0.07234720924988568,false,-0.05100954503592415,false,-0.039634515198697574,false
629,-0.022672638049465746,2,-0.06786526274034084,false,-0.047831471612230045,false,-0.037151531692380856,false
630,-0.01169409314001859,2,-0.06477101155083645,false,-0.04565381486117289,false,-0.03546250804480796,false
631,0.015615565240335558,2,-0.06026887756436827,false,-0.042470694396034486,false,-0.03298254880717703,false
632,-0.012683499708399174,2,-0.05633128965166117,false,-0.03967164436393814,false,-0.030790449106330452,false
633,-0.036924918486645975,2,-0.0528633350729235,false,-0.037217711328092734,false,-0.028877087202841815,true
634,0.02412488187527262,2,-0.05629480602269168,false,-0.03964624560313889,false,-0.030770959647735678,false
635,-0.005497835572381942,2,-0.055403309572874426,false,-0.039027014079957345,false,-0.030296871549488385,false
636,-0.0338521756943743,2,-0.05237033320123494,false,-0.036895655507210995,false,-0.02864616208909771,true
637,0.02986335511012735,2,-0.053536965741071675,false,-0.0377622050553214,false,-0.029352738504708563,false
638,0.007606631583887432,2,-0.05435769952251274,false,-0.03833487894472278,false,-0.02979317258355353,false
639,0.029110182801294945,2,-0.05089392627955295,false,-0.03588695963019878,false,-0.027886801239339235,false
640,0.01808177231531663,2,-0.05183304703947838,false,-0.03654858555959975,false,-0.02840049570139494,false
641,-0.06258974444153978,2,-0.051716130475412486,true,-0.03646033598597982,true,-0.028327528394305995,true
642,0.0027402175284753946,2,-0.06723605251014905,false,-0.047432833011222066,false,-0.03687580997371221,false
643,0.019676941657540532,2,-0.062483176544150046,false,-0.04406339765005368,false,-0.03424388167986763,false
644,-0.013609133188532107,2,-0.059743487737209874,false,-0.04211944897635207,false,-0.03272413912673778,false
645,-0.016315917991127065,2,-0.056440773378650576,false,-0.03980029872764664,false,-0.03092932326553726,false
646,0.027427308604810123,2,-0.05423905112772444,false,-0.03824822501189869,false,-0.02972357478001423,false
647,-0.002421970650482835,2,-0.05358551465966471,false,-0.03778390099261329,false,-0.029360119217032236,false
648,-0.007567926361443287,2,-0.050381417745972365,false,-0.03551325348635167,false,-0.027587090135851953,false
649,-0.008743409594866412,2,-0.047306832994255005,false,-0.03333844259694213,false,-0.025891945363027535,false
650,-0.016092149382676158,2,-0.044653596339484826,false,-0.03146591984903078,false,-0.024435618310006065,false
651,0.008154643135787922,2,-0.045065186574311286,false,-0.03175381227992906,false,-0.024657567899346196,false
652,0.03333311974218632,2,-0.04281966433631999,false,-0.030169587079657504,false,-0.02342587770290179,false
653,0.02403644865621932,2,-0.04551231713007473,false,-0.03207746570106973,false,-0.024915396116918877,false
654,0.008752899871280185,2,-0.047182181274875654,false,-0.03324754294379792,false,-0.025819038811501323,false
655,0.002904363320784772,2,-0.044469984789416786,false,-0.0313241012491346,false,-0.024316079377201084,false
656,-0.014571308405991548,2,-0.042924906502956106,false,-0.030244166498876523,false,-0.023484110924933372,false
657,0.06965374432629477,2,-0.04186425260933593,false,-0.029492207191703947,false,-0.02289671555954099,false
658,0.005415949307969437,2,-0.062236310816123366,false,-0.04386865097390337,false,-0.03407691947741777,false
659,0.01488196232461117,2,-0.059124050839483765,false,-0.041670746952245395,false,-0.032366455231991546,false
660,-0.020508420607146565,2,-0.05745629893879211,false,-0.040480529847888844,false,-0.03143081016055092,false
661,0.03173118736225183,2,-0.05586436258857705,false,-0.03935860922222809,false,-0.030559453178462415,false
662,0.03141227559331803,2,-0.0563845112773408,false,-0.03971791196349669,false,-0.03083300954029565,false
663,0.036530195311208116,2,-0.05657562287230622,false,-0.03986435917728616,false,-0.030955646337750744,false
664,0.01080371857431087,2,-0.05789649818761109,false,-0.040805707079611044,false,-0.03169466958057199,false
665,0.010838908211709576,2,-0.055059168425374005,false,-0.038801204817110434,false,-0.030134144576489694,false
666,0.008997959897007145,2,-0.05224261498704163,false,-0.036812740152846725,false,-0.028587130973525374,false
667,0.019472730334921588,2,-0.049529244920788494,false,-0.03489195500457257,false,-0.027088869912243258,false
668,-0.004349190195334426,2,-0.048871427175698805,false,-0.03442112174283124,false,-0.02671771738668083,false
669,-0.055763693291486845,2,-0.04621454310618145,true,-0.03254482137789032,true,-0.025257543306274846,true
670,-0.01610017771846236,2,-0.05711790068251993,false,-0.04028386984228338,false,-0.03130971029190532,false
671,-0.02244266429049146,2,-0.05683998006927282,false,-0.04008793723692128,false,-0.031157485190168494,false
672,0.03239953106738698,2,-0.05546774256432485,false,-0.03911500728249129,false,-0.030397424613371683,false
673,0.01624425501546737,2,-0.05716830836851297,false,-0.04030086115778627,false,-0.03130888746394968,false
674,-0.01481540397839146,2,-0.05500853352499097,false,-0.03878102876021831,false,-0.030130206016356458,false
675,0.0002689626578687176,2,-0.05275549746527897,false,-0.03719104389440174,false,-0.02889369128853345,false
676,0.007711258074778987,2,-0.049491787900195636,false,-0.03488215257759579,false,-0.027093810046793603,false
677,0.012900659238804763,2,-0.046678940624954465,false,-0.03289157385496562,false,-0.025541579646940163,false
678,-0.014807082828739025,2,-0.04462613530833775,false,-0.03142960952191444,false,-0.024394590455953342,false
679,-0.0206520207310008,2,-0.04329820535040162,false,-0.030494603133094794,false,-0.023669050167904247,false
680,-0.006063049767635881,2,-0.044426351596319254,false,-0.03129386646812768,false,-0.024292987240101843,false
681,-0.003107776104630017,2,-0.04408880791190312,false,-0.03105900658109621,false,-0.024112867705497792,false
682,0.009144972618942353,2,-0.0425964150031336,false,-0.030009454446324354,false,-0.02329939234871123,false
683,0.01790518035521578,2,-0.04167350638648596,false,-0.02935474689968525,false,-0.02278766180007582,false
684,0.012172073812323658,2,-0.04093609238444193,false,-0.028826968076158175,false,-0.022371638714508223,false
685,0.01456886456908921,2,-0.03972539559423246,false,-0.027962087883076744,false,-0.02169111206973906,false
686,-0.006207124233293365,2,-0.038662143723277566,false,-0.027203432373215868,false,-0.02109483575288695,false
687,-0.009782673630075636,2,-0.03691465513064307,false,-0.025969942064959613,false,-0.020135356028097472,false
688,0.005448058994577268,2,-0.0365761284348188,false,-0.025729435329322443,false,-0.019947103370535183,false
689,-0.0045388432376497435,2,-0.03486839337380542,false,-0.024524407534139182,false,-0.01901006695861058,false
690,0.008282591210605145,2,-0.03339100063346056,false,-0.023482584788583862,false,-0.018200444965548575,false
691,-0.0072799841740626035,2,-0.03328229257668683,false,-0.023406803817123005,false,-0.01814221730142873,false
692,0.030246805258007676,2,-0.032281972034760666,false,-0.022705223351194556,false,-0.017599894064594074,false
693,-0.012798298866443385,2,-0.03657900522592027,false,-0.02573965697476434,false,-0.01996124053064798,false
694,0.009205810725855646,2,-0.035851142801020086,false,-0.025231004279464522,false,-0.01956944773106173,false
695,0.0024943759564444237,2,-0.03471853379637156,false,-0.024428557659163772,false,-0.018943009456164988,false
696,0.03543712003559421,2,-0.03328974314503289,false,-0.0234233290576908,false,-0.01816358021617914,false
697,0.004361341367501886,2,-0.03955692856062866,false,-0.02783480769740744,false,-0.021585788440300954,false
698,-0.012112602128435708,2,-0.03860349487756286,false,-0.027163744308734597,false,-0.02106525561072111,false
699,-0.012142453507424001,2,-0.038025731900870184,false,-0.026759817497407527,false,-0.02075400021590874,false
700,0.01646230455388027,2,-0.037308540166107594,false,-0.026252781536582323,false,-0.020358997520535292,false
701,-0.003775238816441983,2,-0.03688914175541076,false,-0.02595808590044855,false,-0.020130780472086465,false
702,0.005907913353538756,2,-0.03526497406801961,false,-0.024807121478488386,false,-0.019232078959945102,false
703,-0.001605723500822416,2,-0.033957582463485854,false,-0.023886020309092933,false,-0.018516907792140845,false
704,-0.017144703480238905,2,-0.032590672098803244,false,-0.02292163142846783,false,-0.01776710162522641,false
705,-0.015034936024899578,2,-0.03330038356055295,false,-0.02342576037926932,false,-0.018161635300153342,false
706,0.015865805081314233,2,-0.033416038018412496,false,-0.023511943806035066,false,-0.018232107829293916,false
707,0.010466729652479252,2,-0.03532570454570889,false,-0.02484871984570919,false,-0.019263478069869246,false
708,0.005463977077582324,2,-0.034390340891050676,false,-0.024186066380178454,false,-0.01874620539705953,false
709,-0.017743021404910193,2,-0.03311487174726131,false,-0.02327925689784196,false,-0.01803592701610125,false
710,0.015091827457312062,2,-0.03376438508794151,false,-0.02374504074993613,false,-0.018403765357679933,false
711,0.0009917425656014436,2,-0.033798291822991156,false,-0.02377041262426639,false,-0.018424587329342025,false
712,-0.0025569084756548463,2,-0.032755858806017335,false,-0.02303429846758976,false,-0.017851770623625654,false
713,-0.003936155564112618,2,-0.031528262163228994,false,-0.02216634528211727,false,-0.017175542034468368,false
714,0.004090707228161709,2,-0.03050254259923607,false,-0.021435508388404995,false,-0.016601906001135577,false
715,-0.012982052593430892,2,-0.029415243332299546,false,-0.020667336542062528,false,-0.016003859801852427,false
716,0.01360509119147622,2,-0.02977243487236114,false,-0.020929189208603982,false,-0.016214887667700396,false
717,0.003577758068386623,2,-0.029886909360200133,false,-0.02100227283659646,false,-0.016265905981466277,false
718,-0.021076430521439593,2,-0.029589647101857217,false,-0.020785378323260117,true,-0.01609185521561014,true
719,-0.0008245636511217639,2,-0.032042759823367524,false,-0.02252639937895237,false,-0.017453262839190135,false
720,0.005500489609076077,2,-0.03084795119463035,false,-0.0216781549899181,false,-0.016789770563958323,false
721,0.004932336847726626,2,-0.02982347432802287,false,-0.020951408353072076,false,-0.016221742810914253,false
722,-0.002129646400767392,2,-0.029015553282638235,false,-0.020379777557663122,false,-0.01577607747342831,false
723,-0.0003931101862498579,2,-0.028117059708201577,false,-0.019746718351455212,false,-0.015284520346742853,false
724,0.01851111730022399,2,-0.027335731759879786,false,-0.019192892484938922,false,-0.014851974998216689,false
725,-0.004211065165482029,2,-0.02867945647171083,false,-0.02014668238507967,false,-0.015597892093111576,false
726,-0.006872007944694163,2,-0.028567649048215977,false,-0.020070016828730223,false,-0.015539960536102756,false
727,0.009148541783272412,2,-0.03139589770215774,false,-0.022070494396676542,false,-0.01709915640108598,false
728,0.004553358815260119,2,-0.031085574414476427,false,-0.02185273017761618,false,-0.016930735079013392,false
729,-0.028400612227830954,2,-0.030187475618709596,false,-0.021219041835733303,true,-0.01643800297170452,true
730,0.0008247889821260332,2,-0.03609343783727422,false,-0.02539224166196148,false,-0.019687473578276386,false
731,-0.0023963882889215388,2,-0.035721889984730255,false,-0.025134363492798753,false,-0.01949019229671505,false
732,-0.0042080290574614465,2,-0.035535056318754116,false,-0.025000727192027526,false,-0.019384915314489656,false
733,-0.006986844403867401,2,-0.034624078391390485,false,-0.024352761004239068,false,-0.01887715971185282,false
734,0.011394827957441973,2,-0.03350174036726161,false,-0.023560081885255237,false,-0.018260220535373038,false
735,0.0004530744880461698,2,-0.03270592583737198,false,-0.022987083359591355,false,-0.017806004397081306,false
736,0.008820955118955455,2,-0.031339284429857575,false,-0.02202040543256162,false,-0.017052545521522872,false
737,-0.009678400540799437,2,-0.030798508132746046,false,-0.021631761830644726,false,-0.01674500329648135,false
738,-0.010530353470772271,2,-0.03084813399440293,false,-0.02167129819969818,false,-0.016779160994361816,false
739,-0.028624320357911903,2,-0.03074171559629262,false,-0.021610554183198634,true,-0.016742765821691177,true
740,-0.005022742513412484,2,-0.03432910343157282,false,-0.02415983828941306,false,-0.018738640671210442,false
741,-0.0017756773200547672,2,-0.033467025206065794,false,-0.023550631703171617,false,-0.018264239020166752,false
742,-0.010349093718663745,2,-0.03383837292218215,false,-0.023821335206205947,false,-0.018481289465618375,false
743,0.011868397597494793,2,-0.03393577756309364,false,-0.02387983565571903,false,-0.018519050234653184,false
744,-0.00901785887170745,2,-0.03360006556995771,false,-0.023632578031467462,false,-0.018318947307148333,false
745,0.00013027310988902082,2,-0.03305809408519572,false,-0.02325633454130473,false,-0.018031052797667233,false
746,-0.008491049084939587,2,-0.0322621765330185,false,-0.02270098701474983,false,-0.01760395226159621,false
747,0.010466753643853546,2,-0.032397224815737584,false,-0.022803231779164688,false,-0.017688709591785142,false
748,-0.01583561976902739,2,-0.03175194555786698,false,-0.022345088322981526,false,-0.017330327539027534,false
749,0.028505004409851563,2,-0.03219542045025423,false,-0.022659245226729713,false,-0.017575545501544422,false
750,0.006590148188117375,2,-0.035475971156170336,false,-0.024967547441560056,false,-0.019365545643364224,false
751,-0.002924614652622888,2,-0.03433344138756911,false,-0.024159820627364527,false,-0.018736301045299202,false
752,0.0181005325268472,2,-0.033811987063108916,false,-0.02379743164191325,false,-0.018458709203488,false
753,0.009689675914942249,2,-0.03406370120511279,false,-0.023975962894978317,false,-0.01859822692925664,false
754,0.0012170683979961228,2,-0.03308683223475483,false,-0.023286241448045763,false,-0.01806158276453722,false
755,0.003175610420932234,2,-0.031739407511715584,false,-0.022334409239844425,false,-0.017320639462194677,false
756,0.00326002097250286,2,-0.03058251385403158,false,-0.02151976386766117,false,-0.016688445384598922,false
757,-0.009564627881543955,2,-0.029649265611375344,false,-0.020857463113862794,false,-0.016170585734530313,false
758,-0.007594356370561994,2,-0.029299320234605387,false,-0.020615357193326946,false,-0.015985968629077172,false
759,0.009493543275617909,2,-0.028741365388829293,false,-0.020220483067675994,false,-0.01567803223188134,false
760,-9.936648608240874e-5,2,-0.028379777312735045,false,-0.0199639950456597,false,-0.015477572659794842,false
761,0.006029033672205579,2,-0.02884705695467068,false,-0.020295750993191947,false,-0.015737081427315655,false
762,0.003158718099988458,2,-0.02851526073856266,false,-0.020057019785687132,false,-0.015547962831531035,false
763,-0.005175142335137718,2,-0.028085313553245946,false,-0.01975391013061471,false,-0.015312469794498044,false
764,0.0007540445912692156,2,-0.027518361586741858,false,-0.019356448974282518,false,-0.01500536356190579,false
765,-0.015120997647047735,2,-0.02670491460267098,false,-0.01877985012711364,false,-0.014555027580116012,true
766,-0.025995429205303143,2,-0.02775312611476859,false,-0.019526818950425875,true,-0.015141405040717707,true
767,-0.01885707545295655,2,-0.030713192713743627,false,-0.021633639383605203,false,-0.016793363100157232,true
768,-0.007172498448865561,2,-0.033323452404969076,false,-0.02348107908320063,false,-0.01823414628485882,false
769,0.005914751485822243,2,-0.03246607080542504,false,-0.022876425497140414,false,-0.017764221067623556,false
770,0.035619267680265215,2,-0.03145194734105669,false,-0.022154291353019565,false,-0.017197745349685715,false
771,0.004995254942370669,2,-0.03818506944667211,false,-0.02690771396743706,false,-0.02089579749077914,false
772,0.0363910561785125,2,-0.0369869203230247,false,-0.026060887459377884,false,-0.020236259769099582,false
773,0.00860743051297466,2,-0.041991397743333624,false,-0.02959341556673656,false,-0.022984097144342477,false
774,0.028836146692807492,2,-0.04005508627937366,false,-0.028224194617989085,false,-0.021917190050863636,false
775,0.009855829303801383,2,-0.04194759132131685,false,-0.029556574049669136,false,-0.022950968592331485,false
776,0.0110557025348095,2,-0.04026085875291204,false,-0.028360874105813585,false,-0.022017036323667145,false
777,-0.010775388133362138,2,-0.03959257320809347,false,-0.027884552835828667,false,-0.02164305049827535,false
778,-0.0036641242976942147,2,-0.038380760127004324,false,-0.02703177741771532,false,-0.020981676729756125,false
779,0.025980381695708356,2,-0.036723326909958366,false,-0.025859314559249887,false,-0.020067749774926032,false
780,0.006296194728287506,2,-0.03874912364213275,false,-0.027283936096431254,false,-0.021171887040170468,false
781,0.007992904198673417,2,-0.037219827654622784,false,-0.026200730350298133,false,-0.02032649035105855,false
782,-0.003267997553345748,2,-0.03598472156110331,false,-0.02532365033430937,false,-0.019640272712206284,false
783,-0.0021229047381550793,2,-0.03453270943474877,false,-0.024296116962267925,false,-0.018839027393400806,false
784,0.0004499892684173294,2,-0.03336900742216912,false,-0.023476457620364995,false,-0.018202775926182975,false
785,0.023698128826370145,2,-0.03199907520609077,false,-0.022506254571273396,false,-0.01744566701690396,false
786,0.009561836142392902,2,-0.034187933543078565,false,-0.024046653303108966,false,-0.018640374332712074,false
787,-0.0035343581046496067,2,-0.0332512139509539,false,-0.023382247763666805,false,-0.018121138407117935,false
788,-0.020316733001036768,2,-0.032276055224112365,false,-0.022689683140057017,false,-0.017579223654264956,true
789,0.020517729612700066,2,-0.03379496005798428,false,-0.023768346230980966,false,-0.018423195501039078,false
790,0.00448784716431405,2,-0.03460691514450194,false,-0.024338719107583034,false,-0.018864781795455882,false
791,0.014980999114415364,2,-0.03325674602380072,false,-0.02338290561598062,false,-0.018119197830501563,false
792,0.002244164439055599,2,-0.03331845962734277,false,-0.023422189597458214,false,-0.01814652466345238,false
793,0.010776495134818305,2,-0.03205382758417346,false,-0.022533289335522788,false,-0.01745792562378163,false
794,-0.0002057315256198725,2,-0.03150085767173367,false,-0.022140470397917222,false,-0.01715048257825746,false
795,0.0046703234170302746,2,-0.030306722598019135,false,-0.021295096956096216,false,-0.016491032671884766,false
796,0.009614420220683411,2,-0.030285741212789496,false,-0.021269782546512715,false,-0.016463408343051607,false
797,-0.0037879421947449444,2,-0.029979268218956384,false,-0.021046288893688436,false,-0.016284150669872714,false
798,-0.00086749805123489,2,-0.02914703003755531,false,-0.02045488594778791,false,-0.015821136096860804,false
799,0.0012956995805752975,2,-0.028416878518262505,false,-0.01993882312881357,false,-0.015419203171839065,false
800,0.010530096737101313,2,-0.02781350581870155,false,-0.019514351131759682,false,-0.015090102477309807,false
801,0.018538531661345177,2,-0.02784819325204738,false,-0.01953638754857609,false,-0.015105394684026626,false
802,-0.01119424173635895,2,-0.02960007940954859,false,-0.02077186357743438,false,-0.016065574384165126,false
803,-0.01421785996017069,2,-0.02971714721683238,false,-0.0208580108631384,false,-0.016135238054229423,false
804,-0.009061335292919935,2,-0.030224620528118057,false,-0.02122515071373209,false,-0.016427566656200678,false
805,0.009759996201317539,2,-0.030621327062905962,false,-0.02151121935056847,false,-0.01665465463902981,false
806,0.002595485528152636,2,-0.03052841892453371,false,-0.021442075424087867,false,-0.01659817932597451,false
807,-0.004865513274463711,2,-0.029474561665349362,false,-0.020694945864798284,false,-0.016014565168521833,false
808,0.014912702183016619,2,-0.028690044963738844,false,-0.02014153779837084,false,-0.015584360260344859,false
809,0.00485213544833864,2,-0.029158582099912594,false,-0.020471000033048456,false,-0.01583968217965034,false
810,-0.008805160220270922,2,-0.02846626819897096,false,-0.019981405191760566,false,-0.01545815611894749,false
811,0.006122366735532045,2,-0.02841240034407398,false,-0.019942276693724746,false,-0.015426885117514675,false
812,-0.0007017607054984132,2,-0.02801635873229355,false,-0.019663823208339967,false,-0.01521111742720295,false
813,-0.005003200646621797,2,-0.027641193260046024,false,-0.01939906709897383,false,-0.015005220140643824,false
814,0.01774657684515203,2,-0.027093717785910985,false,-0.019012376527632244,false,-0.014704243406032986,false
815,0.013427020995193223,2,-0.028407022936414037,false,-0.019937825015739867,false,-0.015422926942594117,false
816,-0.024529143755130975,2,-0.028652385961950157,false,-0.020108743743836092,true,-0.01555415969118954,true
817,0.005929436887094616,2,-0.03191535100376638,false,-0.022426073635349243,false,-0.01736737498318671,false
818,0.004197881083996727,2,-0.03096520714053655,false,-0.02175050655271845,false,-0.016838183766283536,false
819,0.013480953804668596,2,-0.029969387961660352,false,-0.021046042076150646,false,-0.016289039403423664,false
820,-0.014405357747734368,2,-0.030054032438712602,false,-0.02110040393239043,false,-0.01632725770656236,false
821,0.0002679534353124671,2,-0.030570916904765273,false,-0.02147425581156079,false,-0.016624859442925737,false
822,0.006227649590653063,2,-0.029609309522549792,false,-0.02079289145325385,false,-0.01609289160368804,false
823,0.0029243232868455486,2,-0.02915915321919964,false,-0.020476327705932346,false,-0.015847545553656146,false
824,-0.012451691614525424,2,-0.02925408081135686,false,-0.020544168430142108,false,-0.015900946368791993,false
825,0.0008273327760315045,2,-0.0295223375593918,false,-0.02073621833837972,false,-0.016052370692719958,false
826,0.007327969769856474,2,-0.02863501808000137,false,-0.020107667221528902,false,-0.015561768032424768,false
827,-0.015202688448410096,2,-0.028111445073631162,false,-0.019735301554282665,false,-0.01527001043815671,false
828,-0.010567532986717813,2,-0.02923756275818925,false,-0.020537947897670106,false,-0.01590021540649916,false
829,-0.01706307791459964,2,-0.03080477016161994,false,-0.021646914517989578,false,-0.016764895560959187,true
830,0.005881513411532592,2,-0.0315571442687916,false,-0.02217833462727951,false,-0.017178525911569036,false
831,0.013861908081738844,2,-0.03065627504640693,false,-0.02153854793235862,false,-0.016677921345961806,false
832,0.012306562202395128,2,-0.03073472478549796,false,-0.021593152281650468,false,-0.016719813806186222,false
833,-0.010980284543807806,2,-0.030653517611893465,false,-0.021529648636066146,false,-0.016665747845881523,false
834,0.0193012793076823,2,-0.0305312534147849,false,-0.02144398005004454,false,-0.01659958824471653,false
835,0.00929444454931371,2,-0.03188746183316375,false,-0.022395726286040363,false,-0.017335717187905473,false
836,-0.010233609889579852,2,-0.03146160927701489,false,-0.022090026702947622,false,-0.01709407071014984,false
837,0.004734519928505739,2,-0.031091647269837167,false,-0.02183856124546418,false,-0.016905775324838536,false
838,0.004979496730310723,2,-0.030164320555585968,false,-0.02118265662430638,false,-0.016394564817172302,false
839,-0.004098194063466672,2,-0.029270876522995863,false,-0.020542202787540938,false,-0.015888979117667568,false
840,0.012928225481747489,2,-0.02874060841194488,false,-0.020166679247858088,false,-0.015595949336383523,false
841,-0.0059600706573224695,2,-0.029624845759010136,false,-0.020782229865296865,false,-0.016068264052473347,false
842,-0.0033889820922699595,2,-0.029072968806492593,false,-0.020394340418551284,false,-0.01576779573825585,false
843,0.003402652534990687,2,-0.0284341452539162,false,-0.01994470618502458,false,-0.015419017630661927,false
844,-0.02230593021375535,2,-0.027637897182749817,false,-0.019381367695931764,true,-0.014979842377942908,true
845,0.016216997106001354,2,-0.029639752379499156,false,-0.020803704487367257,false,-0.016093240051883353,false
846,-0.006217641068502047,2,-0.030284329466345628,false,-0.021252370261153137,false,-0.016437466229602467,false
847,0.005012552682530354,2,-0.029906392766047885,false,-0.02098841860749427,false,-0.016234279582530705,false
848,-0.04711965823844304,2,-0.03067848392364831,true,-0.021536304031442726,true,-0.016662641759492287,true
849,0.019080399030638146,2,-0.043774879681409265,false,-0.03081104936454401,false,-0.023900079392366963,false
850,-0.0037679073746768772,2,-0.043936662693162376,false,-0.030921262363299666,false,-0.02398280060801694,false
851,-0.00015640929589540685,2,-0.04184528542177401,false,-0.029445307000808996,false,-0.022834924387929008,false
852,0.013728689042612936,2,-0.040094798959340816,false,-0.028204443139959158,false,-0.021865738450239227,false
853,-0.016191460590129627,2,-0.03965462634491671,false,-0.027889085595370334,false,-0.02161691935752945,false
854,-0.01083145633192091,2,-0.04034261717527473,false,-0.02837647733313568,false,-0.02199737246130555,false
855,0.002485138372797781,2,-0.03975222302059113,false,-0.027962854351707457,false,-0.021677985538237722,false
856,-0.001033741399611183,2,-0.03820452946204672,false,-0.02686674132254558,false,-0.0208226084183173,false
857,0.019310857380013487,2,-0.037031669045561655,false,-0.026040048219301573,false,-0.020180455828847674,false
858,0.0020026062443515283,2,-0.03705646335365531,false,-0.026057251692460696,false,-0.02019361265599138,false
859,-0.0033556372566360708,2,-0.03561880843311074,false,-0.025041070580050673,false,-0.01940211767112867,false
860,0.008717369744917054,2,-0.03422207571040397,false,-0.024055853899882747,false,-0.018636278670515472,false
861,-0.006042428045091043,2,-0.03333711490399293,false,-0.02342819508548553,false,-0.018145786595972564,false
862,0.003448514587756062,2,-0.03266147412914046,false,-0.022951680265873655,false,-0.017775425086278555,false
863,-0.004771103178935562,2,-0.03143629609680287,false,-0.02208550803175518,false,-0.017100637514770322,false
864,0.0007962148303400744,2,-0.03150269192699214,false,-0.02212565899822712,false,-0.017126797441507784,false
865,-0.008032181969170576,2,-0.030859023242887078,false,-0.021667963944219937,false,-0.016768244241552106,false
866,-0.006617466045790625,2,-0.030393000944514772,false,-0.021340135119094612,false,-0.016514085845660824,false
867,-0.003980014374656876,2,-0.02971749883671963,false,-0.020866186200760747,false,-0.016147584186826436,false
868,0.007336431050049967,2,-0.0289416066597364,false,-0.020320164963706675,false,-0.015724106297262792,false
869,-0.004068855226896514,2,-0.02872574118170393,false,-0.020165582268164683,false,-0.015602193226303289,false
870,-0.004072774592857592,2,-0.02796179991330353,false,-0.0196267116923789,false,-0.015183307003926786,false
871,0.012819993711461582,2,-0.028146420662181815,false,-0.019759161081439144,false,-0.015287944034116442,false
872,-0.0025855092160023125,2,-0.028291823778222907,false,-0.019861253031974252,false,-0.015366946962583557,false
873,0.010910617611417664,2,-0.027710932164817365,false,-0.019454668804226236,false,-0.015053285357144215,false
874,0.00816661928611698,2,-0.027583255481818014,false,-0.019360718291488783,false,-0.014977314140977256,false
875,0.005572487712474542,2,-0.02736725065848679,false,-0.01920926582108228,false,-0.014860274291053436,false
876,0.007733149408666592,2,-0.026778776554882363,false,-0.01879397515667912,false,-0.014537307077262031,false
877,-0.006019293957768139,2,-0.026763157556276753,false,-0.01878405103053466,false,-0.014530418866554016,false
878,-0.0013211181358393136,2,-0.026372836851653744,false,-0.018508613693039553,false,-0.014316225426974681,false
879,-0.001733385573520289,2,-0.025868520411314114,false,-0.018155202893279494,false,-0.014043261865815145,false
880,0.018252270075085245,2,-0.025297508333934227,false,-0.01775194653866888,false,-0.01372943546627044,false
881,0.01174910322381803,2,-0.027507965866072206,false,-0.019309056300312297,false,-0.014938247949029959,false
882,0.00012022586161674763,2,-0.027669184959402297,false,-0.01942614863506187,false,-0.015031816472061418,false
883,0.0066589389740723745,2,-0.026885109468146748,false,-0.018868620172147396,false,-0.014595059391669156,false
884,-0.006460094235229648,2,-0.026412257472196506,false,-0.018533949803331295,false,-0.01433405313696817,false
885,-0.005005285738243332,2,-0.02633125870501248,false,-0.01847762194147725,false,-0.014290877243456396,false
886,0.006502687499102722,2,-0.025900583500240836,false,-0.018174683347290964,false,-0.014056034563712506,false
887,0.004820733786201895,2,-0.025555226106210093,false,-0.017928578313899136,false,-0.01386284059651621,false
888,0.008025139671089742,2,-0.025163431840361662,false,-0.01765188864941292,false,-0.01364751276909745,false
889,-0.005908075206899735,2,-0.02516993969652488,false,-0.017655712158354018,false,-0.013649905262467258,false
890,0.010114482345102425,2,-0.025000591688373545,false,-0.017537457268398407,false,-0.013558887924763178,false
891,0.0015616528348468594,2,-0.02516954000428825,false,-0.017653665807328533,false,-0.01364698108373453,false
892,-0.01673422484735933,2,-0.024645422304745607,false,-0.017285521378309607,false,-0.013361985428087727,true
893,0.007689947260699008,2,-0.026584849234942493,false,-0.018658500877447897,false,-0.014432993897740234,false
894,-0.008495555249322993,2,-0.026455360364506596,false,-0.018564245791071212,false,-0.014357521811270806,false
895,0.019575567046672897,2,-0.02640196387245284,false,-0.018529183528572742,false,-0.01433223345870656,false
896,0.008549276383550332,2,-0.02846000350284844,false,-0.019981973023131955,false,-0.015462366345443646,false
897,0.013501313429064897,2,-0.028105698388013533,false,-0.019729703855514598,false,-0.01526449216372685,false
898,0.0023411731389857953,2,-0.028420182007223946,false,-0.019945976733763724,false,-0.015428409259376313,false
899,-0.0020261293844842337,2,-0.027634407971523507,false,-0.019389830947814407,false,-0.01499467744368153,false
900,-0.026091988076052626,2,-0.02733238557050613,false,-0.019178834702469227,true,-0.014832206905103345,true
901,0.005673591273395653,2,-0.03176069408973098,false,-0.022317339490066344,false,-0.017283122095998874,false
902,0.011211637153301967,2,-0.030785930432186737,false,-0.02163084111902171,false,-0.016750296882526203,false
903,0.0009727076039079713,2,-0.03058600339821407,false,-0.02148762859619639,false,-0.016637318655734215,false
904,-0.0025218794576416107,2,-0.029612957509747514,false,-0.020798255807763084,false,-0.01609917094726001,false
905,-0.016595514984183577,2,-0.028840131586685806,false,-0.020259093645839266,false,-0.01568457407177851,true
906,0.017912075216402853,2,-0.030485208862710108,false,-0.021427348983535432,false,-0.01659863739852449,false
907,-0.011288050129260601,2,-0.032295764056874926,false,-0.022700032620167225,false,-0.017584583698108378,false
908,0.011422512765848079,2,-0.031937203519059223,false,-0.02245133840392125,false,-0.01739445881135556,false
909,-0.00477742311996629,2,-0.031459797230900706,false,-0.022112284193285592,false,-0.01712915958130654,false
910,0.006716284827711456,2,-0.030495005986278755,false,-0.021430969095497687,false,-0.016598964568456023,false
911,0.008976571228709006,2,-0.029647868352324486,false,-0.020825547384939764,false,-0.01612240072224518,false
912,0.006259990049209139,2,-0.029132937947120994,false,-0.02045830752860519,false,-0.0158338941510169,false
913,0.01226394195023595,2,-0.028514585149743397,false,-0.020019426389857226,false,-0.015490688689389813,false
914,0.012855427501176213,2,-0.02867734198450484,false,-0.02013186784535743,false,-0.015576307202386619,false
915,-0.007136240821680005,2,-0.028928643224124934,false,-0.020306478819507343,false,-0.01571003487978949,false
916,0.016965508460592006,2,-0.02859729992548582,false,-0.020072107630829544,false,-0.01552735916410854,false
917,-0.0013873149054210196,2,-0.03001600967874372,false,-0.02107150463186556,false,-0.01630322208850778,false
918,0.00017509081319648338,2,-0.02909088650175478,false,-0.020417647333932917,false,-0.01579397562694156,false
919,-0.008568140215211292,2,-0.02822887171684481,false,-0.019804876028009673,false,-0.015314075097396601,false
920,0.0066944752433521605,2,-0.028239647563620535,false,-0.01981150227434331,false,-0.015318489207089224,false
921,-0.004003751345234674,2,-0.02785911133271022,false,-0.01954291869451964,false,-0.015109587171304194,false
922,0.004880170718604414,2,-0.02726715977758529,false,-0.01912714972150066,false,-0.014787740480881795,false
923,0.0017091328090457598,2,-0.02669658036480027,false,-0.01872125622206569,false,-0.014469640432470487,false
924,-0.006313778675505978,2,-0.026006954017417747,false,-0.018235678602779134,false,-0.014092840435095382,false
925,-0.010577216293756733,2,-0.025785451796207618,false,-0.018083769282825905,false,-0.0139780308332893,false
926,-0.015417504122421637,2,-0.026631547841904798,false,-0.018682822143579653,false,-0.01444538588627755,true
927,0.014807134632736857,2,-0.02864431818460004,false,-0.02010911597295875,false,-0.015559031256532489,false
928,0.004610938860890889,2,-0.029252477417177812,false,-0.020531461929705112,false,-0.015882320843493444,false
929,-0.00567407780696889,2,-0.028373468068816642,false,-0.01990629960479971,false,-0.015392483427488385,false
930,0.012401749476119479,2,-0.027933323032181972,false,-0.01959467149215133,false,-0.015149367211469067,false
931,-0.007641219379035877,2,-0.028094296528658823,false,-0.019709340167449976,false,-0.01523935095793821,false
932,-0.004969321335446859,2,-0.027929506889942026,false,-0.019596877442418423,false,-0.015154783516968265,false
933,-0.0006518353304255476,2,-0.027575537811684075,false,-0.019350340327084607,false,-0.01496551798354144,false
934,-0.007657360700835988,2,-0.02678816213077782,false,-0.018797717123499844,false,-0.014538040456967926,false
935,-0.01194700207451747,2,-0.02661370893283556,false,-0.018677432173438348,false,-0.014446632399414221,false
936,0.01159136263119044,2,-0.027093877787878588,false,-0.019018153827419077,false,-0.014713015266501702,false
937,-0.023112421628948096,2,-0.027374657415687058,false,-0.01921474438135038,true,-0.014864724936671856,true
938,0.010948862254516141,2,-0.030271105065895216,false,-0.02127104243756482,false,-0.016473142353113215,false
939,-0.013094816938298986,2,-0.030260944376546313,false,-0.02126149713508188,false,-0.016463925111091415,false
940,0.01558780467768339,2,-0.030851759209395688,false,-0.02167971125280955,false,-0.0167901264262579,false
941,0.003342713211638859,2,-0.03170989571898002,false,-0.02228044403934315,false,-0.017253638240497852,false
942,-0.005297175396463654,2,-0.03069386008989733,false,-0.02156274107653397,false,-0.016694975318166015,false
943,0.008278459643154773,2,-0.030094356863903653,false,-0.02113917620986652,false,-0.016365202539834978,false
944,-0.008643744848508562,2,-0.02947881445309031,false,-0.02070312455590844,false,-0.016024836744191185,false
945,-0.010514024603092944,2,-0.029202060705882688,false,-0.02051002776237193,false,-0.01587633716310297,false
946,-0.02388618457821559,2,-0.029351815891359188,false,-0.020621030583574063,true,-0.015966681242304864,true
947,0.012512949506940114,2,-0.032827101250062975,false,-0.02308298066632837,false,-0.017888426039070208,false
948,0.013722070847934031,2,-0.03276351081455725,false,-0.023029818611309982,false,-0.01784082331510174,false
949,-0.0006268424700516439,2,-0.03293131646401279,false,-0.02314522416826305,false,-0.017928294576636517,false
950,0.001991590801931023,2,-0.03161200780600726,false,-0.022213031549529673,false,-0.017202472086003128,false
951,0.0073431356030661185,2,-0.030646846032613414,false,-0.02153288335652561,false,-0.016674263578076085,false
952,-0.005320746784925804,2,-0.029876870129026165,false,-0.020986156225879463,false,-0.016246549542202872,false
953,0.005830043383034668,2,-0.029139523127308126,false,-0.020465314578266808,false,-0.015841126097734335,false
954,0.005397805514884763,2,-0.028656156543220415,false,-0.020122979083681346,false,-0.015573973755108637,false
955,-0.023257652594659457,2,-0.028116060626065312,false,-0.019740033551974616,true,-0.01527480451238471,true
956,0.00965239194792862,2,-0.030710191574399647,false,-0.021587624262452705,false,-0.016724417384466193,false
957,0.011090958665413465,2,-0.030478196580661844,false,-0.021420490551648796,false,-0.01659186098358973,false
958,-0.005611104072423989,2,-0.030687319083128755,false,-0.021560315011021184,false,-0.016694742912610278,false
959,0.0052058762133763495,2,-0.029972314315098714,false,-0.021052473974774888,false,-0.01629734009521501,false
960,0.0005051965194586356,2,-0.029483357901634612,false,-0.020704367465695223,false,-0.01602432014897924,false
961,-0.0018388953884849583,2,-0.028602600700906637,false,-0.02008195156448489,false,-0.015539625038607782,false
962,0.004939688556945399,2,-0.027839643221584977,false,-0.019541149204049812,false,-0.015117252750015988,false
963,0.0021389167085440275,2,-0.02731661760035066,false,-0.019173298251689137,false,-0.01483212483944283,false
964,-0.006988284524958196,2,-0.02671417525678842,false,-0.018746531958139124,false,-0.014499010798104544,false
965,0.006603063311303811,2,-0.026547829917095013,false,-0.01863149173921352,false,-0.01441132114921718,false
966,-0.011763054553420447,2,-0.02632817810063565,false,-0.018476100700212817,false,-0.014290187292897107,false
967,-0.023384574158113836,2,-0.02704619334493654,false,-0.018988573819185204,true,-0.014693086665419358,true
968,-0.016901746142338525,2,-0.03193099209239903,false,-0.022445269315263267,false,-0.017388465602559872,false
969,-0.007927864212012097,2,-0.032549489865396186,false,-0.022877189840932212,false,-0.017720922488065362,false
970,0.007351619687602139,2,-0.03176822641379633,false,-0.02232891095761632,false,-0.01729684681599456,false
971,0.004435100116497079,2,-0.03087611592008951,false,-0.02169759567021405,false,-0.016804560488059134,false
972,0.019495105492301514,2,-0.03014078383555843,false,-0.021178207506747992,false,-0.016400291229860836,false
973,0.005624063796978957,2,-0.031132450031592398,false,-0.021875526578963297,false,-0.016940694939533863,false
974,-0.013331192353870007,2,-0.030250121357892262,false,-0.021250595835392287,false,-0.016452982080071434,false
975,0.01965811198450201,2,-0.03073301196734701,false,-0.021594985562570074,false,-0.016723537499398797,false
976,-0.0020398019367439553,2,-0.032534230291185046,false,-0.02286173313060846,false,-0.017705360685209438,false
977,-0.0036054942838896443,2,-0.03139010564832136,false,-0.022052603676131273,false,-0.017074815926086603,false
978,0.00921373659977417,2,-0.030450205923837462,false,-0.021387416893861495,false,-0.016556077596797596,false
979,0.000596984498677967,2,-0.03025503728583072,false,-0.021249984697248443,false,-0.016449424483450787,false
980,0.005251743028166376,2,-0.029744988095018507,false,-0.020888182350289823,false,-0.016166651980396348,false
981,-0.003914664743151732,2,-0.02903253497391308,false,-0.020381224164202263,false,-0.015769242383778935,false
982,-0.01941187786065218,2,-0.028536810011344067,false,-0.020033159920739223,false,-0.015499895523285949,true
983,-0.005129046179476747,2,-0.029751317907916672,false,-0.020895309043781847,false,-0.016174203487984283,false
984,-0.0073351769566492074,2,-0.030090934606127932,false,-0.02113628941707362,false,-0.016362601201443058,false
985,0.009728703031159327,2,-0.0296920443826873,false,-0.020856180002845223,false,-0.016145813397083982,false
986,-0.01055629701124311,2,-0.029483079896190468,false,-0.020709751267350054,false,-0.016032722239048287,false
987,0.008276990828382121,2,-0.02986212199575685,false,-0.020985801872799366,false,-0.016253868460080693,false
988,-0.00800737919451404,2,-0.02985724395761185,false,-0.020975999578694844,false,-0.016241441063345255,false
989,-0.01858708865991168,2,-0.02949434440137883,false,-0.02072275892746163,false,-0.01604665916859927,true
990,-0.024651455284409873,2,-0.03164874023931471,false,-0.022251956060299092,true,-0.017242565185156232,true
991,0.010096308031714319,2,-0.03545352129185677,false,-0.024944756568946305,false,-0.01934257298048747,false
992,0.008926239808747141,2,-0.03446595267161163,false,-0.02423896106840199,false,-0.018786989687417495,false
993,0.01624137234170018,2,-0.03350732741114816,false,-0.023560253797482365,false,-0.01825750566095001,false
994,-0.012556754916528997,2,-0.034185205559515576,false,-0.02403583939345919,false,-0.018625249845785584,false
995,0.005108227455657317,2,-0.034073689886238316,false,-0.023962595682609247,false,-0.018572408776488844,false
996,-0.032021568862579425,2,-0.032957778875662334,false,-0.02317131019913165,true,-0.017954179960303508,true
997,-0.0004971495500159196,2,-0.03933395120376288,false,-0.027690842183574902,false,-0.02148394384762385,false
998,0.005468148392232787,2,-0.03745997550430718,false,-0.02637064487787084,false,-0.02045896375449616,false
999,0.01254444552342176,2,-0.0360816836276452,false,-0.025391525726367027,false,-0.01969264210572511,false
1000,-0.007312383164034976,2,-0.035297895360743216,false,-0.024832947018885478,false,-0.01925412178103317,false
1001,0.00914178963674536,2,-0.03438339684600301,false,-0.024188816426448708,false,-0.01875412332754056,false
1002,-0.006214142778424481,2,-0.033929670936475816,false,-0.023864955388142216,false,-0.018499492771546024,false
1003,0.006828014888273701,2,-0.0330777908698503,false,-0.023263370038952447,false,-0.018031338610061842,false
1004,0.0074409740186313425,2,-0.03240407087923043,false,-0.022787137817504917,false,-0.017660386387600927,false
1005,-0.0025396829027620575,2,-0.03143787698231648,false,-0.02210358724372179,false,-0.017127511923520675,false
1006,0.0033161741593075063,2,-0.0303214927693305,false,-0.021316161017609324,false,-0.0165154519829753,false
1007,0.007650703606343812,2,-0.029447902049097377,false,-0.020702362859815145,false,-0.01604014827891326,false
1008,0.00793061888834129,2,-0.02884197302254625,false,-0.020275762625041695,false,-0.015709147559470556,false
1009,0.00842453586543521,2,-0.02889417264443298,false,-0.02031097367986115,false,-0.015735302072048825,false
1010,-0.00545688653832975,2,-0.02845208446777463,false,-0.019996465343716352,false,-0.015488806076801238,false
1011,-0.000486404101829159,2,-0.027863267711470126,false,-0.019583968399708246,false,-0.015170304572296461,false
1012,0.008642334822025725,2,-0.02890818349088076,false,-0.020324141586024587,false,-0.015748020609865795,false
1013,-0.017916435542778796,2,-0.028663550803321274,false,-0.02014648361406833,false,-0.015606066610972717,true
1014,0.003527654446358184,2,-0.02997172062155767,false,-0.021072964471223466,false,-0.016329070495329747,false
1015,0.013159178344516718,2,-0.029201114690684513,false,-0.020529375732922413,false,-0.015906503782362722,false
1016,-0.005406534699824268,2,-0.029370355481080655,false,-0.020645472578341248,false,-0.015994269787361393,false
1017,-0.0032719129602471484,2,-0.028761167910615056,false,-0.020218102593754263,false,-0.01566382608503114,false
1018,0.007577207777404251,2,-0.028161038845149058,false,-0.01979302049181137,false,-0.015332060871620423,false
1019,-0.018939194841022883,2,-0.028648253498644385,false,-0.020137385564355768,false,-0.015600273361142685,true
1020,0.004139509034538262,2,-0.03116199196605745,false,-0.02192390406268653,false,-0.016999113584869913,false
1021,-0.013026060654760904,2,-0.03012565726282416,false,-0.02118846660709335,false,-0.01642408333859096,false
1022,0.013135227167943849,2,-0.030697331118709856,false,-0.021595833412636704,false,-0.016743858663578165,false
1023,-0.01028062557309111,2,-0.030704416249115855,false,-0.021594733122685745,false,-0.01673839475632322,false
1024,0.010859019457140897,2,-0.030450571030105216,false,-0.021419712518017865,false,-0.01660539526188868,false
1025,0.004201195590424856,2,-0.030181914621048692,false,-0.0212246552554522,false,-0.01644957343198017,false
1026,-0.006356074292348182,2,-0.02940966929700797,false,-0.02067796877261617,false,-0.016023131532760505,false
1027,-0.006925937193027598,2,-0.029784861408395983,false,-0.020945727881570012,false,-0.0162336185056484,false
1028,0.004530660364008995,2,-0.02959489935997596,false,-0.02081148659313798,false,-0.016129081748183803,false
1029,0.0019708946587480743,2,-0.0292281051502168,false,-0.02055171724407651,false,-0.015926366956338797,false
1030,0.0004798282863990727,2,-0.028856746444923403,false,-0.020288220331733945,false,-0.01572037076669997,false
1031,-0.010054919939556442,2,-0.028004672298465504,false,-0.01969013592601233,false,-0.015257687351932848,false
1032,-0.016067468191190416,2,-0.028066738848008217,false,-0.019737143702869518,false,-0.015296667352792993,true
1033,-0.001926420354786227,2,-0.02985057913721166,false,-0.021003227147587927,false,-0.016286736539559404,false
1034,-0.004942330688203283,2,-0.028972316088385335,false,-0.02038293506577662,false,-0.015803967825700156,false
1035,-0.0024996529024405465,2,-0.028458110147897786,false,-0.020023271883069675,false,-0.015526690815315264,false
1036,0.01390964966418149,2,-0.027720613717050528,false,-0.0195018534977822,false,-0.01512046283656741,false
1037,-0.001190427961982847,2,-0.028534741114364652,false,-0.020075904616995783,false,-0.015566530180273968,false
1038,-0.02932362783339401,2,-0.027867382603251147,true,-0.019605338838785312,true,-0.01520087387978677,true
1039,0.0025068857754037025,2,-0.03454649846944721,false,-0.024342432389199697,false,-0.018902682519675557,false
1040,-0.01121040704556607,2,-0.03312006490734222,false,-0.023331935976858387,false,-0.01811392066279122,false
1041,-0.01384509237990843,2,-0.03280433671562296,false,-0.023109979153429487,false,-0.01794195300881801,false
1042,0.03066437246819471,2,-0.03282138816482887,false,-0.023127112332326255,false,-0.01795912975751055,false
1043,-0.013968974853683074,2,-0.03670998710631804,false,-0.025867742751882604,false,-0.020087782405824324,false
1044,0.01554327463179452,2,-0.03725955876926109,false,-0.026263648120696998,false,-0.02040176884184635,false
1045,0.020268618548203415,2,-0.03726690786182864,false,-0.026266377122977486,false,-0.020402034891090416,false
1046,0.011449298128526828,2,-0.03808429938684538,false,-0.026841099758569173,false,-0.020847391639671357,false
1047,-0.013079555562756131,2,-0.03696075837755312,false,-0.026042448239272542,false,-0.02022193750531077,false
1048,0.0029170063346470876,2,-0.03627399692091664,false,-0.02556059145433613,false,-0.019849314642653923,false
1049,-0.011750176826650353,2,-0.0346747317462938,false,-0.02442961541068078,false,-0.018967981801918544,false
1050,-0.003526753034446937,2,-0.03423505675878813,false,-0.02412041333200349,false,-0.018728334348151958,false
1051,0.010041659044783454,2,-0.03286079667549878,false,-0.02314868703201834,false,-0.017971197318560374,false
1052,-0.0016856517108387835,2,-0.03249362210964444,false,-0.022888040819970923,false,-0.01776734097774317,false
1053,-0.009539208252354645,2,-0.03168417812786054,false,-0.02231655914172591,false,-0.017322716122988652,false
1054,-0.009022207242554437,2,-0.03123518859006406,false,-0.022001937113985976,false,-0.017079724917663054,false
1055,0.013456547948012501,2,-0.030691972196624617,false,-0.021618163861045033,false,-0.016780950212938316,false
1056,0.010663196765437396,2,-0.03170858716905668,false,-0.022331367736486845,false,-0.017332406755279275,false
1057,0.0029108608321625215,2,-0.03130058412835652,false,-0.022041982599542348,false,-0.017106256383908,false
1058,0.007513481403939539,2,-0.030369627726013315,false,-0.021380504770480088,false,-0.016588436585116845,false
1059,-0.0029717138478825562,2,-0.029567900653198587,false,-0.020807620831271044,false,-0.01613754807365035,false
1060,-0.000806711947955072,2,-0.028609681444043637,false,-0.02012883625292938,false,-0.01560772906301012,false
1061,0.008038700562584043,2,-0.02813251922410755,false,-0.019790214384729065,false,-0.015342962543682686,false
1062,-0.004027203384080593,2,-0.027776010070171445,false,-0.01953518712769856,false,-0.015142034910381574,false
1,0.005259335749235068,10,-0.012893403302016652,false,-0.008989314878434504,false,-0.006908059786025639,false
2,0.0012646692901600318,10,-0.012937656644309509,false,-0.009020172451616822,false,-0.006931776124263167,false
3,0.00041442302068266855,10,-0.012794166383641541,false,-0.008918059073085415,false,-0.006851720608492898,false
4,0.0007315035876842081,10,-0.012699258976830979,false,-0.008854369445623013,false,-0.006804673063686615,false
5,-0.00017565924579008012,10,-0.01257340181843351,false,-0.008766696448866046,false,-0.00673735590220828,false
6,0.007319388723542953,10,-0.012451291848971082,false,-0.008685446053742522,false,-0.006677887594973145,false
7,0.003017183048934339,10,-0.012706985301467235,false,-0.008862472523834302,false,-0.0068129769878346605,false
8,0.002671445960600658,10,-0.012619998707927906,false,-0.008801342397159484,false,-0.006765630847969262,false
9,0.0029412800585381102,10,-0.012487929922547953,false,-0.008707606306178874,false,-0.0066923297745314116,false
10,0.0024092972409025947,10,-0.012436446063537877,false,-0.008670394453713795,false,-0.006662726275945118,false
11,2.7034488304653005e-5,10,-0.0123763447785508,false,-0.00862741531932364,false,-0.006628874896681505,false
12,0.0011074070237758605,10,-0.012316934157346717,false,-0.00858467642266451,false,-0.006595023634687318,false
13,-0.00010202005899877676,10,-0.012215714333903038,false,-0.008514281321364113,false,-0.006541061078701538,false
14,0.0009485630124790555,10,-0.012262525438392655,false,-0.00854860101715226,false,-0.006568721650732583,false
15,-0.001205813777181332,10,-0.012296376433101771,false,-0.008573067786665809,false,-0.006588185724518594,false
16,-0.0008875217435476983,10,-0.01221153798084966,false,-0.008513086327525314,false,-0.006541455436428179,false
17,-0.002607132820984937,10,-0.012172930329716643,false,-0.008485993620985607,false,-0.006520501304242701,false
18,-0.0018009367805650977,10,-0.012194857570896415,false,-0.008500777233924266,false,-0.006531476675399413,false
19,0.00402909468572949,10,-0.012197432795489125,false,-0.00850367176251063,false,-0.006534541423763281,false
20,0.001458234226536593,10,-0.012578024287448038,false,-0.00877937113558826,false,-0.006754323196395039,false
21,0.0007829443379019373,10,-0.012549193541727736,false,-0.008760366064393834,false,-0.006740556155932652,false
22,0.005581290923914253,10,-0.012412385761774315,false,-0.008664724340329945,false,-0.006666859903937727,false
23,0.0012943316388597792,10,-0.012452892083483325,false,-0.008690126845121654,false,-0.006684210619819105,false
24,0.00013947561813677377,10,-0.012311119002589056,false,-0.0085888483965403,false,-0.00660451970988247,false
25,-0.0003412248005406767,10,-0.012206252963216684,false,-0.008512015714372193,false,-0.00654263150670881,false
26,0.0034267773194245317,10,-0.012080402703183295,false,-0.008424428313619536,false,-0.006475441894655591,false
27,0.0024118322596738567,10,-0.012093022333012656,false,-0.008431799511001379,false,-0.006480015172120308,false
28,-0.0016044123296070584,10,-0.011968014679494541,false,-0.008342294011607387,false,-0.006409435739722137,false
29,-0.0025702957221005692,10,-0.01198946320700769,false,-0.008360391543437973,false,-0.006425746868153954,false
30,-0.003009299643171372,10,-0.011958942162786439,false,-0.008339446054423473,false,-0.00640990607218798,false
31,-0.0017481070107362837,10,-0.012000066893669656,false,-0.008365476671228741,false,-0.006427890072630677,false
32,-0.007143479602876519,10,-0.011931355926105055,false,-0.008316211700924893,false,-0.006388991691510987,true
33,0.009048169383019713,10,-0.012453571745110241,false,-0.008688081568016915,false,-0.0066807126879595445,false
34,0.0002686641387368929,10,-0.013009528215072608,false,-0.009078775849655274,false,-0.006983306308518005,false
35,-0.0007842621214733082,10,-0.012859230745910187,false,-0.00896970250317346,false,-0.006896209389296611,false
36,0.007142981838116073,10,-0.012650804522061757,false,-0.008822421907893865,false,-0.006781525302351387,false
37,0.0035578052901795373,10,-0.012908611904274659,false,-0.009006684839181583,false,-0.0069265819589856194,false
38,0.0039989218469472995,10,-0.012780329842431264,false,-0.008914166751901844,false,-0.0068531295142092085,false
39,-0.0029600638325706853,10,-0.012876411658553561,false,-0.008976773346647527,false,-0.00689789059230656,false
40,0.003126439772464309,10,-0.012811808838456182,false,-0.008929850461895945,false,-0.006860392815667191,false
41,-0.0001617069457384298,10,-0.01292128919895014,false,-0.009008071920069338,false,-0.006921950268680041,false
42,-0.0019718736842228505,10,-0.013058178936101538,false,-0.009111484440982613,false,-0.007007516209491697,false
43,-0.003877386318532597,10,-0.01313206644108312,false,-0.009164530115260652,false,-0.007049451180942194,false
44,-0.00021933084593166998,10,-0.013194205241173623,false,-0.009210833824636363,false,-0.007087313262052046,false
45,-0.0029262372694646875,10,-0.013245914674712575,false,-0.009249272466030693,false,-0.007118677293259665,false
46,-0.00803426998354559,10,-0.013173043780915475,false,-0.009199645747083584,false,-0.007081441957915234,true
47,0.00177091342828217,10,-0.013395837972913448,false,-0.009358781315672067,false,-0.007206641349918563,false
48,0.005428648956258046,10,-0.013183694649642383,false,-0.009210894424898043,false,-0.00709300932554221,false
49,0.004766502088006958,10,-0.01320644579358848,false,-0.009226775422626737,false,-0.007105227873743838,false
50,-0.00057387462945869,10,-0.013098516627257435,false,-0.009148608496493375,false,-0.007042927087731373,false
51,0.0037229785643813503,10,-0.012940551168066857,false,-0.00903627019889559,false,-0.006954912461145637,false
52,-0.0023712866432084798,10,-0.012795597013762285,false,-0.00893454881320984,false,-0.006876238304437428,false
53,0.0011707842441693852,10,-0.012803910731184791,false,-0.00894113192648651,false,-0.0068818988390476656,false
54,0.009263248062411928,10,-0.012846771142913944,false,-0.008974138710551761,false,-0.006909652690666426,false
55,-0.00198747328694338,10,-0.01337246164952015,false,-0.009343699044892188,false,-0.0071959806078966205,false
56,-0.0007647449589058388,10,-0.013235300527563977,false,-0.009246308017931144,false,-0.00711979087141717,false
57,-0.001967229657741554,10,-0.012989347335822108,false,-0.009072901738781152,false,-0.006985059082926345,false
58,0.001974835117021318,10,-0.012850508594364131,false,-0.00897616787034215,false,-0.0069107711664941245,false
59,-0.0004317498935012958,10,-0.01269047795209425,false,-0.008861327211785763,false,-0.006820021121040014,false
60,0.0038219095244332213,10,-0.012520592532238892,false,-0.008742880067285661,false,-0.00672899553079601,false
61,0.0038564379341208643,10,-0.012385505459068673,false,-0.00864511955483923,false,-0.00665113366975287,false
62,-0.0008535502453248463,10,-0.012286278483690832,false,-0.008570669785269106,false,-0.006589892536916353,false
63,0.007485461202998749,10,-0.012175591262302946,false,-0.00849504998548745,false,-0.006532967049833853,false
64,0.003604636656422891,10,-0.012499734952743449,false,-0.008723191048755843,false,-0.006709929467792966,false
65,0.007757413397075694,10,-0.01249422272926693,false,-0.008719063781201422,false,-0.006706540515115898,false
66,0.007274656875438502,10,-0.012994229832122027,false,-0.00906856281430711,false,-0.006975804253159501,false
67,0.0018151444633232017,10,-0.013170423805111105,false,-0.009190254583572416,false,-0.0070684410992928335,false
68,0.0010142265474741812,10,-0.013027539645065478,false,-0.00908788632747986,false,-0.006987671721677655,false
69,-0.0013963927770698921,10,-0.012894939572704482,false,-0.008993660640077812,false,-0.006913903276901423,false
70,0.0016642815574443724,10,-0.012790746256038736,false,-0.00892339492156959,false,-0.006861724235429514,false
71,0.0034222119581832663,10,-0.012708534261912305,false,-0.00886845599670114,false,-0.006821324482864629,false
72,0.006349409299238988,10,-0.012630439279156316,false,-0.008811940738727184,false,-0.006776313296321044,false
73,-0.002959843620884069,10,-0.013019599830965036,false,-0.00908989690059726,false,-0.006994986809401709,false
74,-0.011311723862621352,10,-0.01309834756296068,false,-0.009148402479268422,true,-0.007042701371037134,true
75,-0.0008076063946168537,10,-0.014038636331946151,false,-0.009817679421401451,false,-0.007567502911093553,false
76,-0.0004974478981579584,10,-0.013907758401977064,false,-0.009724640274011315,false,-0.007494635478682335,false
77,-0.01436302551742714,10,-0.013705676810913487,true,-0.009578984063342275,true,-0.007379059429512169,true
78,-0.021116354555977126,10,-0.015425350382757403,true,-0.010808993254770078,true,-0.008348030351633255,true
79,-0.035421852765661815,10,-0.018419486520667307,true,-0.012944530532164034,true,-0.010025851753538498,true
80,-0.003325943896817192,10,-0.022991129172274312,false,-0.016168602914230654,false,-0.012531539411294403,false
81,-0.01144118906285261,10,-0.02200120770297937,false,-0.01546838648349887,false,-0.01198576366463218,false
82,-0.010160232745992166,10,-0.0229208321739375,false,-0.01612921058266669,false,-0.012508622243231265,false
83,0.007605780189830507,10,-0.022780322885817383,false,-0.016028206505197345,false,-0.012428678247379678,false
84,0.004625337068925354,10,-0.02213307106598412,false,-0.015566915294413553,false,-0.012066521949174675,false
85,0.010933117638768253,10,-0.021227273873218374,false,-0.014921341393458368,false,-0.011559672122185824,false
86,0.012020773150415871,10,-0.02091207466038415,false,-0.01469292856364495,false,-0.011377524792027272,false
87,0.00446468940712857,10,-0.02096867880099176,false,-0.014732323176404756,false,-0.011407745069171409,false
88,-0.0031521306678983095,10,-0.02013199826518832,false,-0.014138419520896256,false,-0.010943264870206798,false
89,-0.003974319153507113,10,-0.019603803509424846,false,-0.013764093995514875,false,-0.010650966462183565,false
90,-0.0017191399480184955,10,-0.018964193027389595,false,-0.013309015771518364,false,-0.010294261702127307,false
91,0.012429302941896113,10,-0.018131996024916015,false,-0.01271658989461209,false,-0.009829656925041744,false
92,0.007720949837069006,10,-0.018804483238998203,false,-0.013195682102113318,false,-0.010205650970149468,false
93,-0.004008546154557524,10,-0.018368913663275022,false,-0.012886488897481873,false,-0.009963828541319638,false
94,-0.01053535136616325,10,-0.018124363640879475,false,-0.0127144814811396,false,-0.009830493319836736,true
95,-0.012551423060254587,10,-0.01829524080036795,false,-0.012835190041387275,false,-0.009924457185466778,true
96,-0.0028559521992851883,10,-0.019031167693595096,false,-0.013360248601984334,false,-0.010337102618209665,false
97,0.0008047388345654164,10,-0.018452694904722285,false,-0.012949565444954004,false,-0.010015867493046695,false
98,0.010074235318431159,10,-0.018191776155245726,false,-0.012761362290126844,false,-0.009866428752659402,false
99,-0.0022092761632494995,10,-0.01800681806593418,false,-0.012622536714604284,false,-0.009752196249534736,false
100,0.004302622400400301,10,-0.01742806484916142,false,-0.01220973007752519,false,-0.00942785512004227,false
101,0.008337036447614238,10,-0.016837276762807066,false,-0.011789406428840216,false,-0.009098405432313458,false
102,0.006734161915355048,10,-0.017167300651428116,false,-0.01202953180359486,false,-0.009290606241975191,false
103,-0.0011196850772095268,10,-0.016902750147096003,false,-0.011839309220756893,false,-0.009140007599051965,false
104,-0.004030459456732588,10,-0.01636570211050277,false,-0.01145942369650671,false,-0.008843904828587268,false
105,-0.0008903479337821276,10,-0.016002809924721008,false,-0.011199506088810872,false,-0.008638882587434725,false
106,9.159078387921502e-5,10,-0.015458035965518995,false,-0.01081058435761889,false,-0.008333045102298708,false
107,-0.010073716584858387,10,-0.015137716509948128,false,-0.010583527708769861,false,-0.008155706510615012,true
108,-0.0012621565162001162,10,-0.016143851081296054,false,-0.01130884125731955,false,-0.008731315411026114,false
109,-0.000533750904504019,10,-0.015655397484929074,false,-0.010960944877259404,false,-0.008458349562878718,false
110,-0.008777743173897491,10,-0.01518520501106363,false,-0.010630402174083526,false,-0.008202253635714819,true
111,-0.020660885930743285,10,-0.01675542751511104,true,-0.011752370794157889,true,-0.009085259768906019,true
112,0.004225297778404133,10,-0.019088336613422137,false,-0.013419244624751197,false,-0.010397072662792965,false
113,0.006722680336744242,10,-0.018768822517342385,false,-0.01319926517150673,false,-0.010230154759338387,false
114,-0.004055485525289299,10,-0.01840597527891135,false,-0.012939879794088956,false,-0.01002592451718939,false
115,0.0039985297159188925,10,-0.01809438130389135,false,-0.012718166044288182,false,-0.00985212558287139,false
116,-0.0036359655004398715,10,-0.017788606548367114,false,-0.012502293525467686,false,-0.009684179613774616,false
117,-0.00016005351738515388,10,-0.017897954023550204,false,-0.012583507594137969,false,-0.009750395867534274,false
118,-0.0003476895231761491,10,-0.017730740719070867,false,-0.012463005799384827,false,-0.009654795805770711,false
119,0.009576686116995324,10,-0.017437293213565023,false,-0.012249621350477777,false,-0.00948409267608111,false
120,-0.007312256226552162,10,-0.017807930657037986,false,-0.012504387073372945,false,-0.009677087613493547,false
121,0.0035450419552299174,10,-0.017986016159012314,false,-0.012635389307418508,false,-0.009782989931627345,false
122,0.010539794530536486,10,-0.017469147736888277,false,-0.012266267045201352,false,-0.009492630600555054,false
123,-0.0013888285020154988,10,-0.017670788742487318,false,-0.0124086888479597,false,-0.009603482865406396,false
124,-0.0015896024147385945,10,-0.0171148763389584,false,-0.012011605239228475,false,-0.009291070299471519,false
125,0.0005639368260695651,10,-0.01660590350960115,false,-0.011651862006526077,false,-0.009010880812555199,false
126,0.003196933195927263,10,-0.016080147078722854,false,-0.011277368258944428,false,-0.008717024641725392,false
127,0.004297113113886916,10,-0.015928752264549626,false,-0.011167187707391836,false,-0.008628815261071735,false
128,0.005504270462232088,10,-0.01574487158966016,false,-0.011038818888562002,false,-0.008530039607298128,false
129,-0.0014423980793517917,10,-0.015464953432977532,false,-0.010835930690039958,false,-0.008368215794439426,false
130,-0.00868220939710118,10,-0.015233932346812178,false,-0.010672397028046355,false,-0.008240659428549717,true
131,-0.002074780201022301,10,-0.015588563504066347,false,-0.010928435396800888,false,-0.008444138346575576,false
132,-0.001377370424703941,10,-0.015230859759894662,false,-0.01067503050391128,false,-0.008246334785369958,false
133,-0.004116331881088374,10,-0.014959585960924579,false,-0.010483962727301618,false,-0.008098024542496257,false
134,0.00440891227372575,10,-0.014872938632122943,false,-0.010416239456743408,false,-0.008040389617363388,false
135,0.0057356978613872615,10,-0.014816291449171225,false,-0.010375358293742204,false,-0.008007913261259185,false
136,-0.0015931620206964703,10,-0.014626248411967455,false,-0.010236734965864552,false,-0.007896701590156197,false
137,-0.0034110644908219934,10,-0.014638734407505122,false,-0.010246550791896144,false,-0.007905093958704463,false
138,-0.0026063315936480603,10,-0.014552509933291293,false,-0.0101844972981997,false,-0.00785592592528255,false
139,-0.0007497556314555907,10,-0.014362321985935275,false,-0.010047571655649984,false,-0.007747394220339869,false
140,0.003603859440777758,10,-0.014235142196197618,false,-0.009952207235177504,false,-0.007668990455497022,false
141,0.001608849484954475,10,-0.014389594935928543,false,-0.010061953788335945,false,-0.007754904306018881,false
142,-0.002043950785009753,10,-0.014045005932073518,false,-0.00981786110714572,false,-0.00756438584257718,false
143,0.0011631605983066398,10,-0.013975669305787053,false,-0.009770303840406697,false,-0.007528439071823268,false
144,0.00821617200549487,10,-0.013778622588951515,false,-0.009634792002085748,false,-0.007425731249542442,false
145,0.00705318579143153,10,-0.014118195995453666,false,-0.009875384927682463,false,-0.007613558047023518,false
146,0.004192277736804853,10,-0.014157932738936231,false,-0.009901473328908611,false,-0.0076323705674954,false
147,-0.009506166595619762,10,-0.013899778179807556,false,-0.009717766398630631,false,-0.007488351392680985,true
148,0.0011891750350087687,10,-0.014596235153402528,false,-0.010211375294020395,false,-0.007873822728173328,false
149,7.775515187334137e-5,10,-0.014377902094547637,false,-0.010056460718792216,false,-0.007752716311900692,false
150,0.00034887496698693225,10,-0.01410199321413678,false,-0.009862966158601312,false,-0.0076031565208633505,false
151,0.001869758986148754,10,-0.01386298955071071,false,-0.009693146546280508,false,-0.007470218670186712,false
152,-0.0006977007621929232,10,-0.013755140521551659,false,-0.009616129858735403,false,-0.0074096385898678434,false
153,-0.0023272606667615312,10,-0.01350695900407386,false,-0.009442174967169816,false,-0.0072752536379170904,false
154,-0.000291791689655979,10,-0.013587703039371207,false,-0.009498419510285981,false,-0.007318437592406338,false
155,-0.0019061750949817774,10,-0.013322127934120322,false,-0.009311485691018329,false,-0.007173427151701925,false
156,-0.007521487106951951,10,-0.013145125518483649,false,-0.00918631297665057,false,-0.007075884659296448,true
157,-0.0019665953035898557,10,-0.013660478235482098,false,-0.00954908126734767,false,-0.007357310756936714,false
158,0.0021022451165251125,10,-0.014261816551136512,false,-0.009974798984933303,false,-0.00768940578353648,false
159,0.004504902526672803,10,-0.014191399802216034,false,-0.009922012951774554,false,-0.007646018619711801,false
160,0.009283685023842365,10,-0.01438054253607616,false,-0.010062807927534194,false,-0.007761039584528099,false
161,0.00017267123999472933,10,-0.0146175334510653,false,-0.01022703069637654,false,-0.007886469923921778,false
162,0.005324406767716831,10,-0.014250515016486309,false,-0.009967454835351679,false,-0.007684171301291501,false
163,0.004165224607006671,10,-0.014156125063606502,false,-0.009897570898578371,false,-0.007627351431025555,false
164,-0.003913887424600451,10,-0.013953650253448168,false,-0.009753328920788382,false,-0.007514153160693606,false
165,0.0016558323863299054,10,-0.013855955486214204,false,-0.009684532922658959,false,-0.0074607629894404065,false
166,0.0010974465787257125,10,-0.013591715808491889,false,-0.009494544845094714,false,-0.00731035816516905,false
167,-0.0027379580833020224,10,-0.013318623255649923,false,-0.009300786134586812,false,-0.0071588920324523655,false
168,-0.0031270908366140358,10,-0.013337148895080305,false,-0.009312973102228594,false,-0.007167699877618477,false
169,-0.0020635451967663293,10,-0.013255801607207475,false,-0.009256658859620607,false,-0.007124730658812015,false
170,-0.005479536048030085,10,-0.013161602738047585,false,-0.00919261924910451,false,-0.007076768837481358,false
171,-0.00851653464685888,10,-0.013347429946322554,false,-0.009322076103752176,false,-0.007176174865196146,true
172,0.005019321127973559,10,-0.013815805744523412,false,-0.009655941828738407,false,-0.00743833376787599,false
173,-0.0035265756931782345,10,-0.013701490073268903,false,-0.009572959654568069,false,-0.00737205536505865,false
174,0.003208143466937218,10,-0.013811114935912795,false,-0.009652540395196741,false,-0.007435619695412539,false
175,-0.00952426975679929,10,-0.013737426746840918,false,-0.009599459672416532,false,-0.007393524736659115,true
176,-0.0007926121670341555,10,-0.014608080847566663,false,-0.010228249477465905,false,-0.007893377580647945,false
177,-0.005432587416653173,10,-0.014296244746205358,false,-0.010008096082536956,false,-0.007722099897266809,false
178,-0.001365780257603674,10,-0.014391672956975063,false,-0.010079739057179156,false,-0.007781063050541365,false
179,0.004422422470902712,10,-0.014196256032861614,false,-0.009942967348553055,false,-0.007675554889288114,false
180,-0.007683448051782475,10,-0.01414001748953573,false,-0.009898904909606097,false,-0.007637983486530621,true
181,0.002366895505663093,10,-0.014458304646497831,false,-0.010121819377131433,false,-0.007810055126222443,false
182,0.0035166990743816153,10,-0.014413537388176441,false,-0.010090091096390768,false,-0.007785277876182253,false
183,0.010007762974469224,10,-0.014620563846381569,false,-0.010235970577751611,false,-0.007898560130448068,false
184,0.006100671694157735,10,-0.015159042048218831,false,-0.010612791093127806,false,-0.008189201531349846,false
185,0.0012487232469701392,10,-0.015101277479474073,false,-0.01057090718028204,false,-0.008155783537401033,false
186,-0.009205932526966774,10,-0.014779203391811959,false,-0.01034402454407882,false,-0.00797964711173595,true
187,0.004617142980542736,10,-0.015296218596728679,false,-0.010709160695380172,false,-0.008263817101549295,false
188,0.003965187119831316,10,-0.015272474122763977,false,-0.01069177588077568,false,-0.008249822597817239,false
189,-0.003031996380824307,10,-0.014954441044767198,false,-0.010465268676863383,false,-0.008072107498708429,false
190,0.0008729365903348939,10,-0.014721716736621551,false,-0.010302121904153368,false,-0.007946052252683099,false
191,0.0013711138796574467,10,-0.014395871510645964,false,-0.010074064466859685,false,-0.00777012512369398,false
192,-0.002392516364639453,10,-0.01405118406243278,false,-0.009829938292204672,false,-0.007579607791868407,false
193,0.003175871599250284,10,-0.0139323327182918,false,-0.009746662718441223,false,-0.007515297529653071,false
194,-0.0015841594903230685,10,-0.013868830174261226,false,-0.009699903150721481,false,-0.007477463580651009,false
195,0.006397406770136981,10,-0.013610763612940354,false,-0.009517010615248305,false,-0.0073346460401926316,false
196,0.003602844303449531,10,-0.013696384056527245,false,-0.009574500313744173,false,-0.007377139342571982,false
197,0.0025323316539304875,10,-0.013790179733634524,false,-0.009642436969604547,false,-0.007431290649891133,false
198,-6.957680690682024e-6,10,-0.013859509750333466,false,-0.009694180884004637,false,-0.00747365947822913,false
199,-0.002254509222047402,10,-0.013866162236254928,false,-0.00970365778980995,false,-0.0074846420718233915,false
200,0.0011946253788397813,10,-0.013717639567955575,false,-0.009603307800756956,false,-0.007409972759824447,false
201,-0.0015995304277096028,10,-0.01381607504987216,false,-0.009672733116905793,false,-0.0074639328639481035,false
202,-0.006283831838772326,10,-0.013888752181859596,false,-0.009723842864526667,false,-0.007503545118768429,false
203,0.0032645234554247995,10,-0.014211485606719995,false,-0.009947593242244012,false,-0.007674528000318356,false
204,-0.00027074756342568973,10,-0.01397560642850112,false,-0.00977839728780166,false,-0.007540880625724968,false
205,0.0052734858945636285,10,-0.013651832936357362,false,-0.009547949087906535,false,-0.007360183793798295,false
206,0.0007855289343902418,10,-0.01353349457356036,false,-0.00946319106975028,false,-0.007293327333113495,false
207,0.000601537122125504,10,-0.013243916955375778,false,-0.009257668402724073,false,-0.007132614049523341,false
208,-0.010933608451433312,10,-0.01298133715408979,false,-0.009072857762930403,true,-0.0069892618619539024,true
209,-0.009274543216958519,10,-0.013960414521063414,false,-0.009762111621708579,false,-0.007524011880939917,true
210,0.005739260913101906,10,-0.014444943475270795,false,-0.010105853201461937,false,-0.007792700232323906,false
211,-0.005619119432294414,10,-0.014571752392092994,false,-0.010193750797477284,false,-0.007859854347199728,false
212,0.0037654082391982042,10,-0.014865534901637743,false,-0.010404350236637178,false,-0.008026109199337736,false
213,0.005470667488495602,10,-0.015013336254282144,false,-0.010507195801800717,false,-0.008104989000544023,false
214,0.00375131023982708,10,-0.01476362122462897,false,-0.01032891356355049,false,-0.0079647873190697,false
215,0.0025045472772925546,10,-0.01449496924267198,false,-0.01013783048926504,false,-0.00781505594243762,false
216,0.001578734041252268,10,-0.014208051115198225,false,-0.009935212024740863,false,-0.007657377316299884,false
217,-0.0036525865086233437,10,-0.01410063724199138,false,-0.009861353688173523,false,-0.007601407312150335,false
218,0.005609127834154071,10,-0.013961149065514376,false,-0.009763959995047169,false,-0.0075264540323370255,false
219,0.007939451083486789,10,-0.013974265991187052,false,-0.009774544339821029,false,-0.007535688267604973,false
220,0.0020355275456049684,10,-0.014228874146580235,false,-0.009953433352947759,false,-0.007674211686171146,false
221,0.0028288248307065675,10,-0.013928740880802924,false,-0.009740919776092085,false,-0.007508407841262608,false
222,-0.0021967108927831657,10,-0.01378287072264359,false,-0.009639778395624313,false,-0.0074311112066734065,false
223,-0.0033464203104189164,10,-0.013677146442891776,false,-0.009564004088949925,false,-0.007371303119823441,false
224,-0.0062077906209695045,10,-0.01357743788733547,false,-0.009493650312852708,false,-0.007316598268035094,false
225,-0.006950569908040783,10,-0.013901218940935175,false,-0.00972167902112478,false,-0.007493581755323063,false
226,-0.003749100646367411,10,-0.014473460322155107,false,-0.010135165432000916,false,-0.007822436478946052,false
227,-0.004420257419860945,10,-0.014335155702302598,false,-0.010040349444811117,false,-0.00775080412090882,false
228,0.0006030267116311676,10,-0.014273644256504249,false,-0.009998540845434646,false,-0.007719499036053892,false
229,0.0012179632864223787,10,-0.014048497140353769,false,-0.00983803177357769,false,-0.0075934482664312426,false
230,0.001997125113970549,10,-0.013762185635965785,false,-0.009634438801616099,false,-0.007433952238024801,false
231,0.006625935410504153,10,-0.013692211544795451,false,-0.009584667106039129,false,-0.0073949503647842245,false
232,0.004623818874571604,10,-0.013834055311645749,false,-0.009685878941382169,false,-0.007474501467790084,false
233,-0.0031591211212864305,10,-0.01370894457454946,false,-0.009594912544398282,false,-0.007401737292176653,false
234,0.004752665069833403,10,-0.013721241142456308,false,-0.009610204069018255,false,-0.007418625417138231,false
235,0.002855067153026639,10,-0.013688986799250959,false,-0.009588273054135819,false,-0.007402197730385577,false
236,0.005931383333808649,10,-0.013815462997468629,false,-0.009674959784086013,false,-0.007467672842034378,false
237,0.005174866437455458,10,-0.014071226608642901,false,-0.00985482444475971,false,-0.007607076053043246,false
238,-0.002958030355859532,10,-0.01393285548210173,false,-0.009752692476663905,false,-0.007524263046219793,false
239,-0.000559812467256563,10,-0.013954098892344929,false,-0.0097684637613171,false,-0.007537117160969327,false
240,-7.594943162506345e-5,10,-0.013811717134051348,false,-0.009669098616322725,false,-0.007460684013351441,false
241,-0.0014234056768166426,10,-0.013619688724963558,false,-0.009534001751771676,false,-0.007355937144530531,false
242,0.0010624429458684739,10,-0.013484528306795609,false,-0.009438590723102405,false,-0.0072817163683193105,false
243,0.00048019024182514,10,-0.013537473033706292,false,-0.009474565512151438,false,-0.007308644546287744,false
244,-0.003815867325296778,10,-0.013337402573019368,false,-0.009334385049721387,false,-0.007200391220318938,false
245,-0.0028305341087547183,10,-0.013326514515432323,false,-0.00932606961197592,false,-0.0071934472366916155,false
246,-0.00878482532366644,10,-0.013243158831697799,false,-0.009267691745805192,false,-0.007148384952639336,true
247,-0.003113197657945762,10,-0.01413265511689922,false,-0.009902482340342479,false,-0.007647392885964806,false
248,-0.0039021319316596536,10,-0.014098062259569975,false,-0.009880799706172476,false,-0.0076325926439896104,false
249,-0.005038947541500793,10,-0.014218501674798973,false,-0.009966201244399168,false,-0.007699315619636174,false
250,-0.011391154818448143,10,-0.014296732779290052,false,-0.010022015688907128,true,-0.007743179825654949,true
251,-0.029147036484806967,10,-0.015807851484168887,true,-0.011117463829482874,true,-0.008617035526496326,true
252,0.004398806763038627,10,-0.02111197567976422,false,-0.01487500421674469,false,-0.011550097808321738,false
253,-0.0033643757782310228,10,-0.020137193021527673,false,-0.014183402730613838,false,-0.011009459157192075,false
254,0.011920190015137114,10,-0.019428471687708237,false,-0.013679779005314956,false,-0.01061517220807784,false
255,0.0038371515507577645,10,-0.020129699433050895,false,-0.014177740973125396,false,-0.011004773942025233,false
256,-0.005744348565830975,10,-0.0196173078864196,false,-0.013809561283963634,false,-0.010713473060456873,false
257,0.00024332710741290837,10,-0.019157391695220703,false,-0.013485826960889359,false,-0.010462336787369403,false
258,-0.005414294637431834,10,-0.018497718329901602,false,-0.013017272754379515,false,-0.01009566749722723,false
259,-0.013937928709062545,10,-0.018317238259542047,false,-0.012888330916405647,true,-0.009994200500232515,true
260,-0.010793641206490649,10,-0.018876879951964926,false,-0.013277463243478768,false,-0.01029243491556931,true
261,-0.010070147657204445,10,-0.01961444619005537,false,-0.013820230556026778,false,-0.01073135564172034,false
262,-0.007039787770765842,10,-0.019929427849571198,false,-0.014041063246786684,false,-0.010901997865613588,false
263,0.003909748826682423,10,-0.020423291759245003,false,-0.014395800140422332,false,-0.011182566661807584,false
264,0.009709333239326995,10,-0.019865803730811312,false,-0.013995445079516037,false,-0.010865978604454872,false
265,0.008002431119057195,10,-0.019927011204083744,false,-0.014034840802283694,false,-0.010893746563737918,false
266,0.00795413127010481,10,-0.019516590093459355,false,-0.01374090462764296,false,-0.01066190807744372,false
267,0.0073089114017135595,10,-0.01921302613520227,false,-0.013517645455730861,false,-0.010481459089982296,false
268,0.0014945327296139875,10,-0.018639546374049173,false,-0.013102581581706626,false,-0.01015084613920403,false
269,0.005904227610225927,10,-0.018457565060010322,false,-0.012972388765194014,false,-0.010048261579090948,false
270,0.011494484167356748,10,-0.01802738843215414,false,-0.012664249604742717,false,-0.00980518014094094,false
271,0.0016168143144677358,10,-0.019098456884701364,false,-0.013429021693931877,false,-0.01040666677220485,false
272,-0.008084165517912485,10,-0.018471383773322397,false,-0.012981659415761057,false,-0.0100551076742377,false
273,-0.0078834547793926,10,-0.01835165814612724,false,-0.012900664263002022,false,-0.009994759594087134,false
274,-0.007488815702746855,10,-0.018537657761106042,false,-0.013042331565188074,false,-0.010112793504365144,false
275,-0.00524720904285458,10,-0.018473706215158703,false,-0.012996222166938753,false,-0.010076195689032773,false
276,0.0036141286636127575,10,-0.018270791003620883,false,-0.012855615978176818,false,-0.009968806209752112,false
277,0.0065683232489846905,10,-0.017685255742931158,false,-0.012442624468917982,false,-0.009647797135921664,false
278,-0.0019188676869534111,10,-0.017448564186601873,false,-0.01227076651832324,false,-0.009510501740641804,false
279,-0.01274002264566078,10,-0.016931019731559853,false,-0.011911459373105263,true,-0.009235550319769381,true
280,-0.003382517168214794,10,-0.01858016932123445,false,-0.013085528062996104,false,-0.01015635513991572,false
281,-0.0002504759800219788,10,-0.01810903602711987,false,-0.012751778426284178,false,-0.009895844222607768,false
282,0.0037086244951487456,10,-0.017676795579966695,false,-0.012443968620840603,false,-0.009654367931831921,false
283,0.004827303976475148,10,-0.01766649555568746,false,-0.012438733342203096,false,-0.009651832650355067,false
284,0.007604791792807106,10,-0.01720117505388687,false,-0.012104419346232326,false,-0.009387357737882011,false
285,0.008467896748888043,10,-0.01731720219284598,false,-0.012192223341279097,false,-0.009460116079342521,false
286,-0.0007760734480763277,10,-0.017175515782403443,false,-0.012083991920366568,false,-0.009369719389555761,false
287,0.014297448624290398,10,-0.016955386321531134,false,-0.011928334295983471,false,-0.009248431462641506,false
288,-0.014026790585292841,10,-0.01768178639717656,false,-0.012434596301894786,true,-0.009637338678149072,true
289,-0.023809798060770118,10,-0.019159914674580693,true,-0.013499394372934176,true,-0.01048179194561106,true
290,-0.003653724074109614,10,-0.021030253163633977,false,-0.01480637195519021,false,-0.011488443913044046,false
291,-0.014895271923569311,10,-0.020842422813047455,false,-0.014677605633985968,true,-0.011391164407350314,true
292,-0.0005335507573970676,10,-0.021052255369454667,false,-0.01481934223384492,false,-0.01149659930474719,false
293,0.013144637779578902,10,-0.020271240087650046,false,-0.014264956588511957,false,-0.011063029080025176,false
294,0.0018219036756245836,10,-0.020370939137700973,false,-0.014325578037089457,false,-0.011102818403855082,false
295,-0.015936672078419818,10,-0.01954652965445174,false,-0.013740000705852703,true,-0.010644561609111418,true
296,-0.010391141464761196,10,-0.0209930747427048,false,-0.014773577148281295,false,-0.011457985994548751,false
297,-0.008815717613532663,10,-0.022719599024509377,false,-0.01600701339771326,false,-0.012428558838484444,false
298,-0.0020764383888349646,10,-0.022130705844576302,false,-0.015590020361434176,false,-0.012103205132709415,false
299,-0.013930970701227618,10,-0.021541139098240524,false,-0.015174952324125808,false,-0.011781161711490261,true
300,-0.007727624417429064,10,-0.021936248669118683,false,-0.015457317678960589,false,-0.01200342354193698,false
301,-0.011246112899827677,10,-0.021663959095047817,false,-0.015270566155851588,false,-0.011862272037281393,false
302,-0.0037819320766831616,10,-0.02259631807456206,false,-0.015941065704956372,false,-0.012393175292986934,false
303,0.006933186790533533,10,-0.022995558152395002,false,-0.016231051924137926,false,-0.012624918684390807,false
304,0.012431286784206828,10,-0.02298640707153348,false,-0.01622103792007475,false,-0.012614444659161882,false
305,0.004969453191174979,10,-0.023048564717025526,false,-0.016253547303609076,false,-0.01263114866395328,false
306,-0.009365924451619925,10,-0.02220365005292277,false,-0.01565198149556838,false,-0.012159311230621464,false
307,-0.004100292474878047,10,-0.02198775159764993,false,-0.015494802673912194,false,-0.01203343562836749,false
308,0.01588033993733935,10,-0.02126136980955736,false,-0.014986277925833796,false,-0.011641049662189576,false
309,0.011350844561723524,10,-0.023119809618610234,false,-0.016296869129273004,false,-0.012659584801166923,false
310,0.0029540214394118153,10,-0.022829540283522458,false,-0.016088403956417557,false,-0.012494729124499587,false
311,0.013851428051999388,10,-0.02212868800453272,false,-0.015590083094925683,false,-0.012104377012253784,false
312,0.0023110838770244446,10,-0.02209255101087938,false,-0.015555672396500294,false,-0.012070886595426645,false
313,0.0008857956600377711,10,-0.021213033834721545,false,-0.014929969645262314,false,-0.01158049137493014,false
314,-0.0067630651362371045,10,-0.02026862183016866,false,-0.01425556253916099,false,-0.011050022881100827,false
315,0.008217516735626842,10,-0.019977716907892084,false,-0.014050565302027182,false,-0.010890822713034532,false
316,1.6397054262243162e-5,10,-0.019545007836620186,false,-0.013741508912820274,false,-0.010647685111087477,false
317,0.0023901161636397097,10,-0.018711522555514254,false,-0.01314771924966912,false,-0.010181676294928192,false
318,0.010650257307221427,10,-0.018163807811793713,false,-0.01275666117138653,false,-0.009874131305317753,false
319,-0.007854996041172032,10,-0.018681706195086984,false,-0.013121656658439423,false,-0.010157614824167742,false
320,0.0005067940339606588,10,-0.018734100100596552,false,-0.013166153470429084,false,-0.010197901724823362,false
321,0.0029029354870795895,10,-0.018021717619782336,false,-0.012661775997812331,false,-0.009804410952400837,false
322,0.008971656964174317,10,-0.01744960705519783,false,-0.012257696798645332,false,-0.009489908652375563,false
323,-0.004715828052323186,10,-0.017413473730375134,false,-0.01222953559310998,false,-0.009465997354133254,false
324,0.0016052833692019562,10,-0.017109418157871654,false,-0.012018587706887676,false,-0.009304684830943355,false
325,0.005666580060103602,10,-0.01658754233744617,false,-0.011649037612115451,false,-0.009016339016869733,false
326,0.01223405082185466,10,-0.016502011299892733,false,-0.011594356609190875,false,-0.008978104053252174,false
327,-0.0009436919878138992,10,-0.017432059818552698,false,-0.012249640923269902,false,-0.00948691258657236,false
328,0.00017219856992833335,10,-0.0168135177978178,false,-0.01181154730744005,false,-0.009145015347688574,false
329,0.005929079265570082,10,-0.016329984350050862,false,-0.011472363045061556,false,-0.008882783101908905,false
330,-0.0021682766447130527,10,-0.016204015924714068,false,-0.01137633686184025,false,-0.00880271901716482,false
331,-0.0070070887546778765,10,-0.015778006764226783,false,-0.011075965316454193,false,-0.008569324419495436,false
332,-0.005335914042189373,10,-0.01605376132376925,false,-0.011272477998470656,false,-0.008723593549819568,false
333,-0.0011539072748696984,10,-0.015943142837207935,false,-0.01119165674668248,false,-0.008658657093630973,false
334,0.010553991626886831,10,-0.01551778545884678,false,-0.010890056432945125,false,-0.00842303121310933,false
335,0.003813075360186224,10,-0.016307544474514185,false,-0.011450528119920277,false,-0.008861270673584927,false
336,-0.0010399367378965824,10,-0.015863595719257235,false,-0.011134595158176977,false,-0.008613582457670051,false
337,0.0016488654680480261,10,-0.015543993716102338,false,-0.010907941076643567,false,-0.008436478569220137,false
338,0.006748847337909998,10,-0.01574347400868737,false,-0.011046736618065829,false,-0.008542923294347823,false
339,0.0059548086639305,10,-0.01559503748388482,false,-0.010937791213675774,false,-0.008455030460121644,false
340,-0.0013354361089205746,10,-0.015492658498725073,false,-0.010861376698221637,false,-0.008392457507391878,false
341,0.006236563473454099,10,-0.015133394000635717,false,-0.010609546835816669,false,-0.008197900651732506,false
342,0.004112071364769059,10,-0.015239170156102514,false,-0.010684878004659032,false,-0.00825700171086022,false
343,-0.00190769641457517,10,-0.014967759426195,false,-0.010490901630536719,false,-0.008104305305278548,false
344,-0.000631439294399026,10,-0.014632424742023682,false,-0.010255855375685498,false,-0.007922722441003054,false
345,-0.004782688242663052,10,-0.014303825445906165,false,-0.010024528739689032,false,-0.007743251500181476,false
346,0.005147161984244497,10,-0.014326320519423577,false,-0.010042340932548596,false,-0.007758567266690288,false
347,-0.0011428362881418155,10,-0.014394031297573958,false,-0.010090722603145455,false,-0.007796644661573392,false
348,-0.001848512078551255,10,-0.014255264018420777,false,-0.009992671933739017,false,-0.007720299866160266,false
349,-0.0032598969135590765,10,-0.01398444374436658,false,-0.009800153267223648,false,-0.007569523496886328,false
350,-0.00686596798880293,10,-0.014004213358136074,false,-0.009816561936640647,false,-0.007584140459305429,false
351,-0.007865894277465233,10,-0.014487045080527594,false,-0.010159895332760367,false,-0.007853107813871895,true
352,0.009061154077060875,10,-0.01467736633120255,false,-0.010294476392881606,false,-0.007957973984663008,false
353,0.006901508809981848,10,-0.015534657265986256,false,-0.01090669114591252,false,-0.008439539532050903,false
354,0.001822116772035263,10,-0.015395693059359504,false,-0.010804865019017507,false,-0.008357511578039753,false
355,-0.0009063252813646525,10,-0.015146865796287422,false,-0.01062602703550311,false,-0.00821598462047794,false
356,0.007261096220903222,10,-0.01476895557765185,false,-0.010354704144966176,false,-0.008001483040147911,false
357,0.004932942454042543,10,-0.014886519594205793,false,-0.010436030155780875,false,-0.008063490704193623,false
358,0.0005624884484266986,10,-0.014709935823488843,false,-0.010306272393224495,false,-0.007958695713318512,false
359,-0.004611441922055655,10,-0.014569412455594474,false,-0.010202932981640404,false,-0.007875178931252547,false
360,0.007291041699861175,10,-0.01463203385742082,false,-0.01024738700959593,false,-0.007909947999421829,false
361,-0.007955851745725127,10,-0.015014629551547323,false,-0.01052710364023908,false,-0.00813482018200288,false
362,-0.011506862002772908,10,-0.016130691452400998,false,-0.011324936859605865,true,-0.0087630068688028,true
363,0.0076109561607868295,10,-0.016595482119800158,false,-0.011657702699290172,false,-0.009025390761360559,false
364,-0.004274393381946281,10,-0.01663932363567163,false,-0.011687990679192743,false,-0.009048453401389921,false
365,-0.0010053511251400878,10,-0.01630472433624219,false,-0.011449108250592808,false,-0.008860597282450405,false
366,0.006461816545025817,10,-0.01588278606140478,false,-0.011150037951225973,false,-0.008627027446161574,false
367,0.009765151933025178,10,-0.015771739410203354,false,-0.01106984795914586,false,-0.008563287024880895,false
368,-0.0011866645741722293,10,-0.01615550337936144,false,-0.011341612486033666,false,-0.008775345063523204,false
369,0.007989886630195613,10,-0.015645143158350333,false,-0.01097752981743167,false,-0.008489242416843262,false
370,-0.0023226924081305236,10,-0.01567562420141732,false,-0.01099368145542703,false,-0.008497755102017683,false
371,0.001884475412064191,10,-0.015324220395657208,false,-0.010744763539129759,false,-0.008303472034167026,false
372,0.0020052864590555117,10,-0.015073700771366796,false,-0.010563014351035656,false,-0.008158384111139616,false
373,-0.0015595976948387387,10,-0.014662780658928554,false,-0.010267983711893344,false,-0.007925133721388384,false
374,0.001055455035702865,10,-0.014605406986701854,false,-0.010228951321590353,false,-0.007895879000611127,false
375,-0.003572604783430209,10,-0.014272896533266166,false,-0.009998327281347209,false,-0.007719570230233128,false
376,0.0032948106818210783,10,-0.014272774436480846,false,-0.009997783758297725,false,-0.007718802046401608,false
377,0.0017515480240614216,10,-0.014322708744168635,false,-0.010031302074075729,false,-0.0077435690576362,false
378,0.0011819058047377825,10,-0.014092393496658464,false,-0.009867694434409047,false,-0.007615522996874357,false
379,-0.0016056211061554475,10,-0.014032048254158352,false,-0.009822450031149212,false,-0.007578328795136246,false
380,-0.003576270316831844,10,-0.01405262837397273,false,-0.009835765762830058,false,-0.007587771908383345,false
381,-0.0008329337451730862,10,-0.013877463693505393,false,-0.009712050780209005,false,-0.007491484569306087,false
382,0.0042985470995431695,10,-0.013642380407013962,false,-0.00954801066951878,false,-0.007365317312756162,false
383,-0.0024143931697481165,10,-0.013791270792469794,false,-0.009656771576201663,false,-0.007452685342795314,false
384,-0.002909108999275542,10,-0.013622669964378418,false,-0.009538849285491867,false,-0.007361779592839087,false
385,0.0027495330197089894,10,-0.013684302293476556,false,-0.00958293795467404,false,-0.007396515801836435,false
386,0.0011209136676786197,10,-0.013622311561918132,false,-0.00953874166560506,false,-0.007361805664214241,false
387,0.0007157238126021749,10,-0.01337553258034097,false,-0.009363839209701798,false,-0.007225220318184785,false
388,-0.00045816024880507484,10,-0.013267316502622984,false,-0.009285587558959496,false,-0.007162942592586584,false
389,-0.004061980899728452,10,-0.013361980399960952,false,-0.009352577187310225,false,-0.007215179170542638,false
390,0.004758985032609502,10,-0.013427570745568626,false,-0.00939961902489225,false,-0.007252332867130777,false
391,-0.007379439817163244,10,-0.013547684233007836,false,-0.009486918882307745,false,-0.007322139899800101,true
392,-0.008870087798086967,10,-0.014117424225112514,false,-0.009892276885481895,false,-0.007639866472934034,true
393,-0.005634621203370306,10,-0.01505976518927454,false,-0.010573367639946941,false,-0.008181685707307373,false
394,-0.010401701010968715,10,-0.01507557989019516,false,-0.010584627350222172,false,-0.008190517168924268,true
395,0.0035094726872161963,10,-0.015508967732194626,false,-0.010888453029019373,false,-0.008425273737934042,false
396,-0.011808521713367033,10,-0.015203114310496818,false,-0.010668886053042378,true,-0.00825170574688719,true
397,-0.0034158960764186655,10,-0.01630758880881074,false,-0.011469620553332787,false,-0.00889051757815294,false
398,0.0038575776280023472,10,-0.01618456112731736,false,-0.011379677455467363,false,-0.008818211749397504,false
399,0.0014408576405903787,10,-0.015827407585047228,false,-0.011126823826654274,false,-0.008620960018509951,false
400,-0.0011648868631707909,10,-0.015678085500691934,false,-0.011021291267131044,false,-0.008538771492641388,false
401,0.00302010647933488,10,-0.015450602144636233,false,-0.01085900159466069,false,-0.008411236331655792,false
402,0.0023480178917078334,10,-0.01557901199756254,false,-0.010951423371327472,false,-0.008484472998034419,false
403,-0.0008862276702129607,10,-0.015404401648541509,false,-0.010827816824190307,false,-0.008388056388953421,false
404,-0.005790616763472325,10,-0.015156023586498129,false,-0.0106521729019128,false,-0.008251186767448744,false
405,0.0025064112056397453,10,-0.015339149904240443,false,-0.010785187199153782,false,-0.008357486531988749,false
406,-0.0032619569845400626,10,-0.015009380210015686,false,-0.0105494111666582,false,-0.008171818172758544,false
407,-0.00933341747324793,10,-0.015345077281115898,false,-0.01078896093966996,false,-0.008360112176930846,true
408,-4.239497045663743e-5,10,-0.015707521915073148,false,-0.011045222036101776,false,-0.0085597672224162,false
409,-0.003977009297922152,10,-0.015374911677647497,false,-0.010808024553718657,false,-0.008373433926692769,false
410,0.002919844180304363,10,-0.015484070697483091,false,-0.010889343546423442,false,-0.008439911503949892,false
411,0.006472195284299805,10,-0.015566043456455117,false,-0.01094652122971601,false,-0.008483871024146352,false
412,0.00809816042734028,10,-0.015878551684893886,false,-0.011171016096108844,false,-0.008661446292906185,false
413,0.000944203099739102,10,-0.016083741307229494,false,-0.01131280746596612,false,-0.008769440288958262,false
414,0.007780576141941546,10,-0.015651401484154035,false,-0.01100305742023606,false,-0.008525042399915084,false
415,0.004799843547689727,10,-0.01573247882093383,false,-0.01105700521698071,false,-0.008564527539253772,false
416,0.007014587957168512,10,-0.01554922900767057,false,-0.010919880728260533,false,-0.008451992290371106,false
417,-0.002303414575951635,10,-0.015380069686478237,false,-0.010795270616877285,false,-0.00835113119789273,false
418,-0.0012442143508988816,10,-0.015027655039340197,false,-0.01054829263531511,false,-0.008160361112604339,false
419,-0.0030028600402960412,10,-0.014789207125744584,false,-0.010377142433674373,false,-0.008025087072186667,false
420,-0.0025609757781173354,10,-0.014595536499238781,false,-0.01024332303564319,false,-0.007923174142589272,false
421,0.008015497599519016,10,-0.014324288759863649,false,-0.010051332114732338,false,-0.007773434738329662,false
422,0.011664299761277214,10,-0.014780703319281559,false,-0.010378488782687748,false,-0.008031684502636223,false
423,0.010745530089201557,10,-0.015233879561285005,false,-0.010691473896773546,false,-0.008269934245174918,false
424,-0.0016055572856439806,10,-0.015773649730845794,false,-0.011074919282862562,false,-0.008570043467639902,false
425,0.001173984959161967,10,-0.015404741626764454,false,-0.010814592432377082,false,-0.008367600881665821,false
426,-0.004247841652224215,10,-0.015057451455014009,false,-0.010566485316778361,false,-0.00817236788629695,false
427,-0.004370008198659212,10,-0.015014181266557113,false,-0.01054182330426441,false,-0.008157625823522804,false
428,0.006542480698084792,10,-0.015019716915402432,false,-0.010542021560425338,false,-0.00815497873539351,false
429,0.0034975837471114555,10,-0.014939022769530045,false,-0.01048099947649214,false,-0.008104443754888046,false
430,0.00514358846655174,10,-0.014911867443073974,false,-0.010460673745915815,false,-0.008087758856603825,false
431,0.0016468646639771858,10,-0.014855890120556714,false,-0.01042095369180608,false,-0.00805670549212577,false
432,0.0042608990188638465,10,-0.01446987979939378,false,-0.010145518693082271,false,-0.0078402177886351,false
433,-0.0014790584640056131,10,-0.014601385067342668,false,-0.010238501542216737,false,-0.007912664478843161,false
434,-0.00927877748707342,10,-0.014410005393147218,false,-0.01010498801082865,false,-0.007809999174065005,true
435,-0.002694712027875993,10,-0.014786491546282534,false,-0.010371058446485852,false,-0.008017207399303204,false
436,0.0036300584088579993,10,-0.014499009970021782,false,-0.010168348244644618,false,-0.007859688503487571,false
437,0.0030549227982564074,10,-0.014244628218113195,false,-0.009989519819355966,false,-0.007721137277051883,false
438,0.0006885897856675495,10,-0.013974268520096995,false,-0.009797926457931913,false,-0.0075715339582079575,false
439,0.0012235493017272565,10,-0.01404011788329313,false,-0.009843717814145551,false,-0.007606632465119379,false
440,-0.0022602421792118407,10,-0.013756280557537815,false,-0.009642820716433359,false,-0.007449950496075279,false
441,-0.0025524449229897732,10,-0.013655956608944649,false,-0.009574823735860416,false,-0.007399186902535231,false
442,-0.0014343572377451888,10,-0.013670432128298883,false,-0.009587707745462639,false,-0.007411222484177681,false
443,0.002829101049842799,10,-0.013670304072976347,false,-0.009583707853555138,false,-0.007405158530513599,false
444,-0.0009163019650607989,10,-0.013683496348254814,false,-0.009590486077193296,false,-0.007408517446956064,false
445,0.00339347348524603,10,-0.013611179972619944,false,-0.009543310087802013,false,-0.007374743704444884,false
446,0.0036643317532859747,10,-0.013510165751630766,false,-0.009471773633615878,false,-0.0073189217386655896,false
447,-0.0028413453249071146,10,-0.013460086896825051,false,-0.009438096082271717,false,-0.007293987661507444,false
448,-0.0013233033931461002,10,-0.013438260810028264,false,-0.009427555732290059,false,-0.007289463696061593,false
449,-0.001199111768642039,10,-0.013305359174002865,false,-0.009333065703597723,false,-0.007215450753104986,false
450,-0.003147479985512171,10,-0.013096547365306447,false,-0.00918573350147839,false,-0.007100893101760414,false
451,-0.006367617749663323,10,-0.013266344725930886,false,-0.009304146228965618,false,-0.007191912871459495,false
452,-0.004499162222972868,10,-0.013665526132805826,false,-0.009590460433495368,false,-0.007418057988058768,false
453,-0.011829152238957943,10,-0.01393135775743018,false,-0.009779851433393494,true,-0.007566698773766714,true
454,-0.02251686825732782,10,-0.014927416667034227,true,-0.0104866729414336,true,-0.008119328893291157,true
455,-0.006505082208657643,10,-0.018236904998492995,false,-0.012851034310949288,false,-0.009979846576625137,false
456,0.002163174827027225,10,-0.018421984812252684,false,-0.012980756364338155,false,-0.010080057612799283,false
457,0.009193471825205954,10,-0.017940711110652843,false,-0.01263429084983784,false,-0.009805457844014294,false
458,0.0014000993965618928,10,-0.018540907372755905,false,-0.013063212410756395,false,-0.010143073495494972,false
459,-0.0039707772009750075,10,-0.018212647028601446,false,-0.012828221867491732,false,-0.009957804737960698,false
460,-0.00438397328789608,10,-0.017956303067419827,false,-0.01264878317971751,false,-0.00981936396686926,false
461,-0.00754675654155436,10,-0.01812087545026363,false,-0.012766186850744763,false,-0.00991162217216434,false
462,-0.00705972804202849,10,-0.01944003447083534,false,-0.013711560450495198,false,-0.010657732147183989,false
463,0.006082656179949426,10,-0.01926386688946993,false,-0.01358775387238831,false,-0.010561839026164085,false
464,0.009038513421447993,10,-0.01904595577481389,false,-0.013431895816980965,false,-0.0104390612270288,false
465,0.0018802429551455675,10,-0.018866836855720662,false,-0.013299587595409126,false,-0.010331707615093137,false
466,0.0026515711920612915,10,-0.018431393959022175,false,-0.012987191559962913,false,-0.010084907406073226,false
467,-0.0028936635887383422,10,-0.018040781773060642,false,-0.012708490584147775,false,-0.009865865882284821,false
468,-0.005954201050379557,10,-0.01746305616389006,false,-0.012296423476219294,false,-0.009542110708386408,false
469,-0.008155033711290418,10,-0.01797154119202887,false,-0.012671508913368778,false,-0.009846081317194723,false
470,0.0021044271528947588,10,-0.018112130662936682,false,-0.012767980625174489,false,-0.009919034014870964,false
471,0.0014027544313569172,10,-0.017560677539377016,false,-0.012372261060356802,false,-0.009606335433961555,false
472,0.003519713692531996,10,-0.01698252841854377,false,-0.011958741763241175,false,-0.009280579686694086,false
473,0.00987549307951707,10,-0.016772271228932944,false,-0.011809453157464482,false,-0.00916379320735881,false
474,-0.0032236379924554994,10,-0.016832911610650005,false,-0.011843514185662183,false,-0.009183684880546272,false
475,0.00822727369626281,10,-0.016486467024235247,false,-0.011600712722944174,false,-0.008996135183562891,false
476,0.010349859560446832,10,-0.016767384950698093,false,-0.011794128130706676,false,-0.009142903322389663,false
477,0.0049371668431606895,10,-0.0169807386917746,false,-0.011945743448700873,false,-0.009261606115487854,false
478,0.0017097861143181349,10,-0.01652404332139632,false,-0.011617259812282099,false,-0.009001471680024154,false
479,0.0016517900680584317,10,-0.016366055627499456,false,-0.011502304224057434,false,-0.008909456348102694,false
480,0.008713109374972817,10,-0.016048402789717676,false,-0.011279058162161055,false,-0.008736538189099741,false
481,0.003743182338749563,10,-0.01620453915825128,false,-0.011387847789528073,false,-0.008820087443946838,false
482,0.003855230391965641,10,-0.015773344869922053,false,-0.0110778289514776,false,-0.008574666790057413,false
483,-0.0034683174204731835,10,-0.015388474897845738,false,-0.01079982984555972,false,-0.00835364014743695,false
484,0.00010072515313381864,10,-0.015209408988497711,false,-0.010670382490263693,false,-0.008250644259703725,false
485,-0.0007913984894233432,10,-0.01477550289960942,false,-0.010360690642447878,false,-0.008007170564176734,false
486,0.0014095315658267727,10,-0.01434728978088471,false,-0.010058856821616292,false,-0.007772709079413748,false
487,9.500593749558377e-5,10,-0.014120330506135828,false,-0.009896677531248106,false,-0.007645063759015123,false
488,-0.0011601729750460956,10,-0.01403656465809185,false,-0.009843752867787839,false,-0.007608580416935554,false
489,-0.002000613246884465,10,-0.013869481752995495,false,-0.009723985346205324,false,-0.007514036551224311,false
490,-0.003155644446239064,10,-0.013808895739232718,false,-0.009683394035045069,false,-0.00748410434203555,false
491,0.00043190536098296553,10,-0.013931111377030483,false,-0.009768944774806363,false,-0.007550109160323828,false
492,-0.0026438806238042968,10,-0.013599903001444718,false,-0.009531816431933713,false,-0.0073631345347685,false
493,-8.771477414439325e-5,10,-0.013610896733527096,false,-0.009537190901131651,false,-0.0073655133957155625,false
494,-0.004791827607421532,10,-0.013495951412097524,false,-0.00945672660929698,false,-0.007303430813168623,false
495,-0.013797284381764193,10,-0.01424450081440581,false,-0.009991678798067144,true,-0.007724515117770153,true
496,-0.0012761489481816965,10,-0.01629108761827426,false,-0.011454429621784635,false,-0.008876025140823144,false
497,0.00625849612495699,10,-0.01609275926683663,false,-0.011308067647408571,false,-0.008757366249768687,false
498,-0.00027453751548519434,10,-0.016183008421037006,false,-0.011372416435316161,false,-0.008807907648244087,false
499,-0.002973632518893336,10,-0.015676059730590063,false,-0.011005865862900834,false,-0.008516202793039697,false
500,-0.0008955244568895078,10,-0.015989087611528032,false,-0.011232716794958396,false,-0.008697113112527568,false
501,0.0026604541188519058,10,-0.015710060019563613,false,-0.011037774211280669,false,-0.008546995935629778,false
502,0.012523922173498108,10,-0.015359922363981676,false,-0.01078873143407971,false,-0.008351846464014817,false
503,0.0016724402029497853,10,-0.016264060377668876,false,-0.011426571349928787,false,-0.00884772384928272,false
504,0.00739574620480872,10,-0.01574875839336808,false,-0.011058368533928794,false,-0.008557939055596438,false
505,0.0033282176333974036,10,-0.015804424856925958,false,-0.0110950326579952,false,-0.00858447310279383,false
506,0.002188034840697423,10,-0.015396565736653423,false,-0.010804010163002671,false,-0.00835573578041037,false
507,-0.0017168555762112517,10,-0.014945216919427476,false,-0.010481414814099654,false,-0.008101778429047,false
508,0.004665855579382001,10,-0.014637256629971918,false,-0.01026600862754213,false,-0.007935712492268737,false
509,0.0013065147091301588,10,-0.014479655976958859,false,-0.010152400869816895,false,-0.007845557184235609,false
510,0.0010234632823426385,10,-0.014208842917631415,false,-0.009962773813931333,false,-0.007699210086374335,false
511,0.0028225211015324393,10,-0.013885599940120258,false,-0.009728706556560147,false,-0.00751268207543503,false
512,0.0019683297449772513,10,-0.013721545553679527,false,-0.009611709202214434,false,-0.007420770650775191,false
513,0.003146530055023034,10,-0.013474490257809703,false,-0.009437106163412005,false,-0.007284791642122079,false
514,0.003936828893341151,10,-0.01337006142989905,false,-0.009364559734527008,false,-0.007229241602183998,false
515,-0.0007662668833122446,10,-0.013318159587460614,false,-0.009324620406544233,false,-0.007195679446392935,false
516,-0.0003680768154198257,10,-0.01317579113915038,false,-0.009224269746029261,false,-0.0071177283130742265,false
517,0.0065121974767257266,10,-0.013189819543645393,false,-0.00923313306846356,false,-0.007123838149374186,false
518,0.005277750634164856,10,-0.013627003767000916,false,-0.009545748954512493,false,-0.007370047115742145,false
519,0.001588264667631326,10,-0.01372926988320686,false,-0.009613447731515953,false,-0.007419318172125437,false
520,-0.0005088809396133424,10,-0.01355410982880358,false,-0.009484596250798664,false,-0.007315153620685672,false
521,0.0031639123418802507,10,-0.013265689898926191,false,-0.009279504180512538,false,-0.007154483324011608,false
522,0.00021209432729358212,10,-0.013064280603332463,false,-0.009137873755108326,false,-0.007044720793107137,false
523,-0.003307637918965537,10,-0.01293245661002155,false,-0.00904141638636197,false,-0.006967117241049893,false
524,0.0022558620845361996,10,-0.012979960148155306,false,-0.009072010683322834,false,-0.006988697284110338,false
525,-0.0038909857786978957,10,-0.012765845957087749,false,-0.008920115750394262,false,-0.00686997120746726,false
526,-0.0027357667790580634,10,-0.012785943369841003,false,-0.008933431503952708,false,-0.006879671683602962,false
527,0.009441711789253043,10,-0.012679941538748862,false,-0.00885905952971597,false,-0.006822161469016658,false
528,0.00177779743377704,10,-0.013516360408147765,false,-0.009445649195875469,false,-0.00727556811136611,false
529,-0.000173944345729877,10,-0.013222318349414687,false,-0.009234771919261793,false,-0.007109025672367682,false
530,-0.005524146067269091,10,-0.013260960069120552,false,-0.009258896432447745,false,-0.007125411116475532,false
531,-0.0030623752219283867,10,-0.013386723055410917,false,-0.00934549005316368,false,-0.007191123693341182,false
532,0.0024407755568945826,10,-0.013215975055331444,false,-0.009216083082406477,false,-0.0070837554723424834,false
533,0.006257392994605255,10,-0.013018024224682775,false,-0.009073738196852126,false,-0.006971053910360597,false
534,0.00010112765338557615,10,-0.013288424457228167,false,-0.009271015331344501,false,-0.007129349391856517,false
535,0.003331204217083747,10,-0.013115391526237153,false,-0.009153626164074544,false,-0.007041623709128999,false
536,-0.006429677746233502,10,-0.013005451331795818,false,-0.009077076630065996,false,-0.006982874612642528,false
537,-0.0008676217312422527,10,-0.013224786893707263,false,-0.009229672442240076,false,-0.0070998917111870785,false
538,-0.004376092965475365,10,-0.013617000247336423,false,-0.009502040333603363,false,-0.00730837043007766,false
539,0.0012735276220592374,10,-0.013767879876532413,false,-0.009611605461286483,false,-0.007395910949879306,false
540,0.0031633917863999233,10,-0.01376356119561822,false,-0.009606710403511923,false,-0.007390708627733237,false
541,0.0061964044053818045,10,-0.01344696490395875,false,-0.009376883435101555,false,-0.0072071380644765605,false
542,5.1707285209224197e-5,10,-0.013590998174199813,false,-0.009482413090137252,false,-0.0072921415847202655,false
543,-0.000744076965267511,10,-0.013387675580353019,false,-0.009341306156883715,false,-0.007184201589913905,false
544,0.0036347951388320905,10,-0.013098116803395312,false,-0.009133757920708193,false,-0.007020372869567772,false
545,0.006115683699599077,10,-0.012982049688570776,false,-0.009050772120788558,false,-0.006955022596213964,false
546,0.008052168125315208,10,-0.013434418757374047,false,-0.009372163110874422,false,-0.007206589657190553,false
547,0.006080034166667241,10,-0.013642990550598305,false,-0.00951631751433141,false,-0.0073164033885247,false
548,0.0036920204037457494,10,-0.013984182179410925,false,-0.009758080891119878,false,-0.0075051619320710165,false
549,0.00020830383762984842,10,-0.013741963988843666,false,-0.009584651182582619,false,-0.0073684031087676155,false
550,0.0014206019241942635,10,-0.01347555288473216,false,-0.009393445919277982,false,-0.00721728980091479,false
551,0.002939851233547626,10,-0.013197442997287341,false,-0.009193822771846686,false,-0.0070595076441621425,false
552,0.0006693107985779288,10,-0.013138163158014018,false,-0.009147142690783169,false,-0.007019544447577696,false
553,-0.00046231206845404456,10,-0.012896331600912135,false,-0.008973647501483233,false,-0.0068824791230895875,false
554,0.0021522156129278763,10,-0.012654488235674863,false,-0.00880097331899811,false,-0.006746678775984603,false
555,0.0034891965121952523,10,-0.012528047607799728,false,-0.008714191428290448,false,-0.006681038811312667,false
556,-0.002603064837180853,10,-0.012439897019440654,false,-0.00864557183192892,false,-0.00662283111451498,false
557,0.0002119994617475396,10,-0.012484330719933366,false,-0.008674812295186973,false,-0.006643972119222399,false
558,0.005424791070111536,10,-0.012387742621629914,false,-0.008612035453773516,false,-0.0065992199337460335,false
559,-0.004270983762825347,10,-0.012790140896803687,false,-0.008905089528205316,false,-0.006833983019365957,false
560,-0.004873357190724434,10,-0.013048506631687273,false,-0.009093424029589705,false,-0.006984984129306782,false
561,0.0024450521109297746,10,-0.013064481239972465,false,-0.0091075319725348,false,-0.006998096959866246,false
562,-0.001382503772793108,10,-0.012888429574461307,false,-0.008981469104162998,false,-0.006898682934277114,false
563,0.007623942269585486,10,-0.012829631504792896,false,-0.008943151092838914,false,-0.006871282766274533,false
564,0.002787329283088387,10,-0.013111123530038907,false,-0.00914185594442908,false,-0.007025854081924117,false
565,0.0016873891068815766,10,-0.013013971931507114,false,-0.00907396780872465,false,-0.006973566189970079,false
566,0.002224911460355635,10,-0.013064960415863015,false,-0.009111777994682562,false,-0.007004351073815358,false
567,0.00020102227157244804,10,-0.01287607341492899,false,-0.008973679960204308,false,-0.006893328449421508,false
568,0.004073916595630205,10,-0.01280911723782368,false,-0.008924160530706141,false,-0.006853104485551937,false
569,0.004258580979185426,10,-0.012964413607251273,false,-0.009039215608748076,false,-0.0069467070800600435,false
570,-0.005285979825999841,10,-0.012858251320358612,false,-0.008964276586663182,false,-0.006888413064909488,false
571,0.0028780226589853217,10,-0.012954788809962491,false,-0.009030350063425025,false,-0.0069382462891504825,false
572,-0.0030833873199889246,10,-0.012814563938291031,false,-0.008928373547284745,false,-0.006856659829814421,false
573,-0.0037764854797901343,10,-0.01286378334012379,false,-0.008959932957764198,false,-0.006878804764250261,false
574,-0.015160149940115367,10,-0.013228078578132674,true,-0.009219968071204846,true,-0.007083259191074768,true
575,-0.003292997756950135,10,-0.015424132962142395,false,-0.010796857579875484,false,-0.008330074195782763,false
576,-0.0007137974668474616,10,-0.015387760167017607,false,-0.010772241009320645,false,-0.008311724825044898,false
577,-0.008211434436627644,10,-0.014998193751852771,false,-0.010493728461947916,false,-0.008092414683662232,true
578,-0.007648778433903711,10,-0.01508405649766233,false,-0.010551359490519245,false,-0.00813499548823899,false
579,-0.0023990857914143885,10,-0.016016210913858134,false,-0.011220937944567869,false,-0.008664595668470354,false
580,0.009500711155948242,10,-0.015774026002415665,false,-0.011050358309375001,false,-0.0085321885410869,false
581,0.00957966774763021,10,-0.01606024648237701,false,-0.01125116399540346,false,-0.00868745991652801,false
582,0.010305291535056112,10,-0.016531662508972467,false,-0.011579831232721716,false,-0.008940028302492438,false
583,-0.006565746169329148,10,-0.016494870507953945,false,-0.011546940802788274,false,-0.008909217785667563,false
584,-0.0018994705801603446,10,-0.016433284308752513,false,-0.011506897556750257,false,-0.008880659008246103,false
585,0.005932021774006507,10,-0.01595953248898328,false,-0.011168576674649933,false,-0.00861453585788529,false
586,0.003948362708988554,10,-0.01574607703509743,false,-0.011012937527003277,false,-0.008489718369158487,false
587,-0.002658940314581771,10,-0.015373134541270794,false,-0.01074746451402001,false,-0.008281536938746132,false
588,-0.0014087337482343787,10,-0.015023176607313516,false,-0.010499356131457811,false,-0.008087724175161248,false
589,-0.007564636737882607,10,-0.0145939755453259,false,-0.010192344450407764,false,-0.007845851200954648,false
590,0.0025049970304253312,10,-0.01468251187213317,false,-0.010252938530569649,false,-0.007891549372823886,false
591,-0.004971080267993625,10,-0.014429557771304764,false,-0.010074247757953998,false,-0.007752448105683681,false
592,-0.003584354286374509,10,-0.014504758922089446,false,-0.010133085122558541,false,-0.007802561996426111,false
593,-0.02101398141001236,10,-0.01463017909746488,true,-0.010231379852802423,true,-0.007886396252241981,true
594,-0.020119160264982127,10,-0.018557735438555524,true,-0.013018967954592262,true,-0.010066271503857119,true
595,-0.023174612138327933,10,-0.020563345266785642,true,-0.014440348821461963,true,-0.0111762020732337,true
596,-0.01470205126879208,10,-0.022003442835195928,false,-0.015480456161358557,false,-0.01200307610238369,true
597,-0.028496110834459243,10,-0.02256731291416421,true,-0.015890134032592124,true,-0.012330554678227527,true
598,0.018600319010196594,10,-0.024874367240277185,false,-0.01751930983130655,false,-0.013598355942323106,false
599,-0.00024720438778641843,10,-0.025391122568608152,false,-0.017884913027766736,false,-0.013883380496587504,false
600,0.007416742004341777,10,-0.024725367694088167,false,-0.01741037290598805,false,-0.013510776251947935,false
601,0.004528395679164198,10,-0.024359434799471866,false,-0.01715227958938073,false,-0.013310171815341066,false
602,-0.021787411196621722,10,-0.024421725251045488,false,-0.017197884013345786,true,-0.01334688097973089,true
603,-0.046133250861000556,10,-0.026011842080059935,true,-0.018327358983881315,true,-0.01423078948001309,true
604,0.011198226087809168,10,-0.030692515093228397,false,-0.021641001409816757,false,-0.016815672958284414,false
605,-0.020409694424780557,10,-0.030404155716964046,false,-0.021443834484379923,false,-0.016667120390946536,true
606,-0.040443150482310515,10,-0.031348451675469236,true,-0.02211730968503811,true,-0.017196222047707908,true
607,-0.034237357829393425,10,-0.034734707211397736,false,-0.024510765690184514,true,-0.019060420296626166,true
608,-0.02546473141168292,10,-0.0381136946243868,false,-0.026898474673391504,false,-0.020919682416919622,true
609,0.00013370392459489434,10,-0.037182198338965716,false,-0.026247059417238587,false,-0.020417577321092596,false
610,-0.030321055368594627,10,-0.037163372647704654,false,-0.026234697094216948,true,-0.020408660595763146,true
611,-0.017969580351007184,10,-0.03826689128619078,false,-0.027018313420244026,false,-0.021021738182745,false
612,0.01758904456044391,10,-0.03829994134938719,false,-0.027045372262251906,false,-0.021045603126906443,false
613,-0.0037954100019798806,10,-0.03925153171763516,false,-0.02771117157411043,false,-0.021559048284109403,false
614,0.03879214012826464,10,-0.037191867723954594,false,-0.02624659574136865,false,-0.020411711747973942,false
615,0.0320349931228966,10,-0.04061253928368642,false,-0.02865579622331997,false,-0.02228170074108213,false
616,0.004715108675033429,10,-0.042113765364746904,false,-0.029695633209368764,false,-0.023075572907846963,false
617,0.023831276929921184,10,-0.04245064090641845,false,-0.02994587273946816,false,-0.02327962710075435,false
618,0.003936541303491302,10,-0.04404708966920166,false,-0.031070286173279508,false,-0.024152400247351574,false
619,-0.001809102167786389,10,-0.042907304540967604,false,-0.030268647978877173,false,-0.023531026932138106,false
620,-0.03587233511418069,10,-0.041410529618909515,false,-0.029212556315053474,true,-0.022709861882629696,true
621,-0.0016425961074858202,10,-0.043108731599861894,false,-0.030422953843005095,false,-0.02366021266169749,false
622,-0.007041896357023366,10,-0.041487683126177004,false,-0.029277327243707126,false,-0.022768031704443265,false
623,0.028123024925805436,10,-0.03946297678826291,false,-0.02784174676528893,false,-0.021646512041794345,false
624,0.016112620937961966,10,-0.041186027977988204,false,-0.02905377764855324,false,-0.022586119890600217,false
625,0.011808238405965104,10,-0.040602253570198865,false,-0.028627149156205844,false,-0.02224326530429175,false
626,0.0003606934248437969,10,-0.03938970987857359,false,-0.02775988644611829,false,-0.02156007060782719,false
627,-0.0021788901559828943,10,-0.037096161700591546,false,-0.02612948914360546,false,-0.020283196583186055,false
628,0.02408575026623834,10,-0.03468683673259403,false,-0.02441991545745431,false,-0.018946657716114677,false
629,-0.011639669277978625,10,-0.035688025336665076,false,-0.025142531669897775,false,-0.019520768017376074,false
630,-0.0013749989637943105,10,-0.03510779026222724,false,-0.024721542247312194,false,-0.019184671862540144,false
631,0.01617887041123249,10,-0.03335749040245365,false,-0.02348248066502615,false,-0.01821814951426023,false
632,-0.0015706610432710158,10,-0.032979176295009176,false,-0.023191314385427493,false,-0.017973441419215207,false
633,-0.024173680996744478,10,-0.03089308226747598,false,-0.021717418161053027,true,-0.016825905578404122,true
634,0.006441012996734032,10,-0.033524480416329716,false,-0.02359926000864532,false,-0.018308161735358767,false
635,0.006818743882366673,10,-0.032412690299698864,false,-0.022820960120045173,false,-0.017707644253316068,false
636,-0.0004674511529608092,10,-0.03056076220218177,false,-0.02151947162422772,false,-0.016699593072386516,false
637,0.018203111709508033,10,-0.028753716874051583,false,-0.020245971155953623,false,-0.015710523394638718,false
638,-0.0012319236948895077,10,-0.029261778217180172,false,-0.020584148463126745,false,-0.01595813615086172,false
639,0.009022990271973593,10,-0.027841488168440374,false,-0.019582473590801286,false,-0.01517962348009126,false
640,-0.0036772075504505715,10,-0.027231359048718855,false,-0.019162158421353565,false,-0.014860497425170593,false
641,-0.02397859497226245,10,-0.026125700096045153,false,-0.018379147349549516,true,-0.014249488744772103,true
642,-0.005001789355932777,10,-0.02797819653150652,false,-0.01969213298635935,false,-0.015274863171159397,false
643,0.009217849317725083,10,-0.02713721750115196,false,-0.019091463839278986,false,-0.014802302333639734,false
644,0.001601497815089388,10,-0.026414462276416695,false,-0.018578826338421606,false,-0.01440167781388818,false
645,0.000413506993809897,10,-0.02517281501875384,false,-0.01769198179470386,false,-0.013703977284106788,false
646,0.016142443534699506,10,-0.02386669883450441,false,-0.016768231866175768,false,-0.012984065391643245,false
647,0.007498222356540386,10,-0.02452509556827261,false,-0.017213394105088587,false,-0.013315553110375036,false
648,-0.005842406523002096,10,-0.023559238313415512,false,-0.016524154603705682,false,-0.012773777509807321,false
649,-0.005971286497528672,10,-0.023034581431863946,false,-0.01616535127337447,false,-0.012503390093927855,false
650,-0.008231220014934683,10,-0.022871870869760978,false,-0.016047219085859488,false,-0.012409022472953458,false
651,0.002675626034753459,10,-0.022389272917164704,false,-0.015697127791064126,false,-0.012129569987120618,false
652,0.012452583333449185,10,-0.021252599434994895,false,-0.01490119881998882,false,-0.011515290654061225,false
653,0.007152064691073222,10,-0.021550592863291237,false,-0.015106533338363976,false,-0.011671229050420891,false
654,0.008081944121798993,10,-0.02147926370429823,false,-0.015049177522484187,false,-0.011621322372049539,false
655,-0.006836500374544958,10,-0.02133196099612696,false,-0.014953193059717757,false,-0.011552695476016785,false
656,-0.011202631514193394,10,-0.02100107800548384,false,-0.014728613832244974,false,-0.011384786391336898,false
657,0.017039003190740382,10,-0.02134744978245929,false,-0.014966856569107859,false,-0.011565385937023012,false
658,0.001633205663555639,10,-0.021327888871411363,false,-0.014930055392431706,false,-0.011519394038534185,false
659,0.011006446829397585,10,-0.020509409873114268,false,-0.01435044803901998,false,-0.011067128275119952,false
660,0.007634364775451447,10,-0.021048643882917457,false,-0.014725126699486859,false,-0.011354083087755772,false
661,0.0044829604500808504,10,-0.02056508296131534,false,-0.014385547053212235,false,-0.011091259326587846,false
662,0.004615669413479845,10,-0.020069784999744256,false,-0.01403364895303644,false,-0.010815807161902887,false
663,0.008512932167325411,10,-0.019653036555270943,false,-0.013744495457158317,false,-0.010594674060984396,false
664,-0.0038748198585819233,10,-0.019927399497076732,false,-0.013933136532241567,false,-0.010737617126112386,false
665,0.01364831818083235,10,-0.019486547365077465,false,-0.013627911268729606,false,-0.010504694044334227,false
666,0.008242787992271223,10,-0.021296554977081474,false,-0.014920682345853711,false,-0.011521728238631538,false
667,0.0008433969747800195,10,-0.020789305503097558,false,-0.01455051492541211,false,-0.011224638753691982,false
668,0.006195519576515246,10,-0.02000810886476789,false,-0.013993674306990701,false,-0.010787401499304577,false
669,-0.03156506191343876,10,-0.01961900053224696,true,-0.013724525171119937,true,-0.010582202167285941,true
670,-0.012809053872867127,10,-0.025738989655088605,false,-0.018105596128701915,false,-0.014036262285444287,false
671,-0.018407023432707947,10,-0.02539891173939534,false,-0.017865256627149943,true,-0.013849092963411427,true
672,0.02885534035966468,10,-0.026269355961747697,false,-0.018472151997907825,false,-0.014315491416587656,false
673,0.0007406085419044267,10,-0.029183115430240807,false,-0.02051831388624076,false,-0.01589914024528728,false
674,0.0013856327712739851,10,-0.027694123606540846,false,-0.01946346201063263,false,-0.015075726769569487,false
675,0.0030155147445754945,10,-0.026177819767450577,false,-0.01838929884731758,false,-0.014237267164467896,false
676,-0.0004936683975003073,10,-0.024893474891311013,false,-0.017478549102542262,false,-0.01352567960181794,false
677,0.011751432475466188,10,-0.0236108507394855,false,-0.016579284643923314,false,-0.012830782777110927,false
678,-0.019120066369864068,10,-0.02330486509967142,false,-0.016354496620764252,true,-0.012649280902937102,true
679,-0.0011667493842870296,10,-0.025206856045594413,false,-0.01769606759258952,false,-0.013692094060279176,false
680,-0.006647596786173361,10,-0.02423445438650656,false,-0.01700723728501581,false,-0.01315443459090553,false
681,-0.005685604734177537,10,-0.023780421055954723,false,-0.01669169375600545,false,-0.01291271946264651,false
682,0.007760078514415033,10,-0.023038393522924597,false,-0.01616493963095307,false,-0.012500726794816149,false
683,0.00013603402843088302,10,-0.022465181079144747,false,-0.01576748601904589,false,-0.01219696956582419,false
684,0.016642364807797825,10,-0.021394565941391448,false,-0.015004348537481725,false,-0.01159774728502241,false
685,0.022388008063046014,10,-0.022526145161914944,false,-0.01579174076023084,false,-0.012201654692844718,false
686,-0.00896528456514281,10,-0.023887633480361367,false,-0.016761033413356122,false,-0.012961869288019316,false
687,-0.0032847573131204685,10,-0.023601379119155753,false,-0.016560507231569276,false,-0.012807044481462736,false
688,-0.0053720608294516945,10,-0.02262327978806428,false,-0.015873973594278525,false,-0.01227594343666375,false
689,-0.0010971057387727822,10,-0.022168765921608095,false,-0.015536174473322745,false,-0.012000364514657524,false
690,0.007503372938332789,10,-0.021181071756326216,false,-0.014827147938124651,false,-0.01143989466191009,false
691,0.0019548496555041373,10,-0.021577455310439295,false,-0.015115789071179126,false,-0.011671098708974864,false
692,0.016447763084900098,10,-0.02091491908814168,false,-0.014650692994003848,false,-0.011311257242581372,false
693,-0.00886522634767862,10,-0.02156889598248454,false,-0.015103062588102586,false,-0.011656150730922521,false
694,0.0036729334444660644,10,-0.02162894503398753,false,-0.015159048565101673,false,-0.011709970697938072,false
695,0.005314334473506366,10,-0.020615091574901236,false,-0.014441924796514386,false,-0.0111510324293742,false
696,0.010081863961196978,10,-0.020819743191277894,false,-0.014609137632984279,false,-0.011298286790809594,false
697,-7.649942428870947e-5,10,-0.020727726834297897,false,-0.014532682203159874,false,-0.011230126833672121,false
698,-0.002995578907594435,10,-0.019697224511351443,false,-0.013803831871438863,false,-0.010662086062277917,false
699,-0.007526227951684798,10,-0.019230629170309092,false,-0.01349072565054252,false,-0.010430804323379379,false
700,0.007491926223307445,10,-0.01972299539294028,false,-0.013840105488839925,false,-0.010703958649277461,false
701,0.00037869778047013806,10,-0.019300654245099583,false,-0.01354440284542596,false,-0.01047576652397603,false
702,0.003369274980064498,10,-0.01846785192577179,false,-0.012953183173116592,false,-0.010013333666869833,false
703,-0.00845436948776479,10,-0.01831853446723898,false,-0.012841932938666685,false,-0.009922376928719305,false
704,-0.008760450158098596,10,-0.018563168144780803,false,-0.013005703752400724,false,-0.01004304004897229,false
705,0.007307377903878911,10,-0.018756022513455973,false,-0.013145843473344784,false,-0.010155077786269614,false
706,0.008473414472561927,10,-0.01842309437014016,false,-0.012915853747039106,false,-0.009979964149171534,false
707,0.007792284429366881,10,-0.01815908173870289,false,-0.012719271684149167,false,-0.009819329072862495,false
708,0.0013935025192521472,10,-0.017836023642775145,false,-0.012482661167772207,false,-0.009628803441264199,false
709,0.0009722384180093162,10,-0.017323249254242005,false,-0.012120925769122982,false,-0.009347586369236216,false
710,0.0037796278735372515,10,-0.01806757819964867,false,-0.012646584885962707,false,-0.009756673409605515,false
711,0.00524699088488713,10,-0.017788165198225743,false,-0.012445128423150967,false,-0.009596775289066726,false
712,0.009022773156326807,10,-0.0175699735132047,false,-0.012291661033207356,false,-0.009477812181331173,false
713,-0.0006216102293266838,10,-0.01766607980099424,false,-0.012366035306942448,false,-0.009540601198788278,false
714,-0.0015078823429609178,10,-0.017211767337086757,false,-0.012036871187583797,false,-0.009278153198825252,false
715,0.00048271068227475635,10,-0.016572509318247868,false,-0.011584192472831871,false,-0.008924939220687258,false
716,-0.000132477957225864,10,-0.016170254132230198,false,-0.01129763394825236,false,-0.008700058158210906,false
717,0.00032861241054149575,10,-0.01577332271735669,false,-0.011011760307237202,false,-0.00847338900549527,false
718,-0.011167996109908452,10,-0.015225617604064769,false,-0.010621150994653852,true,-0.00816652688297192,true
719,0.002055092765290264,10,-0.016427576903430715,false,-0.011462793320560025,false,-0.008816085563598763,false
720,0.010350540949389263,10,-0.016085672769080024,false,-0.011225019992096113,false,-0.00863382398244042,false
721,0.003920334047371963,10,-0.016873886956409165,false,-0.011770248970923585,false,-0.009049518445727869,false
722,0.004380738941725275,10,-0.016375059283109616,false,-0.011420561752161426,false,-0.008779337451418819,false
723,-0.00035249462174800504,10,-0.01651918686038146,false,-0.011538941346395035,false,-0.008883990891169377,false
724,0.005143506033424516,10,-0.015951877860447747,false,-0.011136633316591359,false,-0.008569644267992973,false
725,-0.0018977355425203416,10,-0.015526801859238,false,-0.010837121586703451,false,-0.008337070386524342,false
726,-0.002017218634724338,10,-0.015390070258959382,false,-0.010736583987031178,false,-0.008255827674647536,false
727,0.011174385869800064,10,-0.015773966750523574,false,-0.011017242585644953,false,-0.008481450534538092,false
728,-0.01428739627872904,10,-0.016590833587596172,false,-0.011588159496114952,true,-0.008921252449218734,true
729,-0.012768642079751032,10,-0.018131011463732062,false,-0.012717843212173952,true,-0.009832103247482233,true
730,-0.004289706512131926,10,-0.01879104440825034,false,-0.013191026338128105,false,-0.010205677426555657,false
731,0.00043149638800460454,10,-0.018726151485789714,false,-0.013149166911768378,false,-0.010176097071737038,false
732,9.547855214293724e-5,10,-0.018728825006066457,false,-0.013150325814044097,false,-0.010176448536760915,false
733,0.005041240908104555,10,-0.018502187585228307,false,-0.012984320434827216,false,-0.010042765874577074,false
734,0.011219604280614609,10,-0.01799855489909693,false,-0.012619769716464679,false,-0.009752359238590507,false
735,0.001005559452625815,10,-0.01826053987305278,false,-0.012797479357594276,false,-0.009885142011632377,false
736,0.005435786435868159,10,-0.01765167285321012,false,-0.012365976342283829,false,-0.00954819109084237,false
737,-0.0062967753847094085,10,-0.01717125773714129,false,-0.012019869616063026,false,-0.009273683670271505,false
738,0.00029039648940619634,10,-0.017023101409106785,false,-0.011918002973266794,false,-0.00919649388739121,false
739,-0.020438298019726783,10,-0.016711384789787332,true,-0.011701596940471432,true,-0.009030897575596409,true
740,-0.0052057657050913475,10,-0.01888010598286632,false,-0.013220670797503886,false,-0.010203646841656587,false
741,-0.006845773997570875,10,-0.018564560510472738,false,-0.012997594412554696,false,-0.010029865385062902,false
742,-0.013337114878263756,10,-0.018760779156121902,false,-0.013151383000714644,true,-0.010161034666578252,true
743,0.006157859535085885,10,-0.019307743025931585,false,-0.013525826054078836,false,-0.010443507511069906,false
744,0.012773703556950657,10,-0.019059501338395457,false,-0.013352543162737813,false,-0.010310184876612291,false
745,0.0001643870965434338,10,-0.019387439947357536,false,-0.013582720153943408,false,-0.010488245511136828,false
746,-0.00032087788313804166,10,-0.01871197461558998,false,-0.013107281515861737,false,-0.010119440363305225,false
747,0.0026572795840972127,10,-0.01856379967693418,false,-0.013001959892743073,false,-0.010036963684130332,false
748,-0.006388366823009419,10,-0.01798430632997793,false,-0.01259323024310065,false,-0.009719267529653184,false
749,0.016022486965908057,10,-0.018248327702368682,false,-0.012793224325875232,false,-0.009885128901252,false
750,0.002814070174116307,10,-0.01937913126068548,false,-0.013586143493741973,false,-0.010497923150835144,false
751,0.005516078275321124,10,-0.01901444101791427,false,-0.013328664316223494,false,-0.01029759779549242,false
752,0.007839444124156405,10,-0.018803829485507913,false,-0.013177725477901948,false,-0.01017847024958208,false
753,0.003757549731441019,10,-0.01855574651928362,false,-0.012998214186618675,false,-0.010035514264475773,false
754,0.009309045767415411,10,-0.01808622426634524,false,-0.012669589084540356,false,-0.009782000912162678,false
755,-0.0036954393857986287,10,-0.0181143712614181,false,-0.012699288322054799,false,-0.009812527644379001,false
756,-0.0011326784528817317,10,-0.017814657626397088,false,-0.01248507597551117,false,-0.009643895718344345,false
757,-0.00971071426712412,10,-0.017190110895845892,false,-0.01204221483974096,false,-0.00929789050086512,true
758,-0.0012115729107270024,10,-0.017533461873521575,false,-0.012285444824437875,false,-0.009487746354680315,false
759,0.0002607566064427632,10,-0.017032797116581816,false,-0.011928279456119788,false,-0.009207079979449166,false
760,0.00034237174867207757,10,-0.01703001453679119,false,-0.011929769220923219,false,-0.009210847315346837,false
761,0.004515672257037434,10,-0.016583111718283285,false,-0.011610656011116273,false,-0.008959858273081614,false
762,0.0004912958278248892,10,-0.0162336594082056,false,-0.011358228561736239,false,-0.008759154417920781,false
763,0.0015990015095650669,10,-0.016340084965206468,false,-0.011428642176521552,false,-0.008810370199565088,false
764,-0.009366382524089643,10,-0.015731888273205537,false,-0.010997195779434516,false,-0.008473148730671865,true
765,-0.005152819558055549,10,-0.016552195255597923,false,-0.011595484719490004,false,-0.008953080673885474,false
766,-0.01638764798522234,10,-0.016515438778994505,false,-0.011563998838857182,true,-0.00892440452846192,true
767,-0.006225503426932833,10,-0.018350835841689297,false,-0.012886529723504856,false,-0.009973528351338835,false
768,-0.014652374455210388,10,-0.018402593354039605,false,-0.012923372872313094,true,-0.010002420708130049,true
769,0.01648061055198914,10,-0.01939179753246297,false,-0.013631553957863732,false,-0.010560789422733106,false
770,0.019219076510258785,10,-0.020286509145731196,false,-0.014247454852201951,false,-0.01102805735448621,false
771,0.007936987893474266,10,-0.021547169038789414,false,-0.015132376441769306,false,-0.01171267424479783,false
772,0.026901197046544006,10,-0.022273844755810176,false,-0.015654562693150204,false,-0.012125847918713479,false
773,0.0034113370624573773,10,-0.025331432239869275,false,-0.017815228670625877,false,-0.01380836835988621,false
774,0.01340621625412143,10,-0.024505213402700437,false,-0.017227867695544432,false,-0.01334834162724366,false
775,-0.0004024608016661165,10,-0.02432554494537092,false,-0.017081330744994263,false,-0.013219466960361857,false
776,0.007097557144859461,10,-0.023833275870283402,false,-0.01673530856788047,false,-0.012951408463404042,false
777,0.0012109222787844588,10,-0.02342945979641561,false,-0.016453478182603724,false,-0.012734608197334523,false
778,0.0018921632997214814,10,-0.022563004790078372,false,-0.015837453393063385,false,-0.012252086829707817,false
779,0.011765791605899342,10,-0.02187064255315059,false,-0.015342360039161883,false,-0.011862156787398407,false
780,-0.0024582082999383007,10,-0.022003130401220723,false,-0.015428794901662674,false,-0.011924040973700915,false
781,-0.0023161046362413355,10,-0.02127908938103136,false,-0.014914212669053023,false,-0.011521120445694784,false
782,-0.002618811857471116,10,-0.020771628310900656,false,-0.014553654446554163,false,-0.011238875587687457,false
783,0.0017575769460003742,10,-0.020075210161311956,false,-0.014058484588635959,false,-0.01085099044938467,false
784,0.0014068495991638593,10,-0.019424310389470418,false,-0.013598231073591762,false,-0.010492369748395458,false
785,0.010550320355483207,10,-0.018877463564803472,false,-0.013205131836836536,false,-0.010181232781847536,false
786,-0.00015500068736444577,10,-0.0190247557458242,false,-0.013304416608056528,false,-0.010254924980543399,false
787,0.011640925818475286,10,-0.018416334713043256,false,-0.012871090255968515,false,-0.009914940954834226,false
788,-0.010784948882748968,10,-0.01862020337385745,false,-0.013010275004002387,false,-0.010019642948313208,true
789,0.009211413697603525,10,-0.01903032091533353,false,-0.013291422180670174,false,-0.010232036500727576,false
790,0.00282540272864754,10,-0.019017057805124214,false,-0.013285781333081781,false,-0.010230459053137924,false
791,0.0030852195211507425,10,-0.018320431981650287,false,-0.012791776406663059,false,-0.009844470577186189,false
792,0.006287083594291001,10,-0.017708923621179838,false,-0.012358104204520586,false,-0.00950560217300558,false
793,-0.002842125646960643,10,-0.017625809735973698,false,-0.012305842841002543,false,-0.009469788174636631,false
794,0.0011554159819558284,10,-0.017076144714283446,false,-0.011917331102548867,false,-0.009167186655164826,false
795,0.0004953211637380769,10,-0.01637935140317873,false,-0.011424534772474699,false,-0.008783140360833011,false
796,-0.002173503913494842,10,-0.016405188107349287,false,-0.011451383559011477,false,-0.00881052868473424,false
797,-0.0019950655921003963,10,-0.015712124117268658,false,-0.010959446364549144,false,-0.008425811440791462,false
798,-0.0017412978438495117,10,-0.015359813197820052,false,-0.010707739323976933,false,-0.00822773595578619,false
799,0.004272570258929703,10,-0.015261809846092236,false,-0.010634664884192561,false,-0.008167951026715024,false
800,0.006231460823211882,10,-0.015326313467681863,false,-0.01068540374193213,false,-0.008211351939779548,false
801,0.009044613085982598,10,-0.015235807063836784,false,-0.010620510530406945,false,-0.00816011302630423,false
802,-0.003958221679350195,10,-0.015429003956144367,false,-0.010757073365972245,false,-0.00826648445578183,false
803,-0.008286919589771754,10,-0.015129800419635877,false,-0.010546543586611347,false,-0.008103226328238981,true
804,-0.006623964400108664,10,-0.015561786318862693,false,-0.010852509513780233,false,-0.008342011474612403,false
805,0.005132047076707912,10,-0.01577024105623532,false,-0.011000592568001809,false,-0.008457910607938011,false
806,0.0024826099451017575,10,-0.015781665577458102,false,-0.011004371501158655,false,-0.00845761370638769,false
807,0.003677069080239274,10,-0.015375189311783968,false,-0.010717786319139161,false,-0.008234942017434445,false
808,0.007673192907453664,10,-0.015145645540337156,false,-0.010560967061323014,false,-0.008116891928734066,false
809,0.006058724546599178,10,-0.015481131182570785,false,-0.010791164536658874,false,-0.008290960671891954,false
810,0.0023505497049641708,10,-0.01531527225098124,false,-0.010668291176292331,false,-0.008191002760485936,false
811,-0.0032670665855493667,10,-0.015099157649343385,false,-0.010512477694512625,false,-0.008067335582571852,false
812,0.004768680000814489,10,-0.015592297864267272,false,-0.010866865694443615,false,-0.008347755290111553,false
813,0.0043635546407356385,10,-0.015353679335971907,false,-0.01069608460548169,false,-0.008213138089041068,false
814,0.009964342653703414,10,-0.016037699205677682,false,-0.011181434126166945,false,-0.008592577181798513,false
815,0.011915835399448502,10,-0.016558821125536097,false,-0.01155864852996039,false,-0.008893075021275173,false
816,-0.00530359473030661,10,-0.017013285872776885,false,-0.011876805215813448,false,-0.009138566383979817,false
817,0.000530678396074253,10,-0.016952042520772825,false,-0.011834224130805053,false,-0.009105934084451284,false
818,0.002824219907967487,10,-0.01653138586070365,false,-0.011531659099391547,false,-0.008866323263302554,false
819,0.004418813557148552,10,-0.0159595566995126,false,-0.011123982185867546,false,-0.008546155305601313,false
820,-0.004964724217038254,10,-0.015636948295469362,false,-0.010892133388424093,false,-0.008362690118600656,false
821,0.009941396267905425,10,-0.01563562796152913,false,-0.01089394030774064,false,-0.008366164165056693,false
822,0.0068689848594287485,10,-0.01578118782469778,false,-0.010996164483300748,false,-0.00844528624590667,false
823,0.0024075860384085695,10,-0.015721941588213762,false,-0.01096198077595871,false,-0.008424463280111961,false
824,-0.004157410606653076,10,-0.015486224878222586,false,-0.010796303727809223,false,-0.00829612411652423,false
825,0.003388485098943398,10,-0.015194714135170102,false,-0.010589354183172911,false,-0.008134253833863849,false
826,-0.0021802256387488863,10,-0.01502615261385773,false,-0.010466631206790481,false,-0.008035967216168326,false
827,-0.015504526189683177,10,-0.01473296981530679,true,-0.010258253166649363,true,-0.007872798278934513,true
828,-0.007263162976578786,10,-0.01765564165766579,false,-0.012334723298822509,false,-0.009498161410587045,false
829,-0.016895611258376502,10,-0.01767468385656915,false,-0.012343938652863987,true,-0.009502138109994689,true
830,0.009155817036877085,10,-0.019688600686073445,false,-0.013781158002270949,false,-0.010631922166701321,false
831,0.00821380293641205,10,-0.019441086637598373,false,-0.013609358255517038,false,-0.010500485434031185,false
832,0.005855512210977745,10,-0.01917285422646006,false,-0.013416058594898365,false,-0.010347132145442712,false
833,0.0004584979419996674,10,-0.018833072753334828,false,-0.013169028214242949,false,-0.01014954702897836,false
834,0.008145628716917618,10,-0.01834746310371927,false,-0.012821314884956539,false,-0.00987534571780504,false
835,0.01003440380195963,10,-0.018051211799840247,false,-0.01260290753733382,false,-0.009698436695218474,false
836,0.003328232708630159,10,-0.018025916348791766,false,-0.012577701965961521,false,-0.009673279038368968,false
837,0.0030366682176670304,10,-0.017304934827909124,false,-0.01206740753576754,false,-0.00927530111662083,false
838,0.0023882603165102643,10,-0.016616572750000457,false,-0.011578444462258383,false,-0.008892636914525798,false
839,0.0027523007027450102,10,-0.01621668946361162,false,-0.011296500885985477,false,-0.008673566561306273,false
840,0.00675465518376252,10,-0.01574963099736961,false,-0.010965685504661822,false,-0.008415381864415645,false
841,-0.004437368068965507,10,-0.015795571297457976,false,-0.010989739764951947,false,-0.008427768757873703,false
842,-0.006035057772161371,10,-0.015787851940545463,false,-0.010991580888000127,false,-0.008434706537412521,false
843,0.0016499753038347925,10,-0.015738684468433524,false,-0.010958864388264766,false,-0.008410759990177982,false
844,-0.003785412780344054,10,-0.015915084847202946,false,-0.01107715380863989,false,-0.008498070673659663,false
845,6.157935056861795e-5,10,-0.016315633387380034,false,-0.011374155276144837,false,-0.008739871579875788,false
846,-0.003617481343390336,10,-0.015845093243685982,false,-0.011037276414845651,false,-0.008474247053637734,false
847,-0.0012603060089297572,10,-0.016229648895383576,false,-0.011305539410312884,false,-0.008680514864383433,false
848,-0.02484928873237899,10,-0.016808209625788707,true,-0.0117245989262076,true,-0.00901454487302108,true
849,0.017544855091725986,10,-0.020398312432960638,false,-0.014251823627059589,false,-0.010975153188335734,false
850,-0.0026752264690671334,10,-0.021972807015256023,false,-0.01537746278937501,false,-0.011861509187148555,false
851,-0.003124667182064234,10,-0.021188231976987187,false,-0.01482475540331621,false,-0.011432409588508732,false
852,-0.011514460337353469,10,-0.020950456785257386,false,-0.014662990740379179,false,-0.011311165857211227,true
853,0.0006941852294624566,10,-0.02126064586692786,false,-0.014889000516985607,false,-0.011492299957774633,false
854,0.0029617020248448303,10,-0.021918427064939912,false,-0.015347866902510839,false,-0.01184512559280275,false
855,0.0061105093850349216,10,-0.02175734024309429,false,-0.015233682629238639,false,-0.011755944894622688,false
856,0.006189379775619194,10,-0.021343564885477822,false,-0.014944824869650278,false,-0.011533680244313584,false
857,0.008280887324386435,10,-0.020833504320664543,false,-0.014579845687448002,false,-0.011246043410340146,false
858,0.004486292437722818,10,-0.020392762178396206,false,-0.014269347300112329,false,-0.0110049774868213,false
859,0.0033214537792205963,10,-0.019829515435784213,false,-0.013867035499504394,false,-0.010688459508292105,false
860,0.0034983576661335126,10,-0.01911662304687599,false,-0.013361349818321157,false,-0.010293234956275155,false
861,-0.0025385716272859358,10,-0.01852286707245383,false,-0.012938778593758754,false,-0.009961921688432249,false
862,0.0030518947031145304,10,-0.01786007224490806,false,-0.012470569494094133,false,-0.009597445520280263,false
863,-0.003289449838268864,10,-0.017456432601295677,false,-0.012189503860541878,false,-0.009381723637933458,false
864,0.0008280488889218897,10,-0.016992630256915643,false,-0.01185739760231231,false,-0.009119824075918898,false
865,-0.009188085593479648,10,-0.016684893757930384,false,-0.011641072602994466,false,-0.008952230208826017,true
866,-0.00763970835553558,10,-0.01728492486102001,false,-0.012064443371399685,false,-0.00928142400650289,false
867,0.004123188245330436,10,-0.01725595238555156,false,-0.012045348536089205,false,-0.009267594904610635,false
868,0.01353733193212136,10,-0.017094281926850866,false,-0.011925289110777214,false,-0.009169718167225876,false
869,0.00010319033657730885,10,-0.018262874652438563,false,-0.012757469013187622,false,-0.009822557638420598,false
870,-0.001826573899913846,10,-0.017456175879606784,false,-0.012185066650612336,false,-0.009375057825191784,false
871,0.0002382605167326087,10,-0.017065114054314084,false,-0.011907848141024448,false,-0.009158528765954497,false
872,0.0047079105913604554,10,-0.016522667213682507,false,-0.01152217387531051,false,-0.008856429379827432,false
873,0.01019979302231246,10,-0.016309180591752796,false,-0.011377717367565373,false,-0.008748772570523651,false
874,0.0010860517665352639,10,-0.01642484681759973,false,-0.011459926220920845,false,-0.008813145422405418,false
875,0.001818382271543217,10,-0.01590379368276114,false,-0.011088953234299953,false,-0.008522179607461485,false
876,0.002078605622128567,10,-0.015342674760418893,false,-0.010691357676153633,false,-0.008211757749686516,false
877,0.0012118124358914924,10,-0.01505395276938421,false,-0.010489209332530428,false,-0.008055761497152022,false
878,-0.0010776478618399095,10,-0.014774010179231705,false,-0.0102884685988813,false,-0.007897242980136157,false
879,0.001996023141394222,10,-0.014386857559911183,false,-0.010013682674300682,false,-0.007682359324733651,false
880,0.006123402108656934,10,-0.014092196828345727,false,-0.009805401400168586,false,-0.007520126619731489,false
881,0.008232727549384478,10,-0.014342345024673691,false,-0.009977445110661806,false,-0.007650533117834322,false
882,0.004484262140338065,10,-0.01464047683843973,false,-0.010192458665418692,false,-0.007821236636273887,false
883,0.00011795644595002946,10,-0.014472957768334925,false,-0.010069631317891835,false,-0.007722234280681646,false
884,-0.006897629514060638,10,-0.014195108799936703,false,-0.009873556069013757,false,-0.007569752299094464,false
885,-0.001071665323080109,10,-0.014655904868721599,false,-0.010199770866486461,false,-0.007824222318818422,false
886,0.0017864304132318492,10,-0.015063040194690165,false,-0.010483225167145968,false,-0.00804174272253954,false
887,0.004584749359144877,10,-0.015179419717029557,false,-0.01056374223729131,false,-0.008103141652121188,false
888,0.004078588425574668,10,-0.015009286507650228,false,-0.010445735938159164,false,-0.008012924015957884,false
889,-0.0037220165553391205,10,-0.014675963896412923,false,-0.010209245715497327,false,-0.007828054781339112,false
890,0.0006314646191249865,10,-0.01439635478573715,false,-0.010013111475904241,false,-0.007676420686640186,false
891,0.0014668737005131642,10,-0.014100645953847513,false,-0.009805709265546119,false,-0.007516094409461686,false
892,-0.009959828996135216,10,-0.013908143064998699,false,-0.009667912695172184,true,-0.0074074615750382615,true
893,0.005940487541910256,10,-0.014920045934499238,false,-0.010389003746640773,false,-0.007973521922397862,false
894,-0.007062320311309827,10,-0.015133122877473062,false,-0.01053496140714348,false,-0.008083698541775054,false
895,0.00673906567187069,10,-0.015463386307703162,false,-0.01078058600772792,false,-0.008284202495462384,false
896,0.007978657363720632,10,-0.015263804276438756,false,-0.01063360269818363,false,-0.008165259369837323,false
897,0.006984465254732301,10,-0.01548806268693424,false,-0.010789452207601814,false,-0.00828464034722298,false
898,-0.003129893479315783,10,-0.015373888421099796,false,-0.010706437169985684,false,-0.00821823617887231,false
899,-0.011125734765109727,10,-0.015350483717817238,false,-0.010700390001281871,true,-0.008221442247624762,true
900,-0.020232343281874066,10,-0.016601587803440503,true,-0.011587155373874206,true,-0.008913980000453924,true
901,0.005351003227920918,10,-0.019674221757935064,false,-0.013776237752528644,false,-0.010632044303412249,false
902,0.01168204744306851,10,-0.019589325875084142,false,-0.013715293328451164,false,-0.010583868313379896,false
903,-0.00012398270796626907,10,-0.019922887475949575,false,-0.013950606020663593,false,-0.01076680487593744,false
904,0.0016476354310843233,10,-0.019100580260144884,false,-0.013366588814432633,false,-0.010309819192071547,false
905,-0.006697538133255361,10,-0.018617711936633478,false,-0.013023316221971466,false,-0.010040964567290601,false
906,0.012537321438656998,10,-0.018486185815203744,false,-0.012927853537133396,false,-0.009964727167054894,false
907,-0.0013723549161232139,10,-0.018941155085286217,false,-0.013250460689293664,false,-0.010216772563927137,false
908,0.003500904018596069,10,-0.01819288597037204,false,-0.0127187863595197,false,-0.00980056411265104,false
909,-0.0014583771716780028,10,-0.01749019722374774,false,-0.012223067469005644,false,-0.009415180086583869,false
910,0.00162103671097244,10,-0.017524441207749496,false,-0.01224408645918366,false,-0.009429148881490565,false
911,0.0009342381783737632,10,-0.016866530440405817,false,-0.0117739735853381,false,-0.009059150369764908,false
912,0.0023179768315264434,10,-0.01622917381453361,false,-0.01132064859340537,false,-0.008703931960917566,false
913,0.0022345951580690915,10,-0.015564441055661564,false,-0.010847415062602518,false,-0.0083327859599985,false
914,0.001587046178221664,10,-0.01568881465537575,false,-0.010932290270448447,false,-0.008396604721294394,false
915,-0.00204303437081982,10,-0.015125369919425537,false,-0.010531618158366665,false,-0.008082706092693319,false
916,0.00781826966067413,10,-0.014890572615508189,false,-0.01036792214941763,false,-0.007956913920997507,false
917,-0.0001599751784723783,10,-0.015074967991192807,false,-0.01050434226467922,false,-0.008067758602449264,false
918,-0.0015836484645154539,10,-0.014651521075710654,false,-0.010201869583771592,false,-0.00782977683835532,false
919,-0.0015186293587534767,10,-0.014221465170988143,false,-0.009895048908144556,false,-0.007588652407354777,false
920,0.005516129569211471,10,-0.01421309016979553,false,-0.009887054236469838,false,-0.007580860487938725,false
921,0.0017819641021471736,10,-0.014275960990725194,false,-0.009931989598538929,false,-0.007616234523255386,false
922,0.0002722196157388077,10,-0.013963976230493218,false,-0.009711899597184666,false,-0.007445133277822905,false
923,-0.0002892348448256608,10,-0.013976985231469662,false,-0.009722242614242135,false,-0.007454055068718046,false
924,-0.005898832191183744,10,-0.013739592682303427,false,-0.009555594030260538,false,-0.007325119830804214,false
925,-0.005189125481594278,10,-0.014172078429658782,false,-0.009864182088590972,false,-0.00756765848957105,false
926,-0.015194172973559327,10,-0.014922901664495433,true,-0.010395062708912672,true,-0.007981288515943097,true
927,0.010472290804901084,10,-0.017188278459819666,false,-0.012000795239287874,false,-0.00923536712953949,false
928,0.0005736160271410597,10,-0.017522607018115505,false,-0.012234208616314616,false,-0.00941498299684565,false
929,-0.002876952185546949,10,-0.016890192110911584,false,-0.011784152148920106,false,-0.00906214113893707,false
930,0.009029465528011676,10,-0.016528510333639248,false,-0.011526580896154106,false,-0.008860070821547775,false
931,0.005051735741643923,10,-0.01656775373721201,false,-0.011552523903123505,false,-0.008878923436303051,false
932,-1.1127986649741336e-5,10,-0.01619600179162715,false,-0.011284960818457031,false,-0.008666903047864678,false
933,-0.0009284740919169262,10,-0.015860968540193712,false,-0.011052641923737611,false,-0.008489340796638083,false
934,-0.004151148309735985,10,-0.015348690271423817,false,-0.01069066913822318,false,-0.00820749530807544,false
935,-0.0004038785780981736,10,-0.015101447611451706,false,-0.010514787069433129,false,-0.008069655306390698,false
936,0.003896171580453683,10,-0.014858349297573065,false,-0.010340817889580701,false,-0.007932538612090801,false
937,-0.008051924775790075,10,-0.014805840414879461,false,-0.010308857904686192,false,-0.007911533168576408,true
938,0.00235536490160645,10,-0.015317457740956325,false,-0.01066405090942981,false,-0.008183336946430359,false
939,-0.012964043706819368,10,-0.014910545339462036,false,-0.010375797505940285,true,-0.00795834021570619,true
940,0.013160800418276223,10,-0.016613414347655484,false,-0.011582830741512203,false,-0.008901045235622533,false
941,0.002754593850376943,10,-0.017700653796392622,false,-0.012341370630098908,false,-0.009484356604971973,false
942,-0.002442107412688438,10,-0.016931248747240873,false,-0.01179582667177378,false,-0.009058152165818806,false
943,0.002234590805025659,10,-0.016564471733064988,false,-0.011535551948009279,false,-0.008854653418984797,false
944,-0.003891256324144413,10,-0.0159715385664356,false,-0.011118120056841244,false,-0.00853078060836214,false
945,-0.006516394313304923,10,-0.015927953984370163,false,-0.011094401232342545,false,-0.008517652145713494,false
946,-0.015423814314060251,10,-0.016242499404454682,false,-0.011323797151081161,true,-0.008701655180361222,true
947,0.010148767358256443,10,-0.018664307894873108,false,-0.013039553784662466,false,-0.010041018181649054,false
948,0.004381829603561508,10,-0.018930456979707126,false,-0.013228993499343148,false,-0.010189564414946796,false
949,0.0030850277940003253,10,-0.01842490564271359,false,-0.012870702694653987,false,-0.009909777655124553,false
950,0.0033711475038873035,10,-0.017760225865565336,false,-0.012399582714416279,false,-0.00954184368639528,false
951,-0.008994018980163977,10,-0.017694674212106607,false,-0.012354736335031728,false,-0.009508035212004457,false
952,-0.0025212235377056807,10,-0.017692633241733285,false,-0.012347516506635564,false,-0.009498054553559518,false
953,0.0035815814175415035,10,-0.017192050573188972,false,-0.011998378248265914,false,-0.009229650749867936,false
954,0.004974654000792165,10,-0.016482910785847623,false,-0.0114921522312834,false,-0.008831597313026865,false
955,-0.007947179948295231,10,-0.016087921940020945,false,-0.011210170005073352,false,-0.008609858497578815,false
956,0.0026957658047628698,10,-0.016314440103573916,false,-0.011368945185589098,false,-0.00873252014450512,false
957,0.011126046583060895,10,-0.01578225587260287,false,-0.010991904477384119,false,-0.00843818587421295,false
958,-0.003631944827297212,10,-0.016649298258580535,false,-0.011602345719629092,false,-0.008911833996228954,false
959,0.00522321341586451,10,-0.016668403156774994,false,-0.011614249594282498,false,-0.008919899031878396,false
960,-0.003010895597668967,10,-0.016316951488106864,false,-0.01136592002345494,false,-0.008726543469829472,false
961,-6.920114417530415e-5,10,-0.01599900601378347,false,-0.011144665066884354,false,-0.008556833870491354,false
962,5.946588761027616e-6,10,-0.015422126339798614,false,-0.01073756610451936,false,-0.0082402443772555,false
963,0.0027658657678719853,10,-0.015234576723054201,false,-0.01060999583091736,false,-0.008144648869542625,false
964,-0.00020506715478901642,10,-0.015091540956276649,false,-0.010506936959007639,false,-0.008062901532361423,false
965,0.0024794054800056434,10,-0.014677127936623959,false,-0.010213968793517141,false,-0.007834675169245367,false
966,-0.0012376959112663207,10,-0.014373922128842549,false,-0.010000125642344822,false,-0.007668470919644905,false
967,-0.009207436059257812,10,-0.014194453822690935,false,-0.00987352904149683,false,-0.007570060029254393,true
968,-0.006766674136230062,10,-0.015292913269274094,false,-0.010652857084203141,false,-0.00817926030142808,false
969,-0.0066353073338600195,10,-0.016065640551628565,false,-0.011208811549651226,false,-0.008619653980302512,false
970,0.004249391744264663,10,-0.016351904303315543,false,-0.011405069086596279,false,-0.008767929537216439,false
971,0.009088138780702698,10,-0.0161947306831494,false,-0.011299151545612092,false,-0.00868933642238254,false
972,0.004499421411362887,10,-0.01633250970882552,false,-0.011397425925607496,false,-0.008766551021943625,false
973,0.0007104207079790119,10,-0.01586596561194188,false,-0.011060199356789417,false,-0.008498263148826816,false
974,-0.007052538466881648,10,-0.015375058451975487,false,-0.010713167313540854,false,-0.008227930397922955,false
975,0.007513429501369388,10,-0.015812469956729573,false,-0.011023828187667863,false,-0.008471020979874927,false
976,0.0018467283264990567,10,-0.016100410791730833,false,-0.011227178905218075,false,-0.008629277018818724,false
977,0.00344684627923231,10,-0.015702635378418588,false,-0.010948022042760675,false,-0.008413355266900725,false
978,0.005891011430888014,10,-0.015303554946999805,false,-0.01066388502231986,false,-0.00819049415352997,false
979,0.005173814804934804,10,-0.01510088816167561,false,-0.010517574166036714,false,-0.008074226434486149,false
980,0.005388208445953342,10,-0.015116652812401474,false,-0.010526106127810074,false,-0.00807890267654187,false
981,-0.002922610481054082,10,-0.01511759601490204,false,-0.010521168293168804,false,-0.008070829682761745,false
982,-0.0066758866125012405,10,-0.015046389739494112,false,-0.010473607370657934,false,-0.008035874010385975,false
983,-0.005482767505832839,10,-0.015133898730561339,false,-0.01053762739089053,false,-0.008087372147182295,false
984,-0.0004904556467167612,10,-0.015818750867835882,false,-0.011037167514645575,false,-0.008488123122235599,false
985,-0.008538290578005776,10,-0.015285059560236288,false,-0.010658086156470663,false,-0.008191463755999577,true
986,0.0008276995001675633,10,-0.016191498418464623,false,-0.011289773260289654,false,-0.008676681716200133,false
987,0.0003586143921474041,10,-0.016099829984842273,false,-0.011235611908408558,false,-0.008642515250808764,false
988,-0.003954756284143511,10,-0.015393805622518743,false,-0.010732228780578449,false,-0.008247159415258701,false
989,-0.007523494429566026,10,-0.015097383851222623,false,-0.010522702302476594,false,-0.008083956496422183,false
990,0.004455570189933349,10,-0.015576273830745606,false,-0.010877735531845461,false,-0.00837296215058799,false
991,0.005220581276683615,10,-0.015281833993360742,false,-0.010663901006595356,false,-0.00820209801897506,false
992,-0.00032533306743474466,10,-0.015043906653222656,false,-0.010495504837045715,false,-0.008070768659181634,false
993,-0.00047222109503719447,10,-0.01475597483143575,false,-0.010291264541233504,false,-0.00791114400618483,false
994,0.004076603971875746,10,-0.019925934469637807,false,-0.013986631584917253,false,-0.010820411194129732,false
995,0.00550166765720186,10,-0.019020567453686434,false,-0.013338886368548058,false,-0.010310003205846161,false
996,0.00022256908161246195,10,-0.018646593605207776,false,-0.013076679632273585,false,-0.010107379103518629,false
997,7.368491668736368e-5,10,-0.01773196452371482,false,-0.012423960152083462,false,-0.009594282662645363,false
998,0.0007897890415054052,10,-0.016988487413660644,false,-0.011891745140008878,false,-0.009174690693275733,false
999,-0.0007448773640524326,10,-0.016337137100935133,false,-0.0114259041114077,false,-0.008807743977605774,false
1,0.002599346474818119,30,-0.009238816142138385,false,-0.006433477297744076,false,-0.00493796154032409,false
2,0.0020756466857293292,30,-0.009152249449238972,false,-0.00637182484193112,false,-0.004889590772112385,false
3,-0.0005830050813855125,30,-0.009105457450686309,false,-0.006342403416567906,false,-0.004869429535040559,false
4,-0.00017894863615442982,30,-0.00908696483837773,false,-0.006328526937803439,false,-0.004858013899987493,false
5,0.004301252040132645,30,-0.008993995932320852,false,-0.00626663518274672,false,-0.004812689259134937,false
6,0.0021113642212209865,30,-0.009097350041320933,false,-0.006337987762075499,false,-0.004866981941410422,false
7,0.0009266234440050156,30,-0.009008774085105167,false,-0.006275259058267003,false,-0.004818032312218286,false
8,0.0012142462018210985,30,-0.008966846135130607,false,-0.006244948277000391,false,-0.004793914600603155,false
9,0.0013761183036484893,30,-0.008885577157459868,false,-0.006187734708187259,false,-0.004749524881240373,false
10,0.000732002761018092,30,-0.008827155130976157,false,-0.006146971126531834,false,-0.004718174951181796,false
11,-0.0007148197999833261,30,-0.008809992492664096,false,-0.006135586966708644,false,-0.004709871276859061,false
12,0.0003702160151077559,30,-0.008750011636255654,false,-0.0060926404112134165,false,-0.004676005644149063,false
13,0.0014412795769587563,30,-0.008741059485327619,false,-0.006087183176217925,false,-0.004672411535905059,false
14,-0.001957352590342207,30,-0.008775505451470055,false,-0.006112389938442208,false,-0.004692692912708173,false
15,-0.00020623202593086318,30,-0.008848115288109656,false,-0.006164761252980578,false,-0.004734275146002486,false
16,-0.003433327670970111,30,-0.008801759189931016,false,-0.006131600168603402,false,-0.004708148274657683,false
17,-0.0002633573630235926,30,-0.008960096004911006,false,-0.006243286827214299,false,-0.004794965907526647,false
18,0.003785872963760416,30,-0.008915364662504368,false,-0.006212408933907295,false,-0.0047714732366730805,false
19,-0.00014733893979141047,30,-0.009021103892856215,false,-0.006295976334105484,false,-0.004843220916258234,false
20,0.001097825005556858,30,-0.00907327731354031,false,-0.0063348261759838,false,-0.0048749680075761016,false
21,0.0033510768377507747,30,-0.008938279994288223,false,-0.006225063005445328,false,-0.004778657068343553,false
22,-0.0015407447640307336,30,-0.008880701121371782,false,-0.006185060595753899,false,-0.004748024606159625,false
23,-0.0007259938865507496,30,-0.008832874815860217,false,-0.006150167112866199,false,-0.004720025563157699,false
24,-0.005579649895626179,30,-0.008736707274201241,false,-0.00607414861532836,false,-0.004654748446483824,true
25,0.0055508245763415025,30,-0.009201217987248007,false,-0.006406184403572815,false,-0.004916162342509887,false
26,-0.0005264946453280817,30,-0.009537769211389508,false,-0.006649469451479785,false,-0.005109727536976777,false
27,0.004184454510357584,30,-0.009283683800744914,false,-0.006467397270647837,false,-0.004966045342489161,false
28,0.002197038537804334,30,-0.00938975184619079,false,-0.006546801377536057,false,-0.005031235002396211,false
29,0.005262185644485115,30,-0.009163357585900476,false,-0.006374577119762501,false,-0.004887888572520406,false
30,0.0013761646595297373,30,-0.00954162520201041,false,-0.0066445368244968505,false,-0.005100109730469542,false
31,-0.0015586554811171309,30,-0.009542981357578943,false,-0.006649286737457647,false,-0.005106668842938318,false
32,-0.0003763667350723694,30,-0.009474778676172522,false,-0.006601869043423965,false,-0.005070331548762862,false
33,-0.0036963584855638208,30,-0.009556167589603043,false,-0.006662412062274745,false,-0.005119761698348737,false
34,-0.005019098627425826,30,-0.009614210346781473,false,-0.006704953918977893,false,-0.005154040082366113,false
35,0.0011500581348592215,30,-0.00971308569831624,false,-0.00677136924486401,false,-0.005203151088689974,false
36,0.003976994859797891,30,-0.009574185907636026,false,-0.006673620741516938,false,-0.0051273401843490995,false
37,0.003060115241754023,30,-0.009596050296896617,false,-0.006688069884030367,false,-0.005137836286260072,false
38,-0.0007497530049014545,30,-0.0094646744081983,false,-0.006592313350422646,false,-0.005061068299049718,false
39,0.001964755513880577,30,-0.009337734361648906,false,-0.006502198798205954,false,-0.004990585281597317,false
40,-0.0018188289491207477,30,-0.009240898195878392,false,-0.006434351314769012,false,-0.004938191557446291,false
41,0.002609963204284856,30,-0.00927206773438951,false,-0.006457591630250836,false,-0.004957204833471509,false
42,0.005344596250900479,30,-0.009464361841775877,false,-0.00660146229769271,false,-0.005075261144259041,false
43,-0.0033703246126790634,30,-0.009729436461833088,false,-0.006786232925351759,false,-0.005217222010717527,false
44,-0.0007099006864686545,30,-0.009779951479536638,false,-0.006821404732468358,false,-0.005244214409044329,false
45,-0.00038236442121538825,30,-0.009614272835542097,false,-0.006702247884291817,false,-0.005149858158074901,false
46,0.0014124930927462884,30,-0.009496170707728905,false,-0.006617089265380055,false,-0.005082261601858432,false
47,-0.00029552588346215975,30,-0.009326458706586506,false,-0.00649459532174928,false,-0.004984939429967284,false
48,0.0026459924506683544,30,-0.009052345140823996,false,-0.006299502563402388,false,-0.004831972371654898,false
49,0.004064448701957931,30,-0.009025140180455747,false,-0.006281408049178635,false,-0.004818734602559615,false
50,0.00417201831125102,30,-0.009175872550317599,false,-0.006389962780944295,false,-0.004904804591525078,false
51,0.004498879859724598,30,-0.009503929520403773,false,-0.0066199554391516416,false,-0.005082519527934792,false
52,0.002267526149165807,30,-0.009576985850291084,false,-0.006672525187318262,false,-0.005124167955192108,false
53,6.42764659297375e-5,30,-0.009445593560008776,false,-0.006576157346621062,false,-0.0050464715189686175,false
54,-0.0015307163943300787,30,-0.009380251494750382,false,-0.006528636705915506,false,-0.005008451413747997,false
55,0.0028546798670477836,30,-0.009471573881758857,false,-0.006600149066549664,false,-0.005069403122624563,false
56,0.004454796079840554,30,-0.00933783898645827,false,-0.006503431347266519,false,-0.004992419122902567,false
57,-0.0041541855087676265,30,-0.009584606548515116,false,-0.006687615849610207,false,-0.005143240827687734,false
58,-0.007618137672554351,30,-0.009817006865970557,false,-0.006852654408558996,true,-0.005272369082433692,true
59,-0.0020635390507009643,30,-0.010283711955989146,false,-0.0071830226457636525,false,-0.005530056647887157,false
60,-0.011534611492494363,30,-0.01023283566916602,true,-0.00714583047722584,true,-0.00550015943217224,true
61,-0.016076425916105707,30,-0.011507957218172072,true,-0.008062811141226704,true,-0.006226216515596782,true
62,-0.021664227451050642,30,-0.012834497655841525,true,-0.009023090563134993,true,-0.00699124354526946,true
63,-0.0025660726190192646,30,-0.014766216651368852,false,-0.010392843928631412,false,-0.008061415112824061,false
64,-0.008216334128240603,30,-0.01466365561626584,false,-0.010319190480647097,false,-0.008003172192566686,true
65,-0.0018213148352632278,30,-0.014804047000374966,false,-0.010424226106759287,false,-0.008089359794916757,false
66,0.004305423799556903,30,-0.014657648217428845,false,-0.010318910887113565,false,-0.008005946070845975,false
67,0.002965831756088039,30,-0.014567065220813849,false,-0.010251756070435984,false,-0.007951280730202308,false
68,0.00226981294732827,30,-0.014320161312400348,false,-0.010072822582373537,false,-0.007808582021719725,false
69,0.009706065295937318,30,-0.013981070522074986,false,-0.009830798789005895,false,-0.007618304285255612,false
70,0.003298881538208201,30,-0.014486126596330601,false,-0.010191029189063486,false,-0.007901328654293134,false
71,-0.004589937778000434,30,-0.014054838125918482,false,-0.00987959431700524,false,-0.007653787292026002,false
72,-0.0034607996343677294,30,-0.013852922331081596,false,-0.009729308485007658,false,-0.007531025202172966,false
73,-0.0015087990016433403,30,-0.013428907441816632,false,-0.009419333029096193,false,-0.0072818437462049265,false
74,0.00930114494741227,30,-0.012956640561899066,false,-0.009078929524942705,false,-0.0070117361197404495,false
75,0.004436303829342787,30,-0.013452766281999104,false,-0.009439658066638767,false,-0.007300284926636216,false
76,-0.005321106858340086,30,-0.013233620835363967,false,-0.009286259260066793,false,-0.0071819354106012305,false
77,-0.006757712136191343,30,-0.013427735835074138,false,-0.009426824416222203,false,-0.007293953343306774,false
78,-0.0071511619989500525,30,-0.013632822759213892,false,-0.009569005975210132,false,-0.007402600284899446,false
79,-0.0006047956014581548,30,-0.013725985113039324,false,-0.009645623383883382,false,-0.007470397644532924,false
80,0.002580065772536637,30,-0.013463799835560793,false,-0.009456216715235798,false,-0.007319788982952214,false
81,0.00585090717159298,30,-0.013266760306843787,false,-0.00931337554018833,false,-0.007205840749697135,false
82,-0.0021717945161138143,30,-0.013042365544117224,false,-0.009147148655997429,false,-0.00707062294631642,false
83,0.003818079771179945,30,-0.012659309929306086,false,-0.00886939651632136,false,-0.006849007699582986,false
84,0.006411155244953296,30,-0.012260187425697188,false,-0.008581363174443935,false,-0.006620195578764106,false
85,0.004210888313708879,30,-0.012487264827253253,false,-0.008758456221726161,false,-0.00677064215173883,false
86,-0.0025337457300160394,30,-0.01188969032289586,false,-0.008330305828891799,false,-0.006432811125841506,false
87,-0.0010442549443888355,30,-0.011760163203043458,false,-0.008233787120836623,false,-0.006353889079975214,false
88,0.001477450612380077,30,-0.011390613490868368,false,-0.007966116292492768,false,-0.006140529507621849,false
89,-0.007536576971184004,30,-0.011083031071855065,false,-0.007743711684867043,false,-0.005963532876065474,true
90,-0.001043189589012733,30,-0.011819789891527968,false,-0.008283336545125303,false,-0.00639806635200975,false
91,-0.00201609760476627,30,-0.011462198997849796,false,-0.008025853960727468,false,-0.006193951136860938,false
92,-0.007827534955369623,30,-0.011243976906837977,false,-0.007870825730764319,false,-0.0060726113203881365,true
93,-0.012307677406079964,30,-0.011841754714729345,true,-0.00831106149795936,true,-0.006428862008636921,true
94,0.002144294260696131,30,-0.013085758771008668,false,-0.009209859918738107,false,-0.00714363258248627,false
95,0.006235327532439916,30,-0.012731343382020182,false,-0.008961787700662801,false,-0.0069522515153257495,false
96,0.000509132551945124,30,-0.012631714900269658,false,-0.008887932993243806,false,-0.006892136711632825,false
97,0.0020904121072436517,30,-0.012787581812332655,false,-0.008997794672168272,false,-0.006977473171003177,false
98,-0.004815635183655727,30,-0.0125493898365338,false,-0.008828393256279713,false,-0.006844743748058776,false
99,0.00059742875849541,30,-0.012733250360386706,false,-0.008959755787873286,false,-0.006948119794235931,false
100,0.0004422645137838328,30,-0.012668728861498597,false,-0.00891213621375176,false,-0.006909510573665693,false
101,-0.003939949736333825,30,-0.012741009250415181,false,-0.0089520336998941,false,-0.006932144854164747,false
102,0.0018885149373067747,30,-0.012613654764906293,false,-0.008866823441029207,false,-0.0068694015265785184,false
103,0.005266099737762424,30,-0.01237951132495779,false,-0.008698366013735585,false,-0.006735961069574868,false
104,-0.0003119142548873259,30,-0.012316620944678836,false,-0.008649028539151686,false,-0.0066938485988675194,false
105,-0.003456166532583914,30,-0.012008784869214365,false,-0.008427906039905817,false,-0.006518952786239664,false
106,0.0012515255397552087,30,-0.011902048280653258,false,-0.008351884076073712,false,-0.006459304675198016,false
107,0.003448819683960848,30,-0.011594660124536867,false,-0.008126454489372811,false,-0.006277566898583223,false
108,0.0017521430834282973,30,-0.011416656669852894,false,-0.0080044745071212,false,-0.006185452822183025,false
109,-0.0019671480837139587,30,-0.011227867014650545,false,-0.007865946274775054,false,-0.006073718768380407,false
110,-0.005395026535321485,30,-0.011376284177454649,false,-0.007968400585939821,false,-0.006151670453411457,false
111,-0.0009046691555384162,30,-0.011463693636502646,false,-0.008035865296964016,false,-0.006208502693065225,false
112,0.00017422772932959896,30,-0.011160080896534297,false,-0.00781905729587798,false,-0.006037969977075899,false
113,-0.002532387524305168,30,-0.010909600992609318,false,-0.007643938121952089,false,-0.005903025329457062,false
114,0.0021421237368417835,30,-0.010822531680657489,false,-0.007576864781622394,false,-0.005846611767608523,false
115,0.00465192142182311,30,-0.01064352426390624,false,-0.0074496413216937575,false,-0.005746994143447114,false
116,-0.002884208374466847,30,-0.01060955077604476,false,-0.007423007699922801,false,-0.005724273377129488,false
117,-0.002642390230573917,30,-0.010754349774343547,false,-0.007526602710866204,false,-0.005805902694879841,false
118,-0.0029213731320857296,30,-0.01066935155308853,false,-0.007463646656008449,false,-0.005754697237366378,false
119,-0.0007811241085922978,30,-0.010719736388953774,false,-0.007498107473702174,false,-0.005780669019896122,false
120,0.004013747180402948,30,-0.010565914472560726,false,-0.007384426538661501,false,-0.005688387093481709,false
121,0.0015963677696656689,30,-0.010767389789607477,false,-0.007533262346806199,false,-0.005809160974211408,false
122,-0.00243983532214484,30,-0.010516710490498526,false,-0.007354368805924598,false,-0.005668536155413723,false
123,0.0021923847076520697,30,-0.010398928123228035,false,-0.007271142305722345,false,-0.005603731260079321,false
124,0.004621026989682442,30,-0.010477199397816508,false,-0.007330031202760355,false,-0.005652287483365316,false
125,0.0018643350767819072,30,-0.010403389282111035,false,-0.007274631031745951,false,-0.005606701585743852,false
126,-0.005586881552891191,30,-0.010140524629729798,false,-0.007085750992444084,false,-0.0054572624699111465,true
127,0.0016919288437580815,30,-0.010386601999971184,false,-0.007263452804955477,false,-0.005598513525605082,false
128,-0.0002388783917174357,30,-0.010140771933857618,false,-0.0070875789798672435,false,-0.005459933113750087,false
129,-0.00022791427535539993,30,-0.01000442834063748,false,-0.006990720209266065,false,-0.005384123555982355,false
130,-0.0007569598334206655,30,-0.010027979589748192,false,-0.007006716023384553,false,-0.005396091595663677,false
131,-0.005080974557707613,30,-0.009661276297213143,false,-0.006741426400534728,false,-0.0051848652248645275,false
132,0.002866613037411096,30,-0.009850058057535138,false,-0.006879093482496082,false,-0.005295283260930217,false
133,-2.871574313958621e-5,30,-0.01037930675319211,false,-0.007253045164662915,false,-0.0055864466798471926,false
134,0.002859642452420959,30,-0.010403373558187956,false,-0.00726687399093502,false,-0.005594817677545012,false
135,0.005951011328486812,30,-0.010485572440673115,false,-0.007335813465974653,false,-0.005656688611538897,false
136,0.0002515660857715756,30,-0.010672476846504351,false,-0.0074671732227769416,false,-0.0057584377214743585,false
137,0.0025313299771193474,30,-0.010394212837066746,false,-0.007267790600009903,false,-0.005601106474058535,false
138,0.004675109589530665,30,-0.010265940423180693,false,-0.007175705934965447,false,-0.005528313364016894,false
139,-0.000893893346197618,30,-0.010179689520677455,false,-0.007110281349865084,false,-0.005473991211660891,false
140,0.0007107989167862129,30,-0.010087974834775977,false,-0.00704284717658277,false,-0.005419500889811268,false
141,0.002327928009105627,30,-0.009855414066891973,false,-0.006875162159923848,false,-0.005286400896072283,false
142,-0.0033165777678653735,30,-0.00965934793979741,false,-0.006735016580358055,false,-0.0051760663534726435,false
143,-0.00347704822443058,30,-0.009642856554745624,false,-0.006722709311644009,false,-0.005165989621695864,false
144,-0.0048385841893087535,30,-0.009713869858741427,false,-0.006770029359828318,false,-0.00520067888287864,false
145,-0.002197219107860046,30,-0.009757073450183411,false,-0.006803336154072044,false,-0.005228709731156852,false
146,0.00263647362369641,30,-0.009874988006854678,false,-0.006890675898406773,false,-0.0052997501561702015,false
147,-0.0009477031984198147,30,-0.010505405411142667,false,-0.007348581257032893,false,-0.005665689981596077,false
148,-0.00351024779269714,30,-0.010288523195726812,false,-0.00719374544922129,false,-0.0055439308840894985,false
149,0.0001298889762887304,30,-0.010421012388514388,false,-0.007293367368457126,false,-0.00562603138141287,false
150,0.0019795492760885385,30,-0.010266241746372794,false,-0.00718433971608395,false,-0.00554138914762357,false
151,-0.0034085199287748505,30,-0.010063176122892413,false,-0.007036396276473607,false,-0.0054228311402670796,false
152,0.0007150282411454646,30,-0.010099533394882577,false,-0.007058005713416168,false,-0.0054365785609168165,false
153,0.004758632081706324,30,-0.009963039941824346,false,-0.006961970682719538,false,-0.005362111765473844,false
154,0.0065476253426570525,30,-0.010362790054235606,false,-0.007246109192313836,false,-0.005584618157401204,false
155,0.0026456437476419007,30,-0.010817098487059223,false,-0.0075668747162106085,false,-0.005834192450694631,false
156,0.002267375380297333,30,-0.010856531697667848,false,-0.007588825706354515,false,-0.005846823733797828,false
157,0.0018182759596160967,30,-0.010642622845666408,false,-0.007438894074560377,false,-0.005730998121362862,false
158,-0.0009774615243099312,30,-0.010430138973129104,false,-0.007286420005498489,false,-0.005610515056480912,false
159,0.00022825282474321916,30,-0.01038253048908379,false,-0.0072518543927280734,false,-0.005582902550124927,false
160,0.00033309899968619086,30,-0.010194149443514862,false,-0.007119555127085873,false,-0.0054805002738436285,false
161,-0.0003333026011832035,30,-0.009965869243055278,false,-0.006955731957432284,false,-0.0053510389088039425,false
162,-0.0010168860480877038,30,-0.009871854058824191,false,-0.006889395471456935,false,-0.0052994578344499185,false
163,0.002906661808433655,30,-0.00982635518663168,false,-0.006860000372995283,false,-0.005278647598175787,false
164,-0.0014239492595205208,30,-0.009768459222133865,false,-0.006824844494945738,false,-0.005255614376067231,false
165,-0.0020235147429471744,30,-0.009750474993128096,false,-0.006815480409901686,false,-0.005250845657872262,false
166,0.0032112188222755637,30,-0.009903041946498216,false,-0.006920980440049211,false,-0.005331254485410405,false
167,0.0014033095737022061,30,-0.009860202019292885,false,-0.006887506716031001,false,-0.005302773849653717,false
168,1.69047297816635e-5,30,-0.00960561249690725,false,-0.0067037291029929036,false,-0.005156745803465219,false
169,-0.006762935617997083,30,-0.009240849329460447,false,-0.006442819044165348,true,-0.004951199452557469,true
170,-0.006166384253107087,30,-0.009872288566196818,false,-0.006894216168097411,false,-0.005306616792358977,true
171,0.00445611726964904,30,-0.010171429087651902,false,-0.007103788800762091,false,-0.005468441114935357,false
172,-0.003190574828368656,30,-0.010308673196080864,false,-0.0072013775502669086,false,-0.005544889739333468,false
173,0.004682296088039212,30,-0.010807086141501223,false,-0.007551711692174156,false,-0.005816283619020243,false
174,0.0015438203913681143,30,-0.010688093293521857,false,-0.007463609241471373,false,-0.005744648724802627,false
175,0.0010156574520031672,30,-0.01039859000922144,false,-0.007256852698351916,false,-0.005582004163221,false
176,-1.0249005208698037e-5,30,-0.01019697769591484,false,-0.007113849786617639,false,-0.005470245706593995,false
177,-0.002323657100741782,30,-0.010013081085937585,false,-0.0069836028446782095,false,-0.005368599204166978,false
178,0.004229316884390099,30,-0.009915686441979557,false,-0.006914374977633371,false,-0.0053143869416697265,false
179,0.004142120893413284,30,-0.00997789178027866,false,-0.006961182849392685,false,-0.0053529864809915475,false
180,0.001892562011459444,30,-0.010074867175508566,false,-0.007032220024001293,false,-0.0054101960861655035,false
181,0.0026710012604584097,30,-0.009908755241221812,false,-0.006913012339978886,false,-0.005315992884400371,false
182,-0.0010650548552276105,30,-0.009843344091125866,false,-0.006871314709693257,false,-0.005286936843779066,false
183,-0.0020026761725352297,30,-0.00977472016741598,false,-0.0068218692428508865,false,-0.005247715341327194,false
184,-0.002699726190787869,30,-0.00963187477825475,false,-0.006717714669691859,false,-0.0051641866990122616,false
185,-0.0014719687562456077,30,-0.009696222529758854,false,-0.006761605463975906,false,-0.005197171965098673,false
186,-0.002139089729091169,30,-0.009863152105105159,false,-0.0068881348024322,false,-0.005302164086760911,false
187,-0.004268523627936442,30,-0.009793495727959366,false,-0.006838206467283579,false,-0.005262752697801792,false
188,0.0011538850906657131,30,-0.009881446091017565,false,-0.006901765690216025,false,-0.005313309094187136,false
189,0.00119672273252426,30,-0.009705400638773952,false,-0.0067751697327535386,false,-0.0052130744794157136,false
190,0.001264128600237172,30,-0.009543366517009088,false,-0.006659813758784555,false,-0.005122602453314706,false
191,0.005120570557453713,30,-0.009557369053748458,false,-0.006668363715824622,false,-0.005128245660293122,false
192,0.0016951745523010814,30,-0.009684152436695148,false,-0.0067623387045964035,false,-0.005204730615530358,false
193,0.0024699520641254602,30,-0.009612166433134063,false,-0.006720581759579094,false,-0.00517908866976689,false
194,0.005122305061748646,30,-0.009737788786382564,false,-0.006808572274940297,false,-0.005247017791598543,false
195,-0.004097986564169958,30,-0.009906712360087442,false,-0.006924444836713698,false,-0.005334609055214635,false
196,-0.0008340736791980126,30,-0.010195754818799384,false,-0.007131562447659917,false,-0.005498052832961453,false
197,-0.0024389963270853776,30,-0.010006457900149228,false,-0.006997001863909171,false,-0.005392671986806063,false
198,0.0001557150592811345,30,-0.009916774241974808,false,-0.006932861930580649,false,-0.00534214931867407,false
199,0.002244246455151827,30,-0.009742249105881517,false,-0.006808905993529071,false,-0.005245151634511661,false
200,0.0009529627178411886,30,-0.009654197132063181,false,-0.006745155177736195,false,-0.005194355676141178,false
201,-0.001867054822314599,30,-0.009523286050474335,false,-0.006651413270061749,false,-0.0051204285175443145,false
202,-0.0029946958010963007,30,-0.009478198950920258,false,-0.006621100198725474,false,-0.005097991425982975,false
203,-0.005266395342992326,30,-0.009531383755319173,false,-0.006658688064036639,false,-0.005127264620779433,true
204,-0.0007518260400023994,30,-0.009990156836218778,false,-0.006997991306014337,false,-0.00540287893369918,false
205,-1.2333466923351244e-5,30,-0.009881779080585525,false,-0.006922825243387048,false,-0.0053454179017209565,false
206,-0.012703911783602816,30,-0.009644351738959736,true,-0.006750179992054617,true,-0.005207307743012332,true
207,-0.02241860706558024,30,-0.010906847236271042,true,-0.007672665991934548,true,-0.005948535937940415,true
208,0.0019312858223287286,30,-0.014298661992161694,false,-0.010079884649809214,false,-0.007830870059239586,false
209,0.0002959029692379351,30,-0.014004948854971425,false,-0.00987226603987156,false,-0.00766914812320683,false
210,0.0009071886266675974,30,-0.013951571472759796,false,-0.00983587960972202,false,-0.007641819506730384,false
211,0.004023115915383959,30,-0.013391926851138776,false,-0.00943725036222669,false,-0.007329026959380217,false
212,-0.005706324786493767,30,-0.013342797700261788,false,-0.009399801477495195,false,-0.00729780478131068,false
213,-0.007881615847974258,30,-0.013236989134353543,false,-0.009320654260400987,false,-0.007232870630614898,true
214,-0.004549973711353757,30,-0.013385349603544804,false,-0.00941342504895823,false,-0.00729600676612328,false
215,-0.008058394334299016,30,-0.013425735305283015,false,-0.009454782933928388,false,-0.007337882918377043,true
216,0.003999001469726398,30,-0.014011362185468806,false,-0.00987489243451073,false,-0.007669755716352693,false
217,0.004337234242629228,30,-0.013789309650475609,false,-0.009703793725496679,false,-0.007525820303424931,false
218,0.0023580776606428235,30,-0.013475712072411593,false,-0.009477008257263893,false,-0.00734531404971445,false
219,0.0032609438181129043,30,-0.013050014666992503,false,-0.009169759403427437,false,-0.007101209680434422,false
220,0.004101987165882575,30,-0.01291869994543966,false,-0.009072839394077898,false,-0.007022625364890553,false
221,0.007275917255765835,30,-0.012575621132689617,false,-0.00882702237944553,false,-0.006828658254939266,false
222,0.0011220140183409186,30,-0.01291672870851882,false,-0.009080225651077951,false,-0.007035000067274528,false
223,-0.0037479532560283275,30,-0.01251238632269986,false,-0.008788768804631348,false,-0.006803722084159733,false
224,-0.003072370856029848,30,-0.012524656779257782,false,-0.008808046033782017,false,-0.006826734597852605,false
225,-0.003125605919934969,30,-0.012314119787302874,false,-0.008654611315756901,false,-0.006703740890765316,false
226,-0.0006414382133615591,30,-0.012220793308506986,false,-0.0085916945762914,false,-0.006657035470812433,false
227,-0.000404164682453021,30,-0.011816505795406688,false,-0.008300859731784186,false,-0.006426681824126057,false
228,-0.009787346080354208,30,-0.011448711410868978,false,-0.008044331769663765,true,-0.006229469580079875,true
229,-0.0024911317540483374,30,-0.012823564339934633,false,-0.009023113354116728,false,-0.006997106996292909,false
230,0.0007885252191072953,30,-0.012645091332810323,false,-0.008897173294930765,false,-0.0068991720572665,false
231,0.002959936079438527,30,-0.012294630416301949,false,-0.008645248638489,false,-0.006699776716454935,false
232,0.0029151913221223042,30,-0.012117830304950275,false,-0.008521555498384428,false,-0.006604394706211766,false
233,0.005120809003369652,30,-0.01199890153544873,false,-0.00843420858215095,false,-0.006533883959093934,false
234,0.0048028844978011955,30,-0.012063954351349417,false,-0.008488478955181147,false,-0.006582406251727885,false
235,0.0022256417066657966,30,-0.011980881400932989,false,-0.008422063781150253,false,-0.006524871276649754,false
236,0.0067857879222921,30,-0.011899234445183265,false,-0.00836576579464967,false,-0.006482086731857721,false
237,-0.011403475376186639,30,-0.011992452141620718,false,-0.008427156908667091,true,-0.006526511212554147,true
238,-0.005656369884512985,30,-0.013505219660743563,false,-0.009509440864694659,false,-0.0073793059740034075,false
239,0.0015250390711161784,30,-0.013446325527946687,false,-0.009462588099585563,false,-0.007338872417452291,false
240,0.0030106078461700518,30,-0.013276653880401256,false,-0.009340121648714077,false,-0.0072415708822554485,false
241,0.0029876182438711863,30,-0.01319410764804365,false,-0.00927679916854256,false,-0.007188496513241158,false
242,-0.007927880846395336,30,-0.012978470403412528,false,-0.009120379788092638,false,-0.007063645957063819,true
243,-0.0036247211035882513,30,-0.01444474912440519,false,-0.010179029326478616,false,-0.007904989886542455,false
244,-0.0020775093579785994,30,-0.014226590819661183,false,-0.010021152147160272,false,-0.00777924835213176,false
245,-0.006116909482407116,30,-0.014133679321694868,false,-0.009956271231694064,false,-0.007729310436475483,false
246,-0.011318170179308017,30,-0.014243379175723322,false,-0.010037376399356895,true,-0.00779517188264502,true
247,0.00040602601626232805,30,-0.014717152210469726,false,-0.010378595479068446,false,-0.008065726939413643,false
248,0.006644542203532507,30,-0.014495315728452508,false,-0.010221672779379553,false,-0.007943409536885099,false
249,0.0025806595593887128,30,-0.014725317843122736,false,-0.01038139607131811,false,-0.008065667448476409,false
250,-0.0074717127457660385,30,-0.014451582693138437,false,-0.010185501007809385,false,-0.007911268647038049,false
251,-0.000558226484387708,30,-0.014419495256163649,false,-0.010162010064717567,false,-0.007892360463025846,false
252,0.00536596467895779,30,-0.014771714634661455,false,-0.010409777142002532,false,-0.008084444405036537,false
253,0.004228960105525873,30,-0.01441993101389125,false,-0.010157700847234816,false,-0.007885521716816168,false
254,0.0025335827068629323,30,-0.014277030476793772,false,-0.010052872901836912,false,-0.007800990129174232,false
255,0.0010796959123015196,30,-0.01385348344865956,false,-0.009748890288772927,false,-0.007560746863362907,false
256,-0.0029370047941560083,30,-0.01332927468963537,false,-0.009372881928947361,false,-0.007263743587967822,false
257,0.005767501006299842,30,-0.013043063889850838,false,-0.009170167255865823,false,-0.007105540391072976,false
258,0.003282115246216877,30,-0.012968485527075094,false,-0.00911580398685494,false,-0.007061953713746725,false
259,0.0020666126099824324,30,-0.012882076184409405,false,-0.009048795499476943,false,-0.007005287750534084,false
260,0.00680261262067943,30,-0.012520020771496805,false,-0.008788590667205826,false,-0.006799379085927734,false
261,-0.00412263785771505,30,-0.013018780264913184,false,-0.009143106754611366,false,-0.00707699954732924,false
262,0.0007723361179992702,30,-0.012658205432109191,false,-0.008891702611098718,false,-0.006883793894316178,false
263,0.004962175090895012,30,-0.012274564882337287,false,-0.008618095207969032,false,-0.006668844754508503,false
264,-0.0012727514468146048,30,-0.012341132078335636,false,-0.008662926621338317,false,-0.006702088902586616,false
265,0.0010237239661549282,30,-0.012077125506742193,false,-0.008478283328845097,false,-0.006559753880515728,false
266,0.002887088278321062,30,-0.011680457940319851,false,-0.008196241147939974,false,-0.006338818068484328,false
267,0.00935211515356162,30,-0.011483125191777256,false,-0.00806374108206949,false,-0.0062408800658475564,false
268,-0.0009004455330032382,30,-0.01206782486911219,false,-0.008472578042740283,false,-0.006555965263005201,false
269,-0.0008324938091184047,30,-0.011426867380693017,false,-0.008017903213502675,false,-0.006200597030080124,false
270,-0.0030630399172642147,30,-0.011182308209488668,false,-0.007843515176447406,false,-0.0060636169649871995,false
271,-0.002914673094211131,30,-0.01140284905532899,false,-0.008000473953368802,false,-0.0061866803762390885,false
272,0.0008402342398473718,30,-0.011289526381811835,false,-0.007916749006253247,false,-0.006118733867548483,false
273,0.006937476648288036,30,-0.010988537201211747,false,-0.00770181476943768,false,-0.005949675202837443,false
274,0.002989638131459738,30,-0.011721081861984771,false,-0.008227381902876436,false,-0.006364903382328176,false
275,-0.0024424320048028157,30,-0.011437750411026633,false,-0.00802279861023048,false,-0.006202300441488565,false
276,0.0033364994757205135,30,-0.011378599178477715,false,-0.007978150353430167,false,-0.006165383667394827,false
277,0.004147728239316495,30,-0.011494859679172392,false,-0.008058572492440658,false,-0.006226700508403287,false
278,0.002734765519926765,30,-0.01134638571115213,false,-0.007948576916659511,false,-0.00613721762114416,false
279,0.0038110210370049173,30,-0.010875948268023324,false,-0.007611546159494406,false,-0.005871305474624814,false
280,-0.0012263636544934996,30,-0.010707839177845527,false,-0.0074944425329684025,false,-0.0057813926720373145,false
281,-0.0003355211343858128,30,-0.010464529138092038,false,-0.007322567660028236,false,-0.005647599622195532,false
282,-0.0006168046113684444,30,-0.010158359666999087,false,-0.007107634621353261,false,-0.0054813043880426425,false
283,-0.001140745329470665,30,-0.01007012346552807,false,-0.007046602254712345,false,-0.0054347742850879704,false
284,-0.004731731163850523,30,-0.009930205704794241,false,-0.006950060337321257,false,-0.005361355869280325,false
285,-0.004219731267748349,30,-0.010402229407437617,false,-0.007290114214300309,false,-0.005631057120522441,false
286,0.007753273257621754,30,-0.010410128982312234,false,-0.007291610361333152,false,-0.0056291396238672825,false
287,0.0021647353231605197,30,-0.01114141883204701,false,-0.007816330548255148,false,-0.006043738287908448,false
288,-0.0005540214334219698,30,-0.011004059113862694,false,-0.007715879826746966,false,-0.0059629636159548565,false
289,0.003820913817140546,30,-0.010722043381959265,false,-0.0075118911989378095,false,-0.005800570948616575,false
290,0.002231033836817599,30,-0.01066757131221948,false,-0.0074743330148294,false,-0.005772029494352216,false
291,-0.0015417737127622752,30,-0.010553618824295912,false,-0.007388893398095516,false,-0.005701789983744074,false
292,-0.005118284438430411,30,-0.010830493922695958,false,-0.007593286500157689,false,-0.005867543201761882,false
293,-0.005042559363006208,30,-0.011151209783692348,false,-0.007828681859619848,false,-0.006057454517565505,false
294,0.005382930893915561,30,-0.01131352398604068,false,-0.007945327336426979,false,-0.006149754165773486,false
295,-0.001020303599696503,30,-0.011290980394911127,false,-0.00792554130637731,false,-0.006131438181331768,false
296,0.0038849653813397217,30,-0.011147200824773511,false,-0.007822480257565576,false,-0.006050084025569115,false
297,0.005122801821006828,30,-0.011070168151308749,false,-0.007768710430389686,false,-0.006008715535670884,false
298,-0.0007770844055546859,30,-0.011223116932095661,false,-0.00787733501769121,false,-0.006093711059437075,false
299,0.00335039022216992,30,-0.011073939449705963,false,-0.007767402806748118,false,-0.00600470035748385,false
300,-0.0009378219137980533,30,-0.010956858874190015,false,-0.007680589890314973,false,-0.005934023018109071,false
301,0.002941141741607438,30,-0.01071615716037687,false,-0.007509511097259425,false,-0.005800059946485409,false
302,0.00041677166461296283,30,-0.010579603024642247,false,-0.0074074875074654776,false,-0.005716444462959902,false
303,-0.001426352146302922,30,-0.010312809990336845,false,-0.007214728491245282,false,-0.005563152707834667,false
304,0.0010691751678996255,30,-0.010309126379546864,false,-0.007215140827669714,false,-0.005565748578562969,false
305,-0.0008273768262926511,30,-0.01011882870179629,false,-0.00708240795457146,false,-0.005463703289819229,false
306,0.004901641039403186,30,-0.009986711119489795,false,-0.0069866962437482305,false,-0.005387399414371974,false
307,0.001594477371333257,30,-0.010108783716642146,false,-0.007069988344477483,false,-0.005450017775956594,false
308,-0.002509664459983965,30,-0.009989306852644077,false,-0.0069833936717082394,false,-0.00538095247765827,false
309,-0.00037202767195376984,30,-0.009983906945188954,false,-0.006975787839102355,false,-0.005372170674517046,false
310,-0.0012477938292112538,30,-0.009909089578274027,false,-0.006921956316226615,false,-0.005329526627445193,false
311,-0.00040417738178734753,30,-0.009770099869143001,false,-0.006823381459157857,false,-0.005252496778464741,false
312,0.0038713911990473186,30,-0.009623693653282696,false,-0.00671967329510172,false,-0.0051715507878308505,false
313,-0.0011761510788347459,30,-0.009878543986600168,false,-0.0069103664691291524,false,-0.0053280420176399276,false
314,-0.00229099957218274,30,-0.0097574805819278,false,-0.0068232023754698,false,-0.005258949521244824,false
315,0.002984216057998585,30,-0.009729415338881673,false,-0.0068023422698965455,false,-0.005241930447797365,false
316,-4.6608957746633844e-5,30,-0.009797777389534749,false,-0.006849651118943433,false,-0.005278015912970639,false
317,0.002599677986479996,30,-0.009648832652965048,false,-0.006742534089595999,false,-0.0051931970795693555,false
318,-0.003143849558371464,30,-0.009637120582254844,false,-0.006731035020050478,false,-0.005181811560156563,false
319,-0.002715502960335532,30,-0.009842391489805525,false,-0.006878204507332808,false,-0.0052980073952850985,false
320,0.004724973700089496,30,-0.009822960157806808,false,-0.0068628918918513795,false,-0.0052848904523386505,false
321,-0.004852291503859783,30,-0.01005323222040952,false,-0.0070334119017437515,false,-0.005423556864030197,false
322,-0.007503694177738819,30,-0.010287408798372586,false,-0.0072045547507445665,true,-0.0055610966653633995,true
323,-0.004896646880651315,30,-0.011090673560167463,false,-0.007793148564760584,false,-0.006035250191460159,false
324,-0.005322434340687618,30,-0.01113797414276568,false,-0.007826540031214312,false,-0.006061226759564822,false
325,-0.006924719354658878,30,-0.011177564527624213,false,-0.0078456809108109,false,-0.006069466083575069,true
326,-0.0019200643873872026,30,-0.011314672406704107,false,-0.007961549276485387,false,-0.006174011743245186,false
327,0.0034889207451388373,30,-0.011224032928707536,false,-0.007895255641018607,false,-0.006120696786344712,false
328,0.0027017204441539032,30,-0.011191936255642394,false,-0.00787131655534183,false,-0.0061011064803193505,false
329,-0.0007457003704454814,30,-0.011169250553813638,false,-0.007854119158166226,false,-0.006086834878046105,false
330,0.0018686750140352384,30,-0.011011121750109825,false,-0.007740259798756308,false,-0.0059965753955801195,false
331,0.0015981077122010662,30,-0.01090090544512938,false,-0.007662773407069574,false,-0.005936537199560566,false
332,0.00020606633199543375,30,-0.010794104093719715,false,-0.007584441953921748,false,-0.00587338294382966,false
333,-0.003146800446695702,30,-0.010690987102035192,false,-0.007509795570962791,false,-0.005813914137033205,false
334,0.001150933577561127,30,-0.010761349795973334,false,-0.007558591687330444,false,-0.00585121319070031,false
335,-0.005739537309038411,30,-0.010611406616673816,false,-0.00744933081304081,false,-0.005763639902675709,false
336,-0.007564184062843395,30,-0.011104968803871483,false,-0.007800304015079023,false,-0.006038599444343948,true
337,4.997745091730977e-5,30,-0.01155276366093191,false,-0.008117215792732273,false,-0.006285737936668684,false
338,-0.002473463574365482,30,-0.011289416188384567,false,-0.007928202422363641,false,-0.0061363518011148645,false
339,0.003364020091022335,30,-0.011370893655291422,false,-0.007991092080618302,false,-0.006189332367357054,false
340,0.004006827100451964,30,-0.011148430286132483,false,-0.007830607855908405,false,-0.006061888995213029,false
341,0.0016409669895373648,30,-0.011764124768741889,false,-0.008274363516877149,false,-0.006413984706586149,false
342,0.004046018541937878,30,-0.011545716047658978,false,-0.008114267503957261,false,-0.0062849749826148806,false
343,0.0019844684279500422,30,-0.011488794392994214,false,-0.008072343972821942,false,-0.006251046895635923,false
344,0.0005323218755524103,30,-0.010996765848454796,false,-0.007715200463968069,false,-0.0059658101001942195,false
345,-0.0002756637908949475,30,-0.010793033390454865,false,-0.007566976153543483,false,-0.00584717697784661,false
346,-0.0007864450142733951,30,-0.010558176762077105,false,-0.00740153147020136,false,-0.005718735545559665,false
347,0.003935799021920749,30,-0.01043878221948921,false,-0.0073150695308339675,false,-0.005649829855109417,false
348,0.006767511680302265,30,-0.010840635781551741,false,-0.007599732102166464,false,-0.005872018342922684,false
349,-0.001735783196688505,30,-0.01110847618597088,false,-0.007789713111462511,false,-0.006020492796779826,false
350,-0.00030188735974007955,30,-0.010993790196519927,false,-0.007707255955066051,false,-0.0059552167120291545,false
351,-0.004002450081632421,30,-0.010791452637048941,false,-0.007560595056884129,false,-0.005838236835961445,false
352,0.004647233196703864,30,-0.011141476031646655,false,-0.007815340774111437,false,-0.006042190375936245,false
353,0.003454272891257851,30,-0.011081299977949342,false,-0.007765906778451608,false,-0.005998482931667624,false
354,0.004640273503011562,30,-0.010810791815402903,false,-0.0075725296743347605,false,-0.005846224109393426,false
355,-0.0014792062510553706,30,-0.010987748303437713,false,-0.007698969663202325,false,-0.0059457339394798974,false
356,-0.0011651266967137616,30,-0.01094093901157461,false,-0.007666221947032688,false,-0.005920482397280743,false
357,0.002971213490114653,30,-0.010690939304005135,false,-0.007487619379653533,false,-0.005779941381147957,false
358,0.001905082030225336,30,-0.01052256238182612,false,-0.007367385984105537,false,-0.005685373121502646,false
359,0.0004588404343213977,30,-0.010308518369265078,false,-0.007216302194753353,false,-0.005567853194172931,false
360,-0.002320521473266697,30,-0.010069739649620112,false,-0.007045878827595771,false,-0.005433869812492737,false
361,0.00029178826491958125,30,-0.010062818425464932,false,-0.007047419511682402,false,-0.005439921508551687,false
362,-0.0014041562016895933,30,-0.009989810954284778,false,-0.006992462967627423,false,-0.005394587846953735,false
363,-0.0011622055132145916,30,-0.010140453578304742,false,-0.007102584355416618,false,-0.005483107513648045,false
364,0.0034153960162908916,30,-0.009981102698457863,false,-0.006991336822056952,false,-0.005397503696305077,false
365,0.0022678189685283105,30,-0.010014125259620577,false,-0.007014316364371145,false,-0.005415129342433059,false
366,-0.0028758491184186935,30,-0.009915575643397454,false,-0.006945324858184084,false,-0.005361895155333071,false
367,0.0006295846918442868,30,-0.009950595026174824,false,-0.006973081861909271,false,-0.005385780611658345,false
368,-0.0002893522389988929,30,-0.009872305272715846,false,-0.006915463959570353,false,-0.005339182796659986,false
369,-0.006801755858560744,30,-0.010338234768380613,false,-0.007253924364230176,false,-0.005609689900575829,true
370,-0.01590805326948107,30,-0.010720916705811994,true,-0.00752627690452217,true,-0.0058232262475019815,true
371,-0.0011091305257727355,30,-0.012527265506176874,false,-0.008824967816423696,false,-0.006851286617537744,false
372,0.002217726526683231,30,-0.012576672557095986,false,-0.008860411959565977,false,-0.006879287186210803,false
373,0.007178259546469197,30,-0.012570489989061202,false,-0.008854037686113916,false,-0.006872810715310155,false
374,0.0009915479486855374,30,-0.012934158103857661,false,-0.009111433420100028,false,-0.007073553036323358,false
375,-0.00211587929633246,30,-0.012719096071583566,false,-0.00895665408649069,false,-0.006950910186309608,false
376,-0.0033376252484838666,30,-0.012597936877829775,false,-0.008871708340171676,false,-0.006885269694818343,false
377,-0.006827102204962219,30,-0.012433803002580119,false,-0.008754538885399846,false,-0.0067931367988219495,true
378,5.3416512919984296e-6,30,-0.01284527413329903,false,-0.009048568651355617,false,-0.007024559007787892,false
379,0.0037747167824908915,30,-0.012889215500149492,false,-0.009080029450005966,false,-0.007049366461712303,false
380,0.006034493202791055,30,-0.012818388120901157,false,-0.009028450170440449,false,-0.007008048272864424,false
381,0.0014783532100608786,30,-0.012729633216030605,false,-0.008957121533895515,false,-0.006946009515481884,false
382,-0.0002349109682042176,30,-0.012448057227156674,false,-0.0087568743995022,false,-0.0067891184924730175,false
383,-0.004042697205959964,30,-0.012151127268470173,false,-0.008542799572245454,false,-0.006619213429194661,false
384,-0.0017185303113236537,30,-0.012163017432378615,false,-0.008562297531765049,false,-0.006642767076403621,false
385,0.002374299927236394,30,-0.011681580070025588,false,-0.008213123144636517,false,-0.006364101591957821,false
386,0.005513322418020721,30,-0.011586221415995463,false,-0.00814584924059969,false,-0.006311799564221106,false
387,-0.00048126345743894415,30,-0.011324756822279153,false,-0.007946657794277778,false,-0.006145805702347346,false
388,-1.9893666663363434e-5,30,-0.011164126624260824,false,-0.007829796037221953,false,-0.006052276739213341,false
389,0.005378984401317063,30,-0.010989985004863513,false,-0.0077066544783388905,false,-0.005956323123876152,false
390,0.0028408390827160926,30,-0.011010122557374347,false,-0.007720386339452954,false,-0.005966640134609417,false
391,0.0014066390780190056,30,-0.010806380580860123,false,-0.00757199532274235,false,-0.005847756509756324,false
392,-0.0021388739642599986,30,-0.010685885557949233,false,-0.007481959219805936,false,-0.005773957944351907,false
393,0.0020024482844807267,30,-0.010711917561446765,false,-0.00749892196659601,false,-0.005786085903949982,false
394,-0.00010037167139523755,30,-0.010489839496143422,false,-0.007339904818047167,false,-0.0056606862967801975,false
395,0.0016930250126273188,30,-0.01020178092573614,false,-0.007135258048297944,false,-0.005500506049315144,false
396,-0.0003978692051662014,30,-0.00998419423943883,false,-0.006978475048102956,false,-0.005376137269190913,false
397,-0.0003058505646708934,30,-0.00994431499325038,false,-0.006957807169232002,false,-0.005365710899149563,false
398,-0.0010983042968603376,30,-0.00976229864078205,false,-0.006826111768115172,false,-0.005260841410996835,false
399,-0.0016929703972017403,30,-0.00985002578042482,false,-0.006890587616020559,false,-0.005312922081313208,false
400,0.0008875216212243396,30,-0.009825833103473612,false,-0.006871909675701704,false,-0.0052971840266870145,false
401,-0.0019304309262279556,30,-0.009674998810338693,false,-0.0067627606506843125,false,-0.005210257263856101,false
402,0.0004985825809137511,30,-0.009609235478124119,false,-0.006716258790847816,false,-0.005174023623671605,false
403,-0.005645642830051447,30,-0.009517561459126031,false,-0.0066513211627402796,false,-0.005123339066615808,true
404,-0.01064985680305863,30,-0.010155887121668702,true,-0.007107570146022097,true,-0.00548252364591754,true
405,0.00038837433851863986,30,-0.011494883339284436,false,-0.008069745699563383,false,-0.006243817497781012,false
406,0.0051485030945917975,30,-0.011429835847274007,false,-0.008020886485085475,false,-0.006203588194154605,false
407,-0.00043532818676634384,30,-0.011498197861489498,false,-0.008072533861515746,false,-0.006246325059030339,false
408,-0.0031543235564634267,30,-0.0112756728731445,false,-0.007909191548685966,false,-0.006114532811525519,false
409,-0.0001813044847851155,30,-0.011330995173006005,false,-0.007952146920789884,false,-0.006150895420202907,false
410,0.0013710547692421867,30,-0.011161309743505538,false,-0.00783344286589791,false,-0.006059369347469589,false
411,0.006409734997804902,30,-0.010979530433291909,false,-0.007702529957758734,false,-0.005955573130056603,false
412,-3.9415921062860714e-5,30,-0.011198285017626425,false,-0.007855274529220316,false,-0.006073128007910856,false
413,0.003462280279976632,30,-0.01100585638327531,false,-0.007715859734541527,false,-0.005961974694995571,false
414,0.002129237839225371,30,-0.011009145962981467,false,-0.007716565432103488,false,-0.005961302934547539,false
415,0.0024651907076166575,30,-0.010811546389034265,false,-0.007573775731023054,false,-0.005847732173880749,false
416,0.0039226939561127295,30,-0.010459328294269776,false,-0.007321423900538817,false,-0.00564861867935162,false
417,-0.00023526503887972024,30,-0.010431516293866426,false,-0.007299757822133667,false,-0.005630228969222108,false
418,0.0013702182234748797,30,-0.010198898199307473,false,-0.007136783976370723,false,-0.005504382214789406,false
419,-9.083461675072659e-5,30,-0.009731979250851258,false,-0.006803074684188305,false,-0.005241686497454121,false
420,0.0029614688227458746,30,-0.00961327645423556,false,-0.006719975402519934,false,-0.005177567317861355,false
421,0.000858184267354831,30,-0.009516890990088506,false,-0.006648600254720787,false,-0.005119525077162217,false
422,0.003928271983267382,30,-0.009431030551657116,false,-0.006586969249880172,false,-0.005070810693713264,false
423,-7.3743799322118875e-6,30,-0.009650775714706659,false,-0.006744785273519231,false,-0.0051956125222874724,false
424,-0.0006017348053479825,30,-0.009671595578280089,false,-0.006756775727124694,false,-0.005202896050110262,false
425,-0.00011200888187246026,30,-0.009396048276402318,false,-0.006555594077135165,false,-0.005041358453968954,false
426,0.0005419915830103422,30,-0.009292105091055328,false,-0.006482856227640747,false,-0.004985256053549202,false
427,0.0017275485351929988,30,-0.009122152386435406,false,-0.0063576156288256275,false,-0.004883851312891512,false
428,-0.0003616637754304523,30,-0.008997611423599193,false,-0.00626813147571316,false,-0.00481305581532292,false
429,-0.0004905562377242378,30,-0.008982964162927062,false,-0.00625635551309782,false,-0.00480281053107706,false
430,0.0021619905516257866,30,-0.009350739899582764,false,-0.006515747927465245,false,-0.005004424197380758,false
431,-0.00039059861999551367,30,-0.00922005206045122,false,-0.0064202573247700125,false,-0.004927697111190252,false
432,-0.0034365403971623864,30,-0.009171156603529731,false,-0.0063825699861448015,false,-0.00489598477895566,false
433,-0.0036769488868248013,30,-0.009368328370955296,false,-0.006523175309501476,false,-0.005006434740290636,false
434,0.0014573941253236899,30,-0.009426403384529193,false,-0.006558399394503292,false,-0.005029477079825409,false
435,0.0043982836454771815,30,-0.009271585720289646,false,-0.006444748563370437,false,-0.004937772135093108,false
436,0.0022735170305216287,30,-0.009495574947601592,false,-0.006613821857909115,false,-0.005077569949074437,false
437,0.0025201646954054117,30,-0.009478005220745536,false,-0.006603192317954374,false,-0.005070640197076181,false
438,-0.004152281216174662,30,-0.009402873304456607,false,-0.006550268635323282,false,-0.0050295556416315,false
439,-0.0022804139842093197,30,-0.009552161673508674,false,-0.006652521055648055,false,-0.0051067333717357225,false
440,-0.0026158578762901907,30,-0.009716931767361086,false,-0.0067717474973667926,false,-0.005201680661026059,false
441,0.0030631336423659473,30,-0.009825167987007534,false,-0.00685079979230019,false,-0.005265175113683492,false
442,0.001942835763554622,30,-0.009852680731551005,false,-0.006866825827495023,false,-0.005275077626628556,false
443,0.004156517574308419,30,-0.00965343428766537,false,-0.006719877670434629,false,-0.0051560094927566285,false
444,-0.00011225152650802765,30,-0.009775518564013869,false,-0.006810220667164204,false,-0.005229431330772832,false
445,-0.0015150360445956286,30,-0.009630348628219118,false,-0.006707185710757396,false,-0.005148858375966705,false
446,0.0018619640490026169,30,-0.009505737217377184,false,-0.0066165169543410994,false,-0.005076284323027542,false
447,0.0024868134058428186,30,-0.009370130678539274,false,-0.006520722282700511,false,-0.005001713210474968,false
448,0.005207112128271977,30,-0.009506560983102832,false,-0.006618782713499888,false,-0.005079318803549765,false
449,0.005521842700761196,30,-0.009616785002708138,false,-0.006695692167309917,false,-0.005138468385607404,false
450,0.001893460202286912,30,-0.011468902289815909,false,-0.007996105780375153,false,-0.006144770811496159,false
451,0.0005647148790906074,30,-0.009693465134546093,false,-0.006748904789514898,false,-0.005179170565263297,false
452,0.002379430358372898,30,-0.009521434926696964,false,-0.00662280239576839,false,-0.0050775521192693305,false
453,0.0030787964899815098,30,-0.00943456278759207,false,-0.006560217350251831,false,-0.0050279144334757775,false
454,-0.0008196988733600352,30,-0.009417372996832353,false,-0.006543749543074554,false,-0.005011831513074759,false
455,0.00023931639566414364,30,-0.009267075671073257,false,-0.006434854623611843,false,-0.004925008063208341,false
456,0.002380740438478242,30,-0.009066903570693934,false,-0.006291020841958939,false,-0.00481120803080119,false
457,0.0019254248729320515,30,-0.009061561674875674,false,-0.0062914168450812005,false,-0.004814662886616837,false
458,-0.0024091340809168074,30,-0.008943281280141782,false,-0.006201202291900918,false,-0.004739410129717437,false
459,0.0016199723169274011,30,-0.01050952899948903,false,-0.007300274662792317,false,-0.005589433051024525,false
460,0.0014481851661555327,30,-0.00896088123415817,false,-0.0062183388126729995,false,-0.004756299595941809,false
461,-0.0029336830676764554,30,-0.010675256200336037,false,-0.007428948409772963,false,-0.0056983537388570005,false
462,-0.0011572836461327621,30,-0.01086625974096153,false,-0.007570870989007316,false,-0.005814111439186815,false
463,-0.0003622121265746507,30,-0.009213506464281946,false,-0.006415268797961975,false,-0.004923538652297103,false
464,-0.0014481394350130108,30,-0.009170181131674815,false,-0.006382885616406421,false,-0.004896988690978173,false
465,0.004894139886936457,30,-0.009094590139655441,false,-0.0063290132196974005,false,-0.004854694397064314,false
466,0.000990030591199072,30,-0.009223229789618164,false,-0.006421901650531739,false,-0.004928523985270673,false
467,0.002590204054676702,30,-0.009164675548942961,false,-0.006380167219608112,false,-0.0048957561326876805,false
468,0.0018309570023179148,30,-0.009217611128577826,false,-0.0064204969786385005,false,-0.004929365775398832,false
469,0.0019174061103571132,30,-0.010562266018380395,false,-0.007356877683013611,false,-0.005648097022249533,false
470,0.004674280528467508,30,-0.01047656994250241,false,-0.007292468867914629,false,-0.005595036367103108,false
471,0.002702732616918791,30,-0.01073334015184478,false,-0.007481314011229393,false,-0.005747670909060011,false
472,-0.0024972676873944717,30,-0.00913802163042308,false,-0.006364118607412889,false,-0.004885361170051577,false
473,0.000787190700319878,30,-0.0091932301535485,false,-0.006398561902098148,false,-0.004908734598292452,false
474,-0.0010424754023827289,30,-0.010535517466610618,false,-0.007335329943862115,false,-0.005629321817060404,false
475,-0.0047291293543394305,30,-0.01046689382186578,false,-0.007283545836248854,false,-0.005586514804381058,false
476,-0.011396119219292287,30,-0.011041535042514187,true,-0.007696342510686771,true,-0.005913032750103574,true
477,-0.0007054205371386769,30,-0.012563120878311662,false,-0.008792767997387825,false,-0.006782806827911754,false
478,-0.0016554420678450376,30,-0.012347847105962009,false,-0.00864068916581923,false,-0.0066644169854348494,false
479,-0.0025823679917916114,30,-0.012140986788482118,false,-0.008490979204904525,false,-0.006545173668132982,false
480,-0.008181900540578617,30,-0.012079727895426657,false,-0.00844598942910022,false,-0.0065088568985350505,true
481,-0.00034618902281051135,30,-0.012801339809124212,false,-0.008963298253143523,false,-0.00691725250146139,false
482,0.006244522723878129,30,-0.012577873774245008,false,-0.008803818472911883,false,-0.006791883556815596,false
483,0.007075192270015708,30,-0.012808990424117185,false,-0.00897172393437349,false,-0.006926091367634338,false
484,0.006416099049021544,30,-0.01309585272986057,false,-0.009164859669165118,false,-0.007069261814265723,false
485,-0.0032541553752608223,30,-0.013039437177270817,false,-0.009120642860304007,false,-0.007031548110547637,false
486,0.0013994403096749318,30,-0.012880744438904738,false,-0.009009270092412206,false,-0.006945401443818745,false
487,0.004284529932483621,30,-0.012661949379541555,false,-0.008851446890770543,false,-0.006820082113915754,false
488,0.003343653991499044,30,-0.012517729809052745,false,-0.008744065669150565,false,-0.00673233927976571,false
489,0.0009019104436290733,30,-0.012328253610904524,false,-0.008608645311159173,false,-0.00662573589014042,false
490,0.0011507266157284798,30,-0.012042998186914759,false,-0.008404708480298177,false,-0.0064651497003751736,false
491,-0.003690568537988225,30,-0.011729872017994712,false,-0.008178533780757193,false,-0.006285328507415774,false
492,8.474247089167523e-5,30,-0.01173869925427532,false,-0.008181388348443367,false,-0.006284999067574778,false
493,-0.0015250901130051382,30,-0.011562087192924227,false,-0.008058498820230294,false,-0.006190748822989409,false
494,-0.0036305856325589826,30,-0.011464330812474595,false,-0.007992704581696,false,-0.00614199348404145,false
495,-0.018904960924382493,30,-0.011694333122233391,true,-0.008167690246129216,true,-0.0062876499784283455,true
496,-0.016641029110582344,30,-0.014657722981331339,true,-0.010273420593815905,true,-0.007936165214158176,true
497,-0.01426593225492176,30,-0.015962871583793784,false,-0.011200711583544815,true,-0.00866202170871611,true
498,-0.017686620798351378,30,-0.016786491591764357,true,-0.011790453434395718,true,-0.009127083979420135,true
499,-0.0211926114179569,30,-0.017982936843990042,true,-0.012653311739347336,true,-0.00981210831714356,true
500,0.01424710776939394,30,-0.01980092505435838,false,-0.013947056781096557,false,-0.010826381265546086,false
501,-0.0019787656273701965,30,-0.019938679049184286,false,-0.014053746137959598,false,-0.010916510178858842,false
502,0.008195384597171866,30,-0.019762906378401533,false,-0.01392731103341907,false,-0.010816376748319456,false
503,-0.0012009252179631805,30,-0.019723669773383613,false,-0.01390203569015349,false,-0.010798544102033533,false
504,-0.014895458615839212,30,-0.01954768000769851,false,-0.013777013969836677,true,-0.010700693258106745,true
505,-0.021010040938045434,30,-0.016614434604461454,true,-0.011707578137512746,true,-0.009091751111703199,true
506,0.00571679887091671,30,-0.022238797838833584,false,-0.015676902743719922,false,-0.012178780749334542,false
507,-0.012037117935374706,30,-0.022295886168607355,false,-0.015721877873223246,false,-0.012217298376595869,false
508,-0.016971109844813696,30,-0.022871253362662394,false,-0.016133776505698843,true,-0.01254205252377218,true
509,-0.015591540920066592,30,-0.023509918856545017,false,-0.016584289661895794,false,-0.012892262364964387,true
510,-0.010748186552715533,30,-0.023931429629822042,false,-0.016881579894596325,false,-0.01312333108713381,false
511,0.004774251878722327,30,-0.024075989710882977,false,-0.016986634226937487,false,-0.013207325051014617,false
512,-0.008580964432055204,30,-0.02416340203774465,false,-0.017052701001524086,false,-0.013262012590667798,false
513,-0.010577761606479196,30,-0.023994468084796095,false,-0.016932924345740914,false,-0.013168441508107951,false
514,0.0029396093651764955,30,-0.02447686924967204,false,-0.017281015202228356,false,-0.013444932036178624,false
515,-0.0008993002355369742,30,-0.02455511948298533,false,-0.017336088601120986,false,-0.013487649950402275,false
516,0.01651146264902758,30,-0.02401100438742967,false,-0.016946372140049414,false,-0.013180242830056688,false
517,0.007873072854656294,30,-0.02477790876303003,false,-0.017487603574369442,false,-0.013601168854432223,false
518,0.004013027815852087,30,-0.02477131251456251,false,-0.017478542102228135,false,-0.013590793180672429,false
519,0.005311515633050479,30,-0.024920700636309547,false,-0.017587773126284446,false,-0.013678616604542138,false
520,0.005515484095839761,30,-0.02502612076155928,false,-0.01766170008022105,false,-0.013735754665385125,false
521,0.0008430556801028539,30,-0.0252258136893335,false,-0.017803592695183685,false,-0.013846834147464985,false
522,-0.012254406044873217,30,-0.02486036720463111,false,-0.01754525683922931,false,-0.013645598571357342,false
523,0.002349354797466734,30,-0.01923280060934486,false,-0.01357362367344431,false,-0.010556737389429546,false
524,3.542282961936489e-5,30,-0.019184513082517916,false,-0.013538055129353474,false,-0.010527949287971588,false
525,0.007830946318103653,30,-0.018804242323195594,false,-0.013266043056214235,false,-0.010313649519849585,false
526,0.0026250288395556717,30,-0.018976105468841008,false,-0.013386756209509026,false,-0.010407094801491325,false
527,-0.0006723882337793069,30,-0.018970542116713094,false,-0.013380567101559488,false,-0.010400572105428746,false
528,-0.0017341941856744445,30,-0.018443185766181154,false,-0.013003469117121448,false,-0.010103576299958013,false
529,0.0013841232060234228,30,-0.017908659982324913,false,-0.012621202091628632,false,-0.009802477855149382,false
530,0.014397258429080457,30,-0.017380418912717546,false,-0.012242911233547135,false,-0.009504124899975232,false
531,-0.0029098684833306944,30,-0.018747174990187018,false,-0.01322357783987398,false,-0.010278968637873358,false
532,6.659151035286702e-5,30,-0.0184883221902338,false,-0.013035842723797845,false,-0.010129146095917071,false
533,0.005653356418695399,30,-0.018021802017427167,false,-0.012701632508051475,false,-0.009865469828696233,false
534,-0.000628622727619957,30,-0.0178439543809306,false,-0.012563001663003689,false,-0.009747745310056857,false
535,-0.010775551772819877,30,-0.01744524062279302,false,-0.012279210720722886,false,-0.009525219295663225,true
536,0.0020334617354467624,30,-0.0182723291519546,false,-0.012879618814105365,false,-0.01000478488751193,false
537,0.0020644392189551933,30,-0.017946455931666532,false,-0.012650492072629393,false,-0.009827233335902059,false
538,0.0011013059042744825,30,-0.017538992949621756,false,-0.012361657370980892,false,-0.009601638931575491,false
539,0.006249576521313151,30,-0.017089353454951127,false,-0.012043736513603999,false,-0.009353936792344641,false
540,-0.0010464722890907877,30,-0.016788798657728806,false,-0.01182098288554247,false,-0.009172658679676971,false
541,0.001075001676421285,30,-0.016264440706463674,false,-0.01144789958398011,false,-0.008880219334113277,false
542,-0.001532758480388089,30,-0.015799002874428134,false,-0.011118228674488993,false,-0.008622925268655574,false
543,-0.010154330986985819,30,-0.015383712177340103,false,-0.01082235151214959,false,-0.008390707019827684,true
544,-0.0031787399605367164,30,-0.015915672066020514,false,-0.011207238774212291,false,-0.008697190408849725,false
545,0.0032053354366896112,30,-0.015658266748888088,false,-0.011020494568622145,false,-0.008548115380357185,false
546,-0.001988079205808986,30,-0.015309020454321818,false,-0.010770571745887327,false,-0.008351141532931507,false
547,0.0009474175627495661,30,-0.015104425186593917,false,-0.010619555669661277,false,-0.008228688325437323,false
548,0.008269340990981738,30,-0.014695892294622188,false,-0.010327663852635132,false,-0.007998977433860554,false
549,0.0029331204646966163,30,-0.015147642267411155,false,-0.010637672053296039,false,-0.0082334236202836,false
550,-0.0038620997020573115,30,-0.014698364360965454,false,-0.010313004399046387,false,-0.0079751852303874,false
551,-0.002438194812759734,30,-0.01450592937246282,false,-0.010184897053781576,false,-0.007881370713702667,false
552,-0.0027921688629057883,30,-0.014343158763284363,false,-0.010065685128038866,false,-0.007785379760920424,false
553,0.0025565710091902077,30,-0.014186841307036105,false,-0.009950445391348614,false,-0.007692038404527667,false
554,0.004881814723505636,30,-0.013843050646399034,false,-0.009705855263966412,false,-0.007500331714354331,false
555,0.000739427284669403,30,-0.01378351596505257,false,-0.009663312729212293,false,-0.007466847630072967,false
556,0.004338491462023794,30,-0.01376635781544517,false,-0.00964615724731484,false,-0.007449693570321815,false
557,-0.006219245143341847,30,-0.013730608914697344,false,-0.009626085673436691,false,-0.007437979521387464,false
558,-0.0043105551150767535,30,-0.013819430782616196,false,-0.009694544318002634,false,-0.0074955826069335076,false
559,0.006322553979488768,30,-0.013672230539474398,false,-0.009583430191240349,false,-0.007403705855284569,false
560,0.0021094918432874917,30,-0.01314403365199279,false,-0.0091969237785623,false,-0.007092734110430502,false
561,0.009057387910692894,30,-0.012875570203662279,false,-0.009001696890540528,false,-0.00693654936171387,false
562,0.0070461745046703555,30,-0.013100243868372092,false,-0.009153404762386127,false,-0.007049359439377093,false
563,0.003927729690883688,30,-0.013143954666609378,false,-0.009189122698670346,false,-0.007080816410529922,false
564,0.0028826247889884122,30,-0.012858521481591762,false,-0.008979854987085282,false,-0.006912152230998514,false
565,0.0028433494211098412,30,-0.01262686978446737,false,-0.008817455506271745,false,-0.0067866708504480166,false
566,-0.004970526317993482,30,-0.012402238055288119,false,-0.00865800141176467,false,-0.006661962711809471,false
567,0.00826478377445353,30,-0.012504089091005522,false,-0.008736606690593993,false,-0.006728175763657464,false
568,0.004170238670620502,30,-0.013438661850792982,false,-0.009414787502793431,false,-0.00726967497731857,false
569,0.0009805843056202497,30,-0.01321043641999993,false,-0.009242850739111737,false,-0.007127745493790368,false
570,0.005873889688404359,30,-0.012854263305432241,false,-0.00898465763752369,false,-0.006921785174568725,false
571,-0.023647090560147705,30,-0.012548815382965003,true,-0.008775501821953061,true,-0.006763962324877353,true
572,-0.0068103004885184245,30,-0.015308982159607945,false,-0.010772668223895153,false,-0.008354376050378021,false
573,-0.006004728012837763,30,-0.015556360786204648,false,-0.010948433095044187,false,-0.008491963893488526,false
574,0.012050867944428958,30,-0.015882840216588315,false,-0.011177786771119995,false,-0.008669540189334867,false
575,0.0015372247146996398,30,-0.016712181824475526,false,-0.011762389165297569,false,-0.009123673014286352,false
576,0.0013765819134701734,30,-0.016306565402623766,false,-0.01147074167783879,false,-0.008892781944036013,false
577,-0.0018042006712873152,30,-0.015815206343551543,false,-0.011116017044442825,false,-0.008610896617383046,false
578,-0.0006053922019467964,30,-0.01540484619935896,false,-0.010820746049090332,false,-0.008376979221415644,false
579,0.00476137314529728,30,-0.014819234638268316,false,-0.010405338179156025,false,-0.00805230630943623,false
580,-0.008483746984380522,30,-0.014449312669551169,false,-0.010137019675015024,false,-0.00783815223629996,true
581,-0.0016941369758303442,30,-0.015428262455101692,false,-0.010839950203638954,false,-0.00839393792040362,false
582,-0.006675063473060299,30,-0.015102787317949395,false,-0.010605019391944146,false,-0.00820727595357125,false
583,0.0018105114277777428,30,-0.015210038314713398,false,-0.010686475924120973,false,-0.008274981552123278,false
584,0.003945386622933523,30,-0.015048063349695552,false,-0.010568037752585274,false,-0.008179752684094783,false
585,0.004254569429220124,30,-0.014806436292087392,false,-0.010400998806397815,false,-0.008052476384109135,false
586,0.008450357054522111,30,-0.014433546238946547,false,-0.010130034552899354,false,-0.007835848397246492,false
587,0.00999414785870163,30,-0.01459345349287724,false,-0.010235131309970762,false,-0.007911725881256153,false
588,-0.0018581365024532548,30,-0.014964955962814065,false,-0.010509685273225811,false,-0.008134596954335332,false
589,-0.00035777436228095897,30,-0.014721724700584578,false,-0.0103361784944521,false,-0.007998260039692095,false
590,-0.002314170416046518,30,-0.01430091992630639,false,-0.010038841329908666,false,-0.007766743001034089,false
591,0.001669264007403301,30,-0.01380091331426085,false,-0.009672399384073138,false,-0.007471503884529053,false
592,0.0008541216006016049,30,-0.013373880231062917,false,-0.009360256028769992,false,-0.007220607818042974,false
593,0.004579490185721052,30,-0.01347754703888493,false,-0.009443895817100386,false,-0.007293571276387874,false
594,0.005922213647101238,30,-0.013505822219510065,false,-0.009461219854829396,false,-0.0073050573003612075,false
595,-0.0025324480493695775,30,-0.013277846759937036,false,-0.009294260921446104,false,-0.007170626051311705,false
596,0.004170993678412895,30,-0.013079897628610329,false,-0.009156797525746812,false,-0.007065407377461501,false
597,0.0033483508952772143,30,-0.012757045132641538,false,-0.008922592626150107,false,-0.006878460183470225,false
598,0.002483242224416369,30,-0.012714753141400702,false,-0.008910735354993116,false,-0.006882827548973084,false
599,0.002610568285247342,30,-0.012341565761650249,false,-0.008638356495068614,false,-0.0066641893379485,false
600,-0.0018519687022128509,30,-0.012058553925172974,false,-0.008434033269581793,false,-0.006501814719811149,false
601,-0.004079603507653656,30,-0.011969335309701725,false,-0.008380893617691466,false,-0.006467908629903707,false
602,0.002273328943200824,30,-0.012000304640447228,false,-0.008405396403663447,false,-0.006488964124784922,false
603,0.002492759915890848,30,-0.011786672739628364,false,-0.00825296169021052,false,-0.006369153405470323,false
604,0.0027781941802649097,30,-0.011599155304247988,false,-0.008117805699517934,false,-0.0062619111071890235,false
605,-0.0030201916801980626,30,-0.011670402673716305,false,-0.008167299607396256,false,-0.006299808325187519,false
606,-0.002694558047898462,30,-0.01160618869581713,false,-0.008113672820568787,false,-0.006251825530744855,false
607,0.0020134398113731875,30,-0.011472061061372095,false,-0.008019648413977318,false,-0.006179180006529127,false
608,0.007004092618985956,30,-0.011167804278712784,false,-0.00780426725830163,false,-0.006011178118734105,false
609,0.00323341800290909,30,-0.011344315003555873,false,-0.00792106714112979,false,-0.006096146372630673,false
610,0.0030075171392119748,30,-0.01132181344285355,false,-0.007902322853965572,false,-0.00607940507408667,false
611,0.00421206490670238,30,-0.011093083367462741,false,-0.0077391940244859545,false,-0.005951248026059625,false
612,0.00016521983727344687,30,-0.011082939463264493,false,-0.007728881097751074,false,-0.005940844994035896,false
613,-0.0008386840500504179,30,-0.010764055400565598,false,-0.007502894009933459,false,-0.00576438093978309,false
614,0.008819015527714892,30,-0.011104856213448446,false,-0.007747146326571757,false,-0.005957163610329455,false
615,0.0005984330065056394,30,-0.01185540084010179,false,-0.008288053694255918,false,-0.006386314130972761,false
616,-0.001609482783651172,30,-0.011448451215291136,false,-0.007992687848929547,false,-0.006150433185598734,false
617,0.000842948497928572,30,-0.011049355030312347,false,-0.007707864091011597,false,-0.005926527635707455,false
618,0.0008845275545997848,30,-0.010878655904411014,false,-0.007584119165560658,false,-0.0058278138207731416,false
619,-0.0013241973703123043,30,-0.01058582561175912,false,-0.007372303853161415,false,-0.005659187294568841,false
620,-0.0050756012637980215,30,-0.010386434878147898,false,-0.007226753688991724,false,-0.005542339338743487,false
621,0.0012144563474530035,30,-0.010661285363213263,false,-0.0074172840744564945,false,-0.005687918991118781,false
622,0.007364441167942718,30,-0.010360552449030027,false,-0.007204920541013651,false,-0.005522664847557586,false
623,0.002965214389405312,30,-0.010980905161068769,false,-0.0076448767403968845,false,-0.0058664523335609665,false
624,0.0033253870256458604,30,-0.010705501338002306,false,-0.0074481638046094735,false,-0.005711689218604055,false
625,0.0022196513645542175,30,-0.01074090708314968,false,-0.0074831384557058405,false,-0.005746434055056995,false
626,0.003991044573380436,30,-0.010543800814001171,false,-0.007339613451950785,false,-0.005631473025617747,false
627,-0.00036696407172584066,30,-0.010486557804131345,false,-0.00729827549435963,false,-0.005598613992543277,false
628,-0.0014492160116062265,30,-0.0103054047282289,false,-0.007166674460710177,false,-0.005493428969262685,false
629,0.011970125433006058,30,-0.010386598719726858,false,-0.007229381714386788,false,-0.005546281011412758,false
630,-0.012759135258279293,30,-0.011694133613228457,true,-0.008157095488946366,true,-0.006271513552907131,true
631,-0.007510265706166698,30,-0.012403364540274617,false,-0.008699549367493236,false,-0.006725059204020058,true
632,-0.005908643644305277,30,-0.012818649892060342,false,-0.00900068606105675,false,-0.006965343670266794,false
633,0.0031672404228863553,30,-0.012823349591723201,false,-0.009001036950519728,false,-0.00696337622510401,false
634,-0.0020851065418201944,30,-0.012765298927311782,false,-0.00896048298433279,false,-0.006932149683997939,false
635,0.0021227677158257015,30,-0.01267502100292354,false,-0.008892035164330889,false,-0.006875339411866996,false
636,0.008399784387804211,30,-0.012436251396474132,false,-0.008719392193394532,false,-0.006737948305635878,false
637,0.0010633584960829793,30,-0.012833256721411975,false,-0.009001226168809334,false,-0.00695838486078567,false
638,0.0024651891052275094,30,-0.012645753042102581,false,-0.008867616438530805,false,-0.006853505795313035,false
639,-0.0060769684126761,30,-0.012273981050469368,false,-0.008597245797513916,false,-0.006637191839096774,false
640,-0.0010700595898635388,30,-0.012496082434716942,false,-0.00875725656624183,false,-0.006764102330443542,false
641,-0.013726070624955334,30,-0.012262190446630322,true,-0.008594229099407382,true,-0.006638852477670375,true
642,-0.0017130500134602752,30,-0.013117265687254428,false,-0.009195374576326666,false,-0.007104628937168704,false
643,-0.0057650046842578385,30,-0.012963390640954517,false,-0.009084520927776592,false,-0.007016709836568042,false
644,-0.005892128828714274,30,-0.013136633909130661,false,-0.009211602591472585,false,-0.007119182919726324,false
645,0.004542354591768274,30,-0.013357753704236057,false,-0.009362261063952385,false,-0.007232278721840723,false
646,0.007170443062258208,30,-0.013260751112674283,false,-0.009297178082882404,false,-0.007184211967012564,false
647,0.00041406713251389347,30,-0.013381360719502735,false,-0.009382732577657952,false,-0.007251078711266282,false
648,0.002545677667995936,30,-0.013114610220915097,false,-0.00919279647391876,false,-0.0071020920771863736,false
649,0.003420545480325909,30,-0.01313384865712839,false,-0.0092060770479948,false,-0.007112196537002775,false
650,-0.004831709906187801,30,-0.012787440808130095,false,-0.008957557862802109,false,-0.006915861436269824,false
651,0.009017615743331597,30,-0.012718555468579846,false,-0.008918860031688734,false,-0.006893256454202048,false
652,0.0005478340968182535,30,-0.013196688032980507,false,-0.009258655189044224,false,-0.007159304451748276,false
653,0.0035132953478663634,30,-0.013132974728775643,false,-0.009213148441957404,false,-0.00712350355289181,false
654,0.0059541091956293556,30,-0.012980908429890992,false,-0.009108660429726124,false,-0.007044379349222673,false
655,0.0027683111991222207,30,-0.013017379308365856,false,-0.009124638985778923,false,-0.007049433524019507,false
656,0.006395903195300459,30,-0.012773263956109608,false,-0.008952310071483123,false,-0.006915373694170824,false
657,-0.002972836032678105,30,-0.012799968357124672,false,-0.008977208625179693,false,-0.0069393095573440375,false
658,-0.0015182866818443006,30,-0.012693942817229187,false,-0.008900413191451226,false,-0.006878096585053761,false
659,-0.0056566428800365,30,-0.01246303380658459,false,-0.008734764434332293,false,-0.006747237827608443,false
660,0.0008123916510372715,30,-0.012492217060556265,false,-0.00875445715123822,false,-0.006761871174322224,false
661,-0.0023222492592524574,30,-0.012121640560444314,false,-0.008486270654132873,false,-0.006548268408948476,false
662,0.0005969176250410531,30,-0.012344430658536038,false,-0.008650228012431474,false,-0.006680862251360706,false
663,0.0029311338926881303,30,-0.012029049099743488,false,-0.00842287147147624,false,-0.006500431521697729,false
664,0.00014143739920386529,30,-0.011710602150698047,false,-0.008189984731699285,false,-0.006313156612885456,false
665,0.0022487021736186537,30,-0.011514162739658553,false,-0.008046808198488681,false,-0.0061983743227581115,false
666,-0.006818175423129874,30,-0.011161245723771408,false,-0.007791071835906011,false,-0.005994444606856868,true
667,-0.00344220570229503,30,-0.01184554047357105,false,-0.00829146073829197,false,-0.006396793982488895,false
668,-0.014231392375402888,30,-0.01172856822280623,true,-0.008205037608284635,true,-0.006326656475717211,true
669,-0.002469137749456741,30,-0.013143975371570379,false,-0.0092329141542419,false,-0.0071479418912881254,false
670,-0.008542928884835361,30,-0.013157033063498606,false,-0.009241694008805484,false,-0.007154441246581794,true
671,0.013338037770353769,30,-0.013480668376026683,false,-0.00948562855777371,false,-0.007355887613411047,false
672,0.011460789941287294,30,-0.014579314366544307,false,-0.010252463161904616,false,-0.007945834795252743,false
673,0.0034413630753463834,30,-0.01517171536135896,false,-0.010676074042255998,false,-0.008279464290153679,false
674,0.0108619608782928,30,-0.014989030428920736,false,-0.010550912312224962,false,-0.008184967966474218,false
675,0.0008886046499557285,30,-0.0153109810670802,false,-0.010788130363896581,false,-0.008377015389823082,false
676,0.006883940049421065,30,-0.014991775590502387,false,-0.010557253456931641,false,-0.008193226116478722,false
677,0.005730937827366376,30,-0.014267814927728321,false,-0.010033009455841286,false,-0.007775450328725281,false
678,0.0028217276379343343,30,-0.014260618550266667,false,-0.010018833706260522,false,-0.00775755390169342,false
679,-0.0014872786712243095,30,-0.013923025223516294,false,-0.009777398367259183,false,-0.007567380030150044,false
680,0.0056909226853435945,30,-0.013865908201843472,false,-0.00973679854359111,false,-0.007535585463620116,false
681,0.005244169409847644,30,-0.014127800638850774,false,-0.009917057178536099,false,-0.00767232542075325,false
682,-0.004715467761673065,30,-0.014022547643604449,false,-0.009836598128982615,false,-0.007605083931904187,false
683,-0.004585623515078347,30,-0.013880092707484774,false,-0.009733479624411732,false,-0.007522935533436329,false
684,-0.0015873221079642824,30,-0.014008593340341506,false,-0.009821278224207138,false,-0.00758903603001548,false
685,-0.00017466161383859858,30,-0.01359009352947885,false,-0.009519056116433946,false,-0.007348801135499743,false
686,-0.0006401552913715003,30,-0.013246085488487137,false,-0.009273129098474699,false,-0.0071551607479922955,false
687,0.005925615414348357,30,-0.012851773762377812,false,-0.008988556951371796,false,-0.0069290903643910405,false
688,0.000308963603582003,30,-0.012961117611514382,false,-0.009068682831428997,false,-0.006993640253246567,false
689,0.004971093116760273,30,-0.012538236212081253,false,-0.008762221981566707,false,-0.0067492427675723814,false
690,-0.004838463929123609,30,-0.012345851095174465,false,-0.008620766648988957,false,-0.006634937914566207,false
691,0.0058673524943973635,30,-0.012274666019375075,false,-0.008562099842687364,false,-0.006582944551412846,false
692,-0.001921365128807983,30,-0.012372894664838083,false,-0.008634119023177383,false,-0.0066409915631080035,false
693,0.0008727332351337667,30,-0.012092383094611508,false,-0.008430646005913934,false,-0.006478587513365329,false
694,0.0023508159201702065,30,-0.011679940329049184,false,-0.008132730702081767,false,-0.006241726375598345,false
695,-0.0015981576101684416,30,-0.011579419666061979,false,-0.00806339379412743,false,-0.006189013412063547,false
696,-0.0004811388658771217,30,-0.01122929473143855,false,-0.0078094465194378975,false,-0.005986338092000934,false
697,-0.0014696135688960867,30,-0.010833025453573458,false,-0.007524686891132629,false,-0.00576102384525958,false
698,-0.004952525536276069,30,-0.010918989783052824,false,-0.007597353151820428,false,-0.005826600954681115,false
699,-0.0004860115442509087,30,-0.010761611040852239,false,-0.007486073680359635,false,-0.005739896833871701,false
700,-0.0004040812455579398,30,-0.010500984209520057,false,-0.007296614725741697,false,-0.005588377210989376,false
701,0.005956494800456466,30,-0.010283863642478193,false,-0.007138565343779383,false,-0.00546181845921331,false
702,0.003081026293002411,30,-0.010763764258283898,false,-0.007489565293108951,false,-0.00574410194021243,false
703,0.006399691918956019,30,-0.010606341877089994,false,-0.007375665561948417,false,-0.005653403972738889,false
704,-0.0024276995641451813,30,-0.010810045401092889,false,-0.007518953212614063,false,-0.005764484144883822,false
705,-0.005168744153318359,30,-0.01064421966593096,false,-0.007397589908018644,false,-0.00566682359750017,false
706,-0.004641438830131153,30,-0.01088540818409857,false,-0.007564082210324058,false,-0.005793495623526025,false
707,0.0021604971931956846,30,-0.010921493398467597,false,-0.007586667120474406,false,-0.005808883571452241,false
708,0.0030511707176405158,30,-0.010740517578960823,false,-0.007455516496350135,false,-0.00570429457461943,false
709,0.004786931353318022,30,-0.010473428150270265,false,-0.007263877244364155,false,-0.005552877532648219,false
710,0.0018938044712157411,30,-0.010576074860908596,false,-0.007342680478270253,false,-0.005618969897335798,false
711,0.0031547118048834903,30,-0.010547736501965234,false,-0.007320028242987989,false,-0.0055993489135370425,false
712,0.005427556095227496,30,-0.010295625098238833,false,-0.007136074512625386,false,-0.005451729786642508,false
713,-0.008320980091715013,30,-0.01039402587674527,false,-0.0072020830886639735,true,-0.00550047019940556,true
714,0.0038438659402542205,30,-0.011406267338092968,false,-0.007937050539261607,false,-0.006087623900862565,false
715,0.005430023332281019,30,-0.011149952115166863,false,-0.007751765358395888,false,-0.005940204572588512,false
716,0.006152473001667555,30,-0.011173464368178055,false,-0.007780151352923304,false,-0.005971188740684041,false
717,0.00796776852276536,30,-0.011581013255412682,false,-0.008084413909885258,false,-0.00622038973716551,false
718,-0.004636715026226872,30,-0.011810137841478633,false,-0.008247891954674982,false,-0.006348871853711168,false
719,-0.0028690944468802043,30,-0.011833755166103927,false,-0.008263823537030413,false,-0.0063607061953018995,false
720,0.002316415176414185,30,-0.011603286132091262,false,-0.008095318821844982,false,-0.006225234429198212,false
721,0.0009538620352368945,30,-0.011328763988645456,false,-0.007894837824719336,false,-0.006064224493203206,false
722,-0.0024560819894087127,30,-0.011040097505369141,false,-0.007686286271116409,false,-0.005898381912161851,false
723,0.005931798935391928,30,-0.011111469307266848,false,-0.0077390821446940185,false,-0.005941275027088069,false
724,0.005916517917386104,30,-0.01117333805033646,false,-0.007782512639642827,false,-0.005974876160190275,false
725,0.0008587064861107663,30,-0.01119678524721049,false,-0.00780181700293166,false,-0.0059919719942244645,false
726,-0.0027428946407040203,30,-0.010990566404050503,false,-0.0076541620280496415,false,-0.005875537200818984,false
727,0.0035062894401939955,30,-0.010826750162702885,false,-0.007535591098134145,false,-0.005781086379007833,false
728,-0.0006598252789907828,30,-0.010768229583919282,false,-0.0074897926717410095,false,-0.0057420700849785886,false
729,-0.0142076476498119,30,-0.010589441377242232,true,-0.007360069034853867,true,-0.005638502588694018,true
730,-0.0039138004684580365,30,-0.01244633329987151,false,-0.008701613156261494,false,-0.006705316704199228,false
731,-0.010918419653383457,30,-0.012446579030301384,false,-0.008700828317741539,true,-0.0067039824731855106,true
732,0.00546816235902199,30,-0.01349394000933825,false,-0.009455548850600591,false,-0.007302697467037448,false
733,0.003657243794123002,30,-0.01342756159544208,false,-0.009414722756100433,false,-0.0072754932194566795,false
734,0.0030326926305660274,30,-0.013208923041930429,false,-0.00925900925516402,false,-0.007153324831208095,false
735,0.0008445248284286292,30,-0.013064136973228273,false,-0.009146999902906268,false,-0.0070587886252039735,false
736,0.00516283981071722,30,-0.012840744093884759,false,-0.008987506974493227,false,-0.006933360524184544,false
737,0.004747974702758101,30,-0.012792499650213876,false,-0.00894684416582539,false,-0.006896739457082695,false
738,0.0028968574444222586,30,-0.01266668261328784,false,-0.008852959174734727,false,-0.006819877321469502,false
739,0.002426591185156905,30,-0.012335936291546185,false,-0.008614354766028147,false,-0.006630393425651455,false
740,0.0010407924876099975,30,-0.011904314279760577,false,-0.00830059248018991,false,-0.006379461723602303,false
741,0.001365859113127555,30,-0.011565511111193945,false,-0.008056595481658518,false,-0.006186005543507751,false
742,0.0014642680263676233,30,-0.011278176085995776,false,-0.007849149829824532,false,-0.006021148621001516,false
743,-0.0028413026965176257,30,-0.011187224927470185,false,-0.007777782710410965,false,-0.00596022168037223,false
744,-0.0024081561248813104,30,-0.011001000955934905,false,-0.007650129492065926,false,-0.005863792313824985,false
745,-0.0022850286180795144,30,-0.010902165852091658,false,-0.007580029277125724,false,-0.005809010561831991,false
746,-0.0022297795895221875,30,-0.010981088323324718,false,-0.007631645582406217,false,-0.005846070051083508,false
747,0.0011543326393876055,30,-0.0109944856959853,false,-0.007657371199763096,false,-0.005878367810070079,false
748,-0.0018130511075676752,30,-0.010666053958151815,false,-0.0074184373890878305,false,-0.005687145013195874,false
749,-0.0035552418302814436,30,-0.010854008801773122,false,-0.007553275077887137,false,-0.005793666143307679,false
750,-0.017682841517369437,30,-0.011122266929655721,true,-0.007753471472466909,true,-0.0059575790797108796,true
751,0.01005819897489329,30,-0.013598008594387976,false,-0.009512246902022193,false,-0.007334142462265922,false
752,-0.0014946579128567693,30,-0.014063489525040475,false,-0.00985484450134103,false,-0.007611231412352963,false
753,-0.003985966875817339,30,-0.013799917916065992,false,-0.009667633193848633,false,-0.007464727499026514,false
754,-0.006360041126680224,30,-0.013795754606709053,false,-0.009670318388574904,false,-0.007471063605938191,false
755,0.005514705217565318,30,-0.013845092756637825,false,-0.009710122444535986,false,-0.0075057850716838724,false
756,0.004391858862595634,30,-0.014209953183547857,false,-0.009965244088593407,false,-0.007702405376666296,false
757,0.0034411801361682484,30,-0.013948800089773708,false,-0.009779550714931208,false,-0.007556939300574025,false
758,0.004835145429289012,30,-0.013588071049726924,false,-0.00952339033515319,false,-0.007356524086652434,false
759,0.004558185384884543,30,-0.01343033194706829,false,-0.00940773643721302,false,-0.007263305655620821,false
760,0.00459238486898782,30,-0.013270162124268358,false,-0.009293701457552372,false,-0.0071738649901261,false
761,0.0029780329952409776,30,-0.013089265466127016,false,-0.009162116056587183,false,-0.007068567237896278,false
762,0.0017649358608023407,30,-0.012853834666754412,false,-0.008992248477527187,false,-0.006933651168982956,false
763,-0.0018963510393793096,30,-0.012439866155441992,false,-0.00869507052623706,false,-0.006698733833083465,false
764,0.0011375995084406973,30,-0.012106349768353605,false,-0.008456083742652852,false,-0.006510140431341758,false
765,-0.002879589020771856,30,-0.012043768254241775,false,-0.008412846139588844,false,-0.0064772149956795425,false
766,0.0022267776052173342,30,-0.011897353220811431,false,-0.008307331031169861,false,-0.006393503485943126,false
767,-0.0038495034756610693,30,-0.01171746798022329,false,-0.008179608379433568,false,-0.006293588517307802,false
768,-0.0033313877323481716,30,-0.011742190899908005,false,-0.008199148671305539,false,-0.006310365969469951,false
769,0.002829582625706137,30,-0.011599762250525038,false,-0.008096636157668603,false,-0.006229132600098526,false
770,0.010085096185126275,30,-0.01139338718336997,false,-0.007946874275604586,false,-0.006109550997522165,false
771,0.003571008900227847,30,-0.012366660762764261,false,-0.00864660486939944,false,-0.006663456837878368,false
772,-0.0022058570547510057,30,-0.011989865275965537,false,-0.008372539906698246,false,-0.006444157137442327,false
773,-0.0002956430195916182,30,-0.011739850598963543,false,-0.008192487565238512,false,-0.006301401458180253,false
774,0.0035406100045591825,30,-0.011431775553356035,false,-0.00797119713680416,false,-0.006126375588033915,false
775,0.009233634393697458,30,-0.01136490475687435,false,-0.007925168823926257,false,-0.006091458326042258,false
776,0.0016584679418743908,30,-0.011975307450900231,false,-0.008369190387103898,false,-0.006446782724020728,false
777,0.0015419870660710886,30,-0.011646802733090848,false,-0.008132500833122216,false,-0.00625903949413419,false
778,0.00040337492587537015,30,-0.011235802631229261,false,-0.007837393712716268,false,-0.006025714493306283,false
779,0.001317987969832336,30,-0.010907032279021452,false,-0.007603217641673862,false,-0.005841966283528251,false
780,0.000366710231052011,30,-0.010737796519486628,false,-0.007481925009095772,false,-0.0057462319545280175,false
781,0.0018071444778463357,30,-0.010412537551972316,false,-0.00724620814358258,false,-0.005558249652261175,false
782,0.003055145640499257,30,-0.010251735311443215,false,-0.007131850332960291,false,-0.005468651195365022,false
783,0.006868546021144978,30,-0.010190139282297485,false,-0.0070836026616749,false,-0.005427519484262375,false
784,0.004061769676120391,30,-0.010624940107805462,false,-0.007396364835268293,false,-0.0056752233040967374,false
785,-0.0009901808095801245,30,-0.01054266594962472,false,-0.007334367954268119,false,-0.0056240361645300135,false
786,-0.004319746004318983,30,-0.010403735131692642,false,-0.007238464902360377,false,-0.0055510710554752575,false
787,-0.0007511781966012935,30,-0.010805140846325669,false,-0.007525114245267666,false,-0.005776544201245744,false
788,-0.0007396152114522215,30,-0.010800239910257295,false,-0.0075205401228264565,false,-0.0057721443019398775,false
789,0.002643513861207097,30,-0.010715745993866571,false,-0.007462244515421093,false,-0.005727814916113648,false
790,0.00019141480198755522,30,-0.010591447177016875,false,-0.007375361038843358,false,-0.005660877418987827,false
791,-0.001774201548786561,30,-0.010434598042970207,false,-0.007260632088618137,false,-0.005568602582901535,false
792,0.0006510790906982594,30,-0.010264911997776018,false,-0.007139359302463316,false,-0.005473138725998207,false
793,0.004227448450804308,30,-0.009984583233848054,false,-0.006937502042849741,false,-0.005313114334968446,false
794,-0.004511676284883403,30,-0.00997540928301261,false,-0.006923825823379317,false,-0.005297037972748347,false
795,0.0032672873742199773,30,-0.010239543370708799,false,-0.007115002166240222,false,-0.005449320811801319,false
796,-0.005265533661705068,30,-0.010195971313895486,false,-0.0070783480997575155,false,-0.00541635470036539,false
797,-0.00026313870332144183,30,-0.01034760307303729,false,-0.007196135730510979,false,-0.00551610015150763,false
798,0.00583571236217849,30,-0.010300606306807245,false,-0.007159802278737378,false,-0.005485451273213555,false
799,0.005458518780552609,30,-0.010510080004463952,false,-0.007307167493571732,false,-0.005599706685673812,false
800,-0.0003645168398725827,30,-0.010697181348935792,false,-0.0074376795543308035,false,-0.005700051208681546,false
801,-0.009161918461804237,30,-0.010561715105883388,false,-0.007348090000812171,true,-0.005634918348596978,true
802,-0.015671674618198007,30,-0.01156785485004974,true,-0.00806632217756202,true,-0.006199668066494408,true
803,0.003937092919725934,30,-0.01306723944005692,false,-0.009150590809611024,false,-0.007062639917399324,false
804,0.007001228613560068,30,-0.01310984026317546,false,-0.009183577827515686,false,-0.007090501851318192,false
805,0.0005788883592792444,30,-0.013320147188921666,false,-0.009331298590907176,false,-0.0072048581631444265,false
806,0.0009395722383375195,30,-0.013093237407611398,false,-0.009167743484815563,false,-0.007075077199982129,false
807,-0.0035591133917444056,30,-0.012824476576842363,false,-0.008975826816056819,false,-0.006924125869646496,false
808,0.008655200509334,30,-0.012741090311287026,false,-0.00891399684661937,false,-0.006873787481905261,false
809,0.00010761076319772368,30,-0.013200413417381764,false,-0.009243447804310767,false,-0.007134004077845567,false
810,0.0014179397450707109,30,-0.012814925770422043,false,-0.00896727822795229,false,-0.006916111560417634,false
811,-0.0007800296369955801,30,-0.012447702573261159,false,-0.008705758734118363,false,-0.006710942319694482,false
812,9.914005842961803e-5,30,-0.01224617535653125,false,-0.00856006526760288,false,-0.006595013618818049,false
813,-0.0001752288570348735,30,-0.011868445233007854,false,-0.008287438976576328,false,-0.00637841779198243,false
814,0.0013770825423085943,30,-0.011587402038282632,false,-0.00808429774280428,false,-0.006216805805335801,false
815,0.00025412653043454104,30,-0.011178213617739855,false,-0.0077884313766091885,false,-0.005981351006990638,false
816,0.0006954832954188232,30,-0.011113445971900338,false,-0.00773912767922349,false,-0.005940291083304801,false
817,-0.0010311916746024196,30,-0.01075891133471983,false,-0.0074834570803623554,false,-0.005737324537447545,false
818,0.0037493997587402387,30,-0.010656576294254101,false,-0.007414556221909322,false,-0.005686247317709793,false
819,-0.0007493832093859466,30,-0.010564817299123272,false,-0.0073556909874190396,false,-0.005644917625301011,false
820,-0.0015260994870283926,30,-0.010335403654249599,false,-0.007189854684437403,false,-0.005512974168028337,false
821,-0.001200554863100522,30,-0.01020459062204006,false,-0.007092383353633302,false,-0.0054332771748699955,false
822,0.004235158589490175,30,-0.010223916467328401,false,-0.007104139293082304,false,-0.005440997625526782,false
823,0.00151661284204257,30,-0.010265226014136073,false,-0.007133303797191432,false,-0.005463687652313321,false
824,-0.0008563158270360243,30,-0.009997799234978365,false,-0.0069421505425930185,false,-0.005313195531424412,false
825,-0.0010407827906116244,30,-0.009858402909909376,false,-0.006842964679880953,false,-0.005235445717405033,false
826,-0.005866066332223876,30,-0.009762081105675821,false,-0.006777353392229854,false,-0.005186206092506669,true
827,-0.0037141900709514258,30,-0.010388221535783086,false,-0.0072209009157449405,false,-0.005532414013161525,false
828,-0.012467052902390351,30,-0.010446777763680252,true,-0.007262870698125286,true,-0.0055655416228112715,true
829,0.007786296030296836,30,-0.012486358208651082,false,-0.008715218959394179,false,-0.00670483857986953,false
830,-0.0011185165745298713,30,-0.01260461477739275,false,-0.00879529100177337,false,-0.006764554592538151,false
831,0.0048421796524380665,30,-0.01236637429016452,false,-0.008621822524078036,false,-0.006625615833450522,false
832,0.004568944873558046,30,-0.01221771830007207,false,-0.008513233034810923,false,-0.006538385647516306,false
833,0.0020786307745533734,30,-0.011995831450557744,false,-0.008347030168252155,false,-0.006401867706225068,false
834,-0.0009629675226112002,30,-0.011613653113031275,false,-0.008079139118704521,false,-0.0061949027870044976,false
835,-0.0015954076016415286,30,-0.011242252292510817,false,-0.007811104720155625,false,-0.0059819726455244025,false
836,0.0013349587931462865,30,-0.01096292903278587,false,-0.007609128915303731,false,-0.005821230482658441,false
837,0.003887276561720601,30,-0.010785559905248484,false,-0.0074806352372420205,false,-0.0057187921258595835,false
838,-0.00309125025821082,30,-0.01082392166550006,false,-0.007516791907108783,false,-0.005753773270201646,false
839,0.002648633441027034,30,-0.010816513287988185,false,-0.007507790705699432,false,-0.005743922940266437,false
840,-0.00767806086396479,30,-0.010545832109933522,false,-0.007312207022173488,true,-0.0055883734531923315,true
841,0.007265893360970896,30,-0.011396949102362712,false,-0.00792663164158813,false,-0.006076618244379911,false
842,0.0017198772917234656,30,-0.011753651951656193,false,-0.008181856492738143,false,-0.00627774555021619,false
843,-0.0026005416360993907,30,-0.011503882765207894,false,-0.008000945867793674,false,-0.006133543169613767,false
844,0.0018808861070846367,30,-0.011465642630962846,false,-0.007975044209634649,false,-0.0061142191074004355,false
845,-0.0006549654123341414,30,-0.011267338337570971,false,-0.007831383041607142,false,-0.005999687987310057,false
846,-0.002163775339241444,30,-0.011217881082104225,false,-0.007799106335419445,false,-0.005976570168370256,false
847,-0.009129462990066848,30,-0.01130038107628633,false,-0.007865623116392462,true,-0.0060345663575237995,true
848,0.005570061050352138,30,-0.01227642194726028,false,-0.008566512336899623,false,-0.006588773251304028,false
849,6.090517040779366e-5,30,-0.012303577716063618,false,-0.00859213295663327,false,-0.006613575488749098,false
850,0.002808740571954054,30,-0.012192781228302871,false,-0.008510737809615863,false,-0.006547854087688904,false
851,0.006087296994790073,30,-0.012042137815820373,false,-0.00840155383954045,false,-0.00646077199294935,false
852,-0.0060253657259975715,30,-0.012456374121061669,false,-0.008694963810066082,false,-0.006689769891528789,false
853,-0.0001536290841887305,30,-0.012493064603708042,false,-0.00871580279913293,false,-0.006702158508023285,false
854,0.00018657527502817598,30,-0.012343390618983064,false,-0.008612136101286803,false,-0.006623018124572636,false
855,0.003531621187767535,30,-0.01202007527147441,false,-0.008376863099411089,false,-0.006434680171372905,false
856,-0.0038595027984139104,30,-0.011737015954040263,false,-0.008171807017394679,false,-0.006271207325524232,false
857,0.0008219656410806858,30,-0.011619341736615958,false,-0.008087406070533005,false,-0.006204544236079227,false
858,0.006082545851179034,30,-0.01129080368348756,false,-0.007851611489738208,false,-0.006018190857209076,false
859,-0.002406589892967923,30,-0.011538182392874099,false,-0.008026043432332935,false,-0.0061537351483502215,false
860,0.004529160916336847,30,-0.011453155367496446,false,-0.007961710089043166,false,-0.0061004335304091755,false
861,-0.0017963526236610316,30,-0.011425801968501653,false,-0.007943171777252938,false,-0.006086594508989451,false
862,0.0008444870468839169,30,-0.011175635995875469,false,-0.007765873217269377,false,-0.005948141297056171,false
863,-0.0003277375022323345,30,-0.010812967618234231,false,-0.007505668052352241,false,-0.005742558891700137,false
864,0.002856593703566399,30,-0.010627831736527428,false,-0.007377006904814595,false,-0.005644004215975993,false
865,-0.00028115975290461,30,-0.011323258233567687,false,-0.00788811479300622,false,-0.006056852535820044,false
866,-0.0062011320402250705,30,-0.011003098262332171,false,-0.007656854551733251,false,-0.005872984411636617,true
867,0.0020078915382163616,30,-0.013609700845946841,false,-0.00955408214430721,false,-0.007392046821369681,false
868,0.003561404684735858,30,-0.013242168346847537,false,-0.009287574988705789,false,-0.007179395902565375,false
869,0.0012940425214752955,30,-0.013149289756218882,false,-0.009223803953144214,false,-0.007131141996904086,false
870,0.0009777096333105574,30,-0.012779122575016335,false,-0.00895451472458891,false,-0.006915630431628811,false
871,0.0018929170210836193,30,-0.012392472738348826,false,-0.008673406168780002,false,-0.006690785542113806,false
872,-0.0003358285248437682,30,-0.011985480254492427,false,-0.008377190894563524,false,-0.006453625188450172,false
