Day,Actual_Returns,N_Assets,VaR_1_percent,Violation_1_percent,VaR_5_percent,Violation_5_percent,VaR_10_percent,Violation_10_percent
1,0.009945540057116032,2,-0.02552776290812653,false,-0.017967797914771853,false,-0.013937608550767788,false
2,-0.002537426301722265,2,-0.02663330511658446,false,-0.018752000006996047,false,-0.01455050541607474,false
3,-0.0048485764058331295,2,-0.026375873226885612,false,-0.018570219199681926,false,-0.014409053920850068,false
4,-0.001846854596081398,2,-0.02618993240210491,false,-0.01844292627301904,false,-0.01431302597166041,false
5,0.00010626685315448699,2,-0.026252464346361328,false,-0.018490012018041044,false,-0.014351877405025741,false
6,0.008239831704924316,2,-0.026093522841159063,false,-0.01838141296563746,false,-0.014270115727928188,false
7,0.0014868581705542244,2,-0.02614593068112368,false,-0.018414281701330915,false,-0.014292568239434759,false
8,0.005952205810942425,2,-0.025889342469786334,false,-0.01823494831069198,false,-0.014154419107846027,false
9,0.010740500075433559,2,-0.025774269444165845,false,-0.01815557806536855,false,-0.01409408188258883,false
10,0.00019413783518618805,2,-0.02582381420576048,false,-0.018187493366621413,false,-0.01411659898376736,false
11,-0.002273474368813851,2,-0.025567540459706075,false,-0.018006168164402724,false,-0.013975228572937226,false
12,0.0038555325837154072,2,-0.025522456550367417,false,-0.01797372614205579,false,-0.013949525893767115,false
13,0.0031680550486853157,2,-0.025337342062357347,false,-0.017845121850102872,false,-0.01385104697822897,false
14,-0.005972901587615249,2,-0.025160419825357536,false,-0.01772102989102432,false,-0.013755118644823656,false
15,-0.0092351676564466,2,-0.025042619889962585,false,-0.01763797180841851,false,-0.013690581315385317,false
16,-0.004046774224151418,2,-0.025276576802921814,false,-0.01780656774602055,false,-0.013824333558878047,false
17,-0.00239692937035398,2,-0.025085549319133756,false,-0.017673790972883737,false,-0.013722610024045739,false
18,-0.005492031975692377,2,-0.025039431614737984,false,-0.01764047613357706,false,-0.013696120344743934,false
19,-0.0045328913876775505,2,-0.025062292151547066,false,-0.017654371482137436,false,-0.01370523638462259,false
20,8.68579914351875e-5,2,-0.024884340136680415,false,-0.017527422999416738,false,-0.013605477696161779,false
21,-0.005592536121287603,2,-0.024827875945965538,false,-0.017487972442731214,false,-0.013575097044822166,false
22,0.0015984002168588566,2,-0.024756720477663825,false,-0.017440508115718373,false,-0.013540262377566677,false
23,0.0038017010097798312,2,-0.024588130628396154,false,-0.017319524343319796,false,-0.013444657228591412,false
24,-0.006751031142958731,2,-0.02439174307723139,false,-0.017179503667193244,false,-0.013334685524974764,false
25,0.0032911866341255825,2,-0.0243830451483356,false,-0.01717190657150659,false,-0.013327675279398514,false
26,-0.0015402508854171154,2,-0.02427686210309605,false,-0.0171032902914362,false,-0.013279085702832424,false
27,0.014172421070433257,2,-0.024633773441809777,false,-0.017359069373390372,false,-0.013480951552925287,false
28,-0.0010436819494009583,2,-0.025386699319958544,false,-0.01788921811345943,false,-0.013892338625020843,false
29,-0.0039003929329025034,2,-0.02542525087263404,false,-0.017916174047751438,false,-0.013913112978059595,false
30,-0.0027720105400546465,2,-0.025263332206290724,false,-0.017803963509107474,false,-0.013827401658358388,false
31,-0.014800461252845107,2,-0.025017632386476783,false,-0.017628554068637337,false,-0.01368946375902266,true
32,-0.00905458955336823,2,-0.025650034690135555,false,-0.01808051388459794,false,-0.014045230352478288,false
33,0.010913663288917326,2,-0.025720813269721993,false,-0.01813111782440078,false,-0.014085079266464217,false
34,0.0007554363408743704,2,-0.026094893114075913,false,-0.018389171437635885,false,-0.014281279725218907,false
35,0.00044320518907300574,2,-0.025909440003135727,false,-0.018256567213345763,false,-0.01417684904684649,false
36,0.008324124343823968,2,-0.02562743392525664,false,-0.018055965884821033,false,-0.01401964428898257,false
37,0.00383780056133875,2,-0.02559677985919679,false,-0.01803680590713175,false,-0.014006611767272343,false
38,0.0036552308416629878,2,-0.02536207764777451,false,-0.01787005159155328,false,-0.013876080223542272,false
39,0.0009456488749078927,2,-0.025123307093279763,false,-0.0176967404237014,false,-0.013737665212491939,false
40,-0.0025248448880170467,2,-0.024850027012541645,false,-0.017501717667484058,false,-0.01358436114640296,false
41,-0.003768059143037906,2,-0.024634078738153927,false,-0.017349742850310185,false,-0.013466490342550371,false
42,-0.011450403634166323,2,-0.024614247693540512,false,-0.01733806938518762,false,-0.013459165652869084,false
43,0.004695748773322213,2,-0.025074725309288188,false,-0.017673966090767965,false,-0.013728648736222919,false
44,0.002700416215471178,2,-0.02487659814848512,false,-0.01753493064722799,false,-0.013621114868500263,false
45,-0.0010260526193002467,2,-0.024711045398563235,false,-0.017417007322861684,false,-0.013528582614655643,false
46,-0.004558776724167122,2,-0.024457312283444742,false,-0.017240673385417776,false,-0.013393509892431774,false
47,-0.007903505381533647,2,-0.024550383704512006,false,-0.017311963239649952,false,-0.013453188073981964,false
48,0.000743501841519248,2,-0.024817682816653662,false,-0.017506647065031144,false,-0.013609160958687715,false
49,0.004871256445507911,2,-0.02455207712815263,false,-0.017319327199691224,false,-0.013463574975995873,false
50,0.00574726113946299,2,-0.024379094754278758,false,-0.017195028100877523,false,-0.013365228750975214,false
51,0.004851818524101798,2,-0.024269452786795917,false,-0.017114757240883884,false,-0.013300615519702885,false
52,-0.0006442093373302481,2,-0.024205949746700907,false,-0.01707235066011609,false,-0.013269455383339717,false
53,-0.0020439914404822754,2,-0.024188333750636594,false,-0.017061193261666763,false,-0.013261741039380347,false
54,0.01166317502503767,2,-0.02403602218524397,false,-0.01695508114453509,false,-0.013180257677165899,false
55,-0.001844391613041696,2,-0.024360170401139053,false,-0.01718697518748711,false,-0.013362971361887828,false
56,0.00506440880053056,2,-0.024198794928145806,false,-0.017069834708781467,false,-0.013269412394955242,false
57,0.0053279791753324006,2,-0.024078822889235556,false,-0.016984764669474843,false,-0.013202948482490299,false
58,0.002546824843094727,2,-0.02402674054021534,false,-0.016944489496373744,false,-0.013168967671181876,false
59,0.002207124129581561,2,-0.023858177010027758,false,-0.016824713189947896,false,-0.013075199653217238,false
60,0.006823471139763052,2,-0.02365567721413596,false,-0.01668133191136263,false,-0.012963334237453284,false
61,0.007374921244347932,2,-0.02359794818581502,false,-0.016637675527738375,false,-0.01292717992864417,false
62,-0.0008015755554661992,2,-0.023584624179376443,false,-0.016623087694832443,false,-0.012911918354524996,false
63,0.01023050797452958,2,-0.023370365811847867,false,-0.016473728894432226,false,-0.01279715727321463,false
64,0.002334092329064519,2,-0.02388767427832622,false,-0.01683665235611797,false,-0.013077778660112482,false
65,0.007243692458209667,2,-0.023684690924032133,false,-0.01669300823081212,false,-0.01296576805820877,false
66,0.006259682469873052,2,-0.02366218859829162,false,-0.01667607869642676,false,-0.01295180935827398,false
67,0.0003259994347665733,2,-0.023611057171596332,false,-0.016635773238268935,false,-0.012917275183884408,false
68,-0.0029673117357380437,2,-0.023389304034578135,false,-0.01647890513756518,false,-0.012794997055947372,false
69,-0.004074907352357591,2,-0.023249505678399205,false,-0.016380799223354333,false,-0.012719117228276188,false
70,0.004444119647297547,2,-0.02312426320868336,false,-0.01629466527074135,false,-0.012653831881418451,false
71,0.004176282964611174,2,-0.024177709151265773,false,-0.017044826234131664,false,-0.01324231274463944,false
72,0.0030283204371361417,2,-0.023990245979484393,false,-0.01691038030041143,false,-0.013136130104351211,false
73,0.0007030984008924834,2,-0.023844770233399995,false,-0.016807545437990724,false,-0.013056026939228605,false
74,-0.008707864510002853,2,-0.02379357337054148,false,-0.016773828675286238,false,-0.013031628753235044,false
75,0.0037070185619375185,2,-0.024016211329652645,false,-0.016930708937859053,false,-0.013153453831104861,false
76,0.0010005887380599339,2,-0.023864166888739304,false,-0.016822475413552005,false,-0.013068575744328164,false
77,-0.01103063468639243,2,-0.023622647488361997,false,-0.016649799537784442,false,-0.012932600096790049,false
78,-0.017846761142588714,2,-0.024021637299135215,false,-0.01693321187478668,true,-0.013154398510193472,true
79,-0.029099240806676165,2,-0.025357181139169096,true,-0.01788403113640345,true,-0.013900122522643015,true
80,-0.000519699283852757,2,-0.03138306168838341,false,-0.02214862915463303,false,-0.01722578734083525,false
81,-0.009318246080655731,2,-0.030772498150581747,false,-0.02171766791500012,false,-0.016890571421778112,false
82,-0.008795552849332595,2,-0.03049374044504639,false,-0.021521177257052014,false,-0.01673793702248803,false
83,0.00040439298405609133,2,-0.03018696908845746,false,-0.021302479882951284,false,-0.016566191562553758,false
84,0.00714918909696639,2,-0.02960599098860116,false,-0.020891409732124146,false,-0.016245698710647842,false
85,0.0157483766459096,2,-0.029375839540530118,false,-0.020724459195806736,false,-0.01611244034652551,false
86,0.014326525021527137,2,-0.029987484858796355,false,-0.021152812140538036,false,-0.016443080805157616,false
87,0.0032905081215640463,2,-0.03021409255137828,false,-0.021311866071880188,false,-0.016566122076350373,false
88,0.003455695586476757,2,-0.02970599892686821,false,-0.020954408150876097,false,-0.016288967491491717,false
89,-0.005543067777482544,2,-0.029248864200134478,false,-0.020632292025543782,false,-0.016038829282960472,false
90,0.002698654518035496,2,-0.02898445330124176,false,-0.020444856316001615,false,-0.015892428762031677,false
91,0.006704704487962045,2,-0.028535806782857918,false,-0.020124188716599843,false,-0.015639986250781987,false
92,0.008640149107352212,2,-0.02821790172661756,false,-0.01989187440690871,false,-0.015453300051366895,false
93,-0.0035451565139033893,2,-0.028105459583201386,false,-0.01981007691895003,false,-0.015387839115838948,false
94,-0.011566138116799915,2,-0.02780016881060524,false,-0.01959472841050625,false,-0.01522043849560363,false
95,-0.009012177481457752,2,-0.027918589945602028,false,-0.019680400418125264,false,-0.015288652064598353,false
96,-0.0037672335062720196,2,-0.027939534090377097,false,-0.019695634303700995,false,-0.01530084183212445,false
97,-0.0023087437836880314,2,-0.02767310422605701,false,-0.01950900660226091,false,-0.015156756368425697,false
98,0.0146056121015368,2,-0.027375575336710433,false,-0.019294185307018298,false,-0.014986026185559028,false
99,-0.009048208423192945,2,-0.027970843523101384,false,-0.01970793939160339,false,-0.015303015774123603,false
100,-0.0019883340856115352,2,-0.02791388885120436,false,-0.01966628053275779,false,-0.015269511056616994,false
101,0.01403366203225457,2,-0.02775974779875667,false,-0.019557404553865808,false,-0.015184765720944316,false
102,0.006344745840438169,2,-0.02802654955698981,false,-0.019744316725302382,false,-0.015329089049273126,false
103,-0.0018037399813530682,2,-0.027796288038857545,false,-0.019578573534744577,false,-0.015197740340409672,false
104,-0.008143490634956852,2,-0.027406503067443064,false,-0.019304356515488567,false,-0.01498513216881608,false
105,-0.013106843456345899,2,-0.027248577627562068,false,-0.0191889532251359,false,-0.014892397279033302,false
106,-0.004620075807473723,2,-0.027555324354396296,false,-0.019405310041340166,false,-0.015060567568348305,false
107,-0.004720892269624279,2,-0.027269124564460425,false,-0.019206093693671888,false,-0.014907721771890182,false
108,-0.003868591857157218,2,-0.02702098810579692,false,-0.01903259593216113,false,-0.014774013623647806,false
109,0.006496554231390681,2,-0.026755263382641892,false,-0.018844035312301635,false,-0.01462658890172672,false
110,-0.004632029606020879,2,-0.02653435582306122,false,-0.018685736980234187,false,-0.014501667317175185,false
111,-0.01287013827309674,2,-0.026302123659348118,false,-0.018526696997071407,false,-0.014381645814632544,false
112,-0.000671528701997993,2,-0.02672763529464188,false,-0.018832016399662543,false,-0.014622891182714284,false
113,-0.00425016440516293,2,-0.026591429824830606,false,-0.018738118882549556,false,-0.014551547878633676,false
114,-0.0077659809050094905,2,-0.026861702752283115,false,-0.01893295433183813,false,-0.014706167887452508,false
115,0.005260759753929834,2,-0.02683788248739104,false,-0.018916784484005897,false,-0.014694076448646225,false
116,-0.0021813445603831843,2,-0.02697048353057649,false,-0.01901056373362926,false,-0.01476715994377297,false
117,0.00038288112290421085,2,-0.02664405518513628,false,-0.01878183762855099,false,-0.014590518541506442,false
118,-0.0011323733562863887,2,-0.026296751878633097,false,-0.018536566603997166,false,-0.01439964054891227,false
119,0.007700904815313574,2,-0.0262599459565835,false,-0.018508703073340866,false,-0.014376544174018421,false
120,-0.006409877754664931,2,-0.026182444232639785,false,-0.018453077139511845,false,-0.0143325801429531,false
121,-0.003573386570343243,2,-0.026187220569488495,false,-0.0184576079200746,false,-0.014336980018368431,false
122,0.012988503508884867,2,-0.026331808604426847,false,-0.018560026572111834,false,-0.01441691832841942,false
123,0.002938843878871274,2,-0.026745927343489538,false,-0.018848308564151303,false,-0.014638117216251438,false
124,-0.000589307986964279,2,-0.026556939345612297,false,-0.018710757117818038,false,-0.014527986405216855,false
125,-0.004479559860063555,2,-0.02626087942429884,false,-0.018504296734016643,false,-0.014369291203320166,false
126,-0.003964769154785652,2,-0.026412770446867524,false,-0.01861532979110173,false,-0.014458543030191676,false
127,0.0059188977285352055,2,-0.026417242486732044,false,-0.018616196859472838,false,-0.014457488301599035,false
128,0.010276467934096435,2,-0.026434564217200328,false,-0.018627596359575914,false,-0.014465730682608305,false
129,-0.000804528307371025,2,-0.026510599602623686,false,-0.018677792901179564,false,-0.014502152632182503,false
130,-0.012543007904296917,2,-0.026168856311018354,false,-0.018435327843636155,false,-0.014312612433860693,false
131,-0.004306104278571315,2,-0.026621975782533117,false,-0.01875860578717113,false,-0.01456667233927907,false
132,-0.0010849607636996689,2,-0.026362785981738635,false,-0.01857831388415597,false,-0.014428440613626107,false
133,-0.006518795915472341,2,-0.02614521189792619,false,-0.018418612726425657,false,-0.01429959129864441,false
134,0.002213055096581629,2,-0.026007092768146653,false,-0.018319167213946976,false,-0.014220762548445771,false
135,0.009664818244831175,2,-0.025964464124261087,false,-0.018288933287116636,false,-0.014197136199413705,false
136,-0.0015481196751286135,2,-0.02597815472779972,false,-0.018293674069008527,false,-0.014197105864502527,false
137,-0.0037654808233707096,2,-0.025752434950689764,false,-0.01813510407829949,false,-0.01407433317645111,false
138,-0.003631767358406047,2,-0.025499509854159892,false,-0.01795570921247908,false,-0.013934137004539802,false
139,0.0017032886867935073,2,-0.025982514721258756,false,-0.0182993103753038,false,-0.014203422568448087,false
140,-0.0012769194300354062,2,-0.02613152714612874,false,-0.018404172098732404,false,-0.01428474771630805,false
141,0.00020072840574119396,2,-0.025888069588204148,false,-0.01823160381402291,false,-0.014149970240839685,false
142,-0.007241240235932248,2,-0.025660981685664833,false,-0.01807008374234283,false,-0.014023404137171621,false
143,0.0054902963031284654,2,-0.025622274499566822,false,-0.018050509217124155,false,-0.014014029162671604,false
144,0.014465746215078422,2,-0.025422357748014962,false,-0.017908966014230525,false,-0.013903604682569466,false
145,0.0005070626061192567,2,-0.025953911744769447,false,-0.01828328987921033,false,-0.014194109746094995,false
146,0.003236005140635439,2,-0.02583344797936925,false,-0.018202170753001255,false,-0.0141339651014527,false
147,-0.01443417044297481,2,-0.025785060647002127,false,-0.01816875895059247,false,-0.014108536698651118,true
148,0.008259876255444762,2,-0.0264186008195547,false,-0.018618462165812075,false,-0.014460237112163911,false
149,-0.008113394737497759,2,-0.026314277175878222,false,-0.018545981633429815,false,-0.014404732024584315,false
150,-0.004428666794471225,2,-0.026678502609305228,false,-0.01880751920238558,false,-0.014611527072963846,false
151,0.0026159539810432083,2,-0.026610631577156103,false,-0.018762824784890067,false,-0.014579188022980314,false
152,0.004114987870102852,2,-0.026336693571254156,false,-0.018567504214328914,false,-0.014425778116293171,false
153,-0.009377972523838665,2,-0.026378771893878276,false,-0.018597844767012796,false,-0.014449861307254895,false
154,0.0001273886459555514,2,-0.026462333538678384,false,-0.01866220594441979,false,-0.014503986786541639,false
155,-0.005692067697591107,2,-0.026176352343378777,false,-0.018459102910838812,false,-0.014345065794300825,false
156,-0.017240600694288573,2,-0.026034899654504052,false,-0.018359083138107357,false,-0.014267133755852144,true
157,0.0002569240926982957,2,-0.027002678074026537,false,-0.019048944724641588,false,-0.014808838907089191,false
158,0.004952707007675612,2,-0.02667323207453606,false,-0.01881504415532939,false,-0.014625873253060619,false
159,-0.0034907819887467434,2,-0.026447904959148942,false,-0.01865314773326834,false,-0.014497791498900656,false
160,0.017646608388740794,2,-0.026220563670580847,false,-0.01849431472121248,false,-0.014375479995553971,false
161,-0.01551284808474342,2,-0.027323670466107564,false,-0.01927157082458528,false,-0.01497902630067685,true
162,0.007839740744889929,2,-0.027957279868696772,false,-0.019727767803519827,false,-0.015340645373035942,false
163,-0.0070232305415102855,2,-0.02837119170453146,false,-0.020017380651264377,false,-0.015563994890170145,false
164,-0.00405783878310452,2,-0.0285608876325319,false,-0.020149088182934885,false,-0.015664789022330206,false
165,0.004297258630178923,2,-0.028464762063360932,false,-0.020082577696173068,false,-0.015614066226416746,false
166,-0.0001992944568456436,2,-0.02815119922099646,false,-0.019857156270830317,false,-0.015435632664340752,false
167,-0.006432057871930918,2,-0.027770975041944063,false,-0.019591325823427066,false,-0.015230785091991328,false
168,-0.010199260263241668,2,-0.027588819327560625,false,-0.019459781047604117,false,-0.015126220820240564,false
169,-0.003877317333765404,2,-0.02771858145546375,false,-0.019555664652357103,false,-0.015204043909662082,false
170,-0.0026946663788793733,2,-0.027681241463677515,false,-0.019533786992354862,false,-0.015190409161518998,false
171,-0.0019244730983436695,2,-0.027344514325829204,false,-0.019296634451504768,false,-0.015006339469875212,false
172,0.0137045972034023,2,-0.027392605018211672,false,-0.019327814712441223,false,-0.01502850484238105,false
173,0.00016604764129277572,2,-0.027894052276267838,false,-0.019682270206336307,false,-0.015304599570711891,false
174,0.007824397946242727,2,-0.028417704580611245,false,-0.020053808143491676,false,-0.015595045901584382,false
175,-0.004937825649320696,2,-0.02821155211379453,false,-0.019906822795157684,false,-0.015479602325178886,false
176,0.00015178604680844633,2,-0.027983609384770215,false,-0.01975073737065584,false,-0.015361823763826147,false
177,-0.0068858018656479045,2,-0.027631279756172505,false,-0.019504260630922445,false,-0.015171776807461474,false
178,0.003942234814551142,2,-0.027603520883317936,false,-0.019486416060196025,false,-0.015159217514513918,false
179,0.0041310596774974204,2,-0.027314005796631846,false,-0.019283242298360835,false,-0.015002071993470052,false
180,-0.012154530802277783,2,-0.027009886498964027,false,-0.01906643430186313,false,-0.01483180932855026,false
181,0.01277079774749557,2,-0.02732416382802729,false,-0.019293888375025263,false,-0.015012978245261476,false
182,0.0022758058029095866,2,-0.027583143426907215,false,-0.0194731902684163,false,-0.015149804248685847,false
183,0.012770293373455574,2,-0.02720648893903204,false,-0.01920919493713419,false,-0.014945867096913578,false
184,0.010460226201205153,2,-0.027657282707246236,false,-0.01952606182732586,false,-0.015191338063997788,false
185,-0.0034068702344504254,2,-0.02764243118308516,false,-0.019514286547207056,false,-0.01518120271819497,false
186,-0.01198551843875116,2,-0.027387903148196183,false,-0.019337258393232432,false,-0.015045489463964877,false
187,0.010481188631246766,2,-0.02770680007345568,false,-0.019568863329057724,false,-0.015230559363227205,false
188,0.003160950904700429,2,-0.027679036060985353,false,-0.019545166203276267,false,-0.01520903027969098,false
189,-0.00292810547416268,2,-0.027284478833830905,false,-0.01926265903428461,false,-0.014986256582089828,false
190,-0.0006263956217882408,2,-0.026909361568749263,false,-0.018996038683228553,false,-0.014777475534432333,false
191,0.002410610033415744,2,-0.027228451041028046,false,-0.019223912491796127,false,-0.014956722610198545,false
192,-0.003397648149616657,2,-0.02695978478653272,false,-0.0190350453483769,false,-0.014810396077615293,false
193,0.02071561994273848,2,-0.02662868156245513,false,-0.018802438766485446,false,-0.014630297691208553,false
194,-0.012072180054953757,2,-0.027929990620319225,false,-0.01971718745821182,false,-0.015338972482126765,false
195,0.015774832971631743,2,-0.028172415038958794,false,-0.019891258043170483,false,-0.015476603891278152,false
196,0.0008020787402489718,2,-0.02864541091858475,false,-0.020221972596674846,false,-0.015731468796307203,false
197,-0.0067794938452107045,2,-0.028550387282048815,false,-0.020154208862849493,false,-0.01567823721574771,false
198,0.011465891122039018,2,-0.028335260702523388,false,-0.02000382480986541,false,-0.015562367164097634,false
199,-0.0016018844047869117,2,-0.02842367764217153,false,-0.020062417263145543,false,-0.01560506029405379,false
200,-0.0013055176537102534,2,-0.027996510335354368,false,-0.019760137234479502,false,-0.015369357211252781,false
201,-0.0028970239028149897,2,-0.02789058816354674,false,-0.019684201434706713,false,-0.015309407035453927,false
202,-0.008149368941446439,2,-0.027594540053855834,false,-0.019477821442290648,false,-0.015150828784560342,false
203,0.010632881980955357,2,-0.027590309630906033,false,-0.01947766056142204,false,-0.015152837361516795,false
204,0.0017719212408343447,2,-0.027921729619429934,false,-0.019711656198366578,false,-0.015334896437131313,false
205,0.0009344604873135304,2,-0.02762982261122427,false,-0.019503303699084807,false,-0.015171086537382163,false
206,-0.00373038430645511,2,-0.027260297517018122,false,-0.019243951635346798,false,-0.014970467308516155,false
207,-0.0025782613080717366,2,-0.027229737199439562,false,-0.01922183000448258,false,-0.014952844310313887,false
208,-0.018978952650339838,2,-0.02706836853759958,false,-0.019109046182621547,false,-0.014865960886868337,true
209,-0.007084409622621236,2,-0.028147046707201865,false,-0.019878116786462025,false,-0.015469980843034492,false
210,0.006348803527175635,2,-0.02806063241968805,false,-0.01982078458325862,false,-0.015428152191365238,false
211,-0.003180818364479325,2,-0.027816332086668463,false,-0.0196457417230508,false,-0.015290030233641646,false
212,0.007490008992846147,2,-0.027881701124082444,false,-0.01969164147774609,false,-0.015325550985761304,false
213,-0.002743483833297379,2,-0.02769183938236514,false,-0.01955197370680569,false,-0.015212641434910554,false
214,0.0045400580752781375,2,-0.027574075273472654,false,-0.019466545830975616,false,-0.015144451885273082,false
215,-0.009194521985495049,2,-0.027275338256742266,false,-0.019253459787617565,false,-0.014977026058887625,false
216,-0.004789681812852678,2,-0.02732108716158037,false,-0.019291109234293502,false,-0.015010357714387534,false
217,-0.01459588193581108,2,-0.027104958077337687,false,-0.01914058784943721,false,-0.014894811551307563,false
218,0.008584375458645972,2,-0.027745140463869018,false,-0.019597659051149238,false,-0.015254266857954252,false
219,0.01078721419814968,2,-0.027664983862552277,false,-0.01953931625043255,false,-0.015207552913620383,false
220,-6.727637379317676e-5,2,-0.02776072105491595,false,-0.019605160585515247,false,-0.015257461477098402,false
221,0.003915346234992624,2,-0.027746618396611276,false,-0.019592697864894825,false,-0.015245873001189233,false
222,-0.009095588522085604,2,-0.027417016933889902,false,-0.019358120737733193,false,-0.015061952995698279,false
223,-0.005286203170003364,2,-0.02766664545574485,false,-0.019534763454920587,false,-0.01519968725048498,false
224,-0.014642347142563806,2,-0.027876800702285823,false,-0.019683541317785918,false,-0.01531574505722606,false
225,-0.007028453935890852,2,-0.028369330536614078,false,-0.02003589726026369,false,-0.015593374816640353,false
226,-0.0017979080948380128,2,-0.02834606379434194,false,-0.020025825672529998,false,-0.015590337516965402,false
227,-0.0045206443561673125,2,-0.028219086482056926,false,-0.01993825847465392,false,-0.015523779705252448,false
228,-0.005066638112432906,2,-0.02855633609242257,false,-0.020178980939109678,false,-0.015713043905400677,false
229,-0.005656432216271637,2,-0.028233444387562666,false,-0.01995279271197088,false,-0.015538407944405488,false
230,0.007514672442982778,2,-0.028488563178067264,false,-0.020132867485289398,false,-0.01567847702984565,false
231,-0.0032739491329208917,2,-0.028278520434761527,false,-0.01998050286305663,false,-0.015556860400531948,false
232,0.0055238642401614895,2,-0.02795451250235897,false,-0.0197528890570896,false,-0.015380633946682865,false
233,0.006811820896422734,2,-0.027668406227507863,false,-0.019546753169549277,false,-0.015217129976705459,false
234,0.0043903809297386265,2,-0.027523751604017436,false,-0.019442288986172663,false,-0.015134091168237818,false
235,0.010303167176535698,2,-0.027295814570918977,false,-0.01928579266877564,false,-0.015015679632030893,false
236,-0.0005997745090668008,2,-0.027599103596783827,false,-0.01949477546952056,false,-0.015174388133123405,false
237,0.009902118506788977,2,-0.027238669548473607,false,-0.01924266046409597,false,-0.014980017608650842,false
238,-0.005123851253410996,2,-0.027251067133942364,false,-0.01924685531954342,false,-0.014979839619076287,false
239,-0.0034042932188701157,2,-0.027000939457484243,false,-0.019070121216032153,false,-0.014842231357726547,false
240,0.00471668496747346,2,-0.02671423414672419,false,-0.018871781499483112,false,-0.014690999012474358,false
241,0.0006519535056427493,2,-0.02650091326763807,false,-0.018719163899384605,false,-0.01457074210578529,false
242,0.004119603964879244,2,-0.02698794162220914,false,-0.019061231744662004,false,-0.014835532039952058,false
243,-0.009819935049393259,2,-0.026896063374007274,false,-0.018995279222740444,false,-0.014783400426778195,false
244,0.002562820595547681,2,-0.02698869211420741,false,-0.01906561755386162,false,-0.014841855823300035,false
245,0.0036928426488927715,2,-0.028018607562867514,false,-0.01979294901375967,false,-0.015407880878433157,false
246,-0.004722263856762441,2,-0.02787483730857815,false,-0.019691943519068073,false,-0.015329673118841739,false
247,-0.0013373734642903512,2,-0.027643278472131223,false,-0.01952978383245563,false,-0.015204509862210077,false
248,-0.0006598034099516842,2,-0.027315639200778896,false,-0.019296130236270304,false,-0.01502095968168339,false
249,-0.0063862196360574474,2,-0.02841626237545904,false,-0.020075892377253036,false,-0.015629671992876258,false
250,0.0014997880623018765,2,-0.028300801784351116,false,-0.019996962805548718,false,-0.015570216972441167,false
251,-0.02403366528166151,2,-0.02813610601173479,false,-0.0198821372434392,true,-0.015481977035019308,true
252,0.0006226545054498324,2,-0.03039422170605918,false,-0.021483923695329237,false,-0.016733876796366613,false
253,-0.0020846805280585828,2,-0.02985826473714092,false,-0.02110489454947427,false,-0.016438505292310508,false
254,0.008905995610251207,2,-0.029549989878006666,false,-0.020887221951563586,false,-0.016269132424604777,false
255,0.008385425892664443,2,-0.029394040362366335,false,-0.020776331472554758,false,-0.016182262751293357,false
256,-0.002302947900937019,2,-0.029255793390642736,false,-0.020676810312933024,false,-0.016103386178806953,false
257,0.0004562859164622939,2,-0.028928349695218545,false,-0.02044686818609884,false,-0.015925421777405437,false
258,-0.005789290573425286,2,-0.028546373625631012,false,-0.020178445490210854,false,-0.015717533964857908,false
259,-0.014599671547663895,2,-0.028635876872407803,false,-0.020243685056010062,false,-0.01576983865211027,false
260,-0.00419532241361273,2,-0.0289935985956866,false,-0.020499603262041068,false,-0.01597148577979754,false
261,-0.019810712296439735,2,-0.028757340707739765,false,-0.020333100851356842,false,-0.01584216975592753,true
262,0.005225035660701787,2,-0.03056198848801697,false,-0.02161254713761407,false,-0.01684163306911293,false
263,0.0055309306201375245,2,-0.030079166819669528,false,-0.021268879493294045,false,-0.016572147920093698,false
264,0.019888866174516403,2,-0.02996171608602506,false,-0.02118212454532407,false,-0.01650175678188393,false
265,0.002681826057865614,2,-0.030854951918215582,false,-0.021805885953656366,false,-0.016981862371987018,false
266,0.015404687274059432,2,-0.03023713892409442,false,-0.02136829389442904,false,-0.016640345426284488,false
267,0.0023234534160695244,2,-0.030469555591645932,false,-0.02152595349246759,false,-0.01675815230718743,false
268,0.0013802042642326669,2,-0.02988626100542183,false,-0.02111277985495819,false,-0.016435669517943452,false
269,0.002764562903126642,2,-0.02943136543124186,false,-0.020789059251259956,false,-0.016181877805625505,false
270,0.0037949145713204397,2,-0.029581078108246416,false,-0.020889950183240004,false,-0.016256742045986892,false
271,0.0010500317181206496,2,-0.02932485163165105,false,-0.020710267074026772,false,-0.01611786392269353,false
272,-0.0054877700081803794,2,-0.029169730124215358,false,-0.020602932255253146,false,-0.016036004010821735,false
273,-0.0011775011319447486,2,-0.028782078178154046,false,-0.02032962291473489,false,-0.015823650290219343,false
274,-0.015059227735984428,2,-0.028331490578933173,false,-0.02001268749521343,false,-0.015577964353145754,false
275,-0.008337353002252329,2,-0.028643207785659233,false,-0.020238963522404937,false,-0.015758692003683294,false
276,0.004305098641804201,2,-0.02883178789332591,false,-0.020376519742076993,false,-0.01586904757746786,false
277,0.015772099064315374,2,-0.02842783663372928,false,-0.020092438840058843,false,-0.015648869119521448,false
278,-0.007863210248131133,2,-0.029025022694266184,false,-0.02051255844100898,false,-0.015974595246060562,false
279,-0.006165808223600165,2,-0.02878167962580178,false,-0.020342634839932917,false,-0.015843811291376964,false
280,-0.006307431212496337,2,-0.028477647798402467,false,-0.02012750251644984,false,-0.015676070964478976,false
281,0.00185123514975717,2,-0.028259897384453638,false,-0.019976706696845262,false,-0.015560968391368874,false
282,-0.011930087784632663,2,-0.028164282460570664,false,-0.019909465829517387,false,-0.015508853628598697,false
283,0.011879299169816731,2,-0.028311844386907672,false,-0.020020414897293934,false,-0.015600284516954324,false
284,0.003905598322662617,2,-0.02838729153590057,false,-0.020069590648328233,false,-0.015635455082948307,false
285,0.016242338967971247,2,-0.028179824865694335,false,-0.019923679341690734,false,-0.015522358712857497,false
286,-0.01623596346385747,2,-0.028517680510408327,false,-0.020157732000299817,false,-0.015701074383673703,true
287,0.022385828675411182,2,-0.028922312132036224,false,-0.020450306088654648,false,-0.015933911015684404,false
288,-0.01064753982679848,2,-0.02993968739435567,false,-0.021161548871002814,false,-0.0164819557057344,false
289,-0.025687359983555855,2,-0.02981219352510881,false,-0.021072738758097606,true,-0.016413767760194372,true
290,0.006434707654746552,2,-0.0314009945842623,false,-0.022198752975025902,false,-0.01729307202397123,false
291,-0.03226739471549525,2,-0.03092854186474972,true,-0.021859993549359864,true,-0.017025583998552765,true
292,0.0084633521231841,2,-0.03463425108408745,false,-0.02448661618631941,false,-0.019076949571364153,false
293,0.020642481205445505,2,-0.03415795496932939,false,-0.024145978450214885,false,-0.01880863081494645,false
294,2.25334212150311e-5,2,-0.03489589126964981,false,-0.024656897306723425,false,-0.019198527512185967,false
295,-0.014739549209892516,2,-0.03417060999514769,false,-0.024142410101520077,false,-0.018796413845329665,false
296,0.001428247572505103,2,-0.03430568673963126,false,-0.02424249090457613,false,-0.018877838441505333,false
297,-0.007363601820661175,2,-0.0338767711078078,false,-0.023937669678400497,false,-0.018639171483797064,false
298,-0.0006546614475347379,2,-0.0335129303611445,false,-0.023679124870791865,false,-0.018436759551674495,false
299,-0.012769873857660303,2,-0.032865191116094115,false,-0.02321994961395112,false,-0.018078107059209605,false
300,-0.006597447869269323,2,-0.0329501180596415,false,-0.02327644332146168,false,-0.018119443113799736,false
301,-0.00294956954808093,2,-0.03250141730176792,false,-0.022960683140298126,false,-0.017874553062163543,false
302,-0.004662782634929049,2,-0.031945429314867095,false,-0.02256797747994287,false,-0.01756889260590013,false
303,0.012206634214250077,2,-0.03156642883485111,false,-0.02229898471111241,false,-0.01735854454084383,false
304,0.023481455873201044,2,-0.03147963941574597,false,-0.02223240339600566,false,-0.01730273609120307,false
305,-0.001480786766189304,2,-0.032927053180760474,false,-0.023243993913888563,false,-0.01808199084870621,false
306,0.0038610219303927586,2,-0.032335213698175165,false,-0.022826457691414948,false,-0.01775737504922805,false
307,0.015609568608124826,2,-0.03322324869462279,false,-0.023454755515485395,false,-0.018247207947803323,false
308,0.013476275694023106,2,-0.03326930133669134,false,-0.023483410332038955,false,-0.018266588047951584,false
309,0.009562026872742576,2,-0.03313988722108084,false,-0.023386641702458553,false,-0.018187222606176535,false
310,0.00577015416420862,2,-0.03297382901923747,false,-0.023273367502528394,false,-0.01810208736235096,false
311,0.018161759017672374,2,-0.03242286592894283,false,-0.022884433341041552,false,-0.01779953022325988,false
312,0.005577179570998556,2,-0.03272125771706529,false,-0.023086868379023403,false,-0.017950811072808184,false
313,-0.003970046424950738,2,-0.03219918957790034,false,-0.022720807552202082,false,-0.017667917166927213,false
314,0.0023696661014725243,2,-0.03213985112283952,false,-0.02267045727476269,false,-0.017622358453719074,false
315,0.003350395227894188,2,-0.0315940001254397,false,-0.022287915408729368,false,-0.017326876081328456,false
316,-0.00015793528126441182,2,-0.031115036218460495,false,-0.021949342031078765,false,-0.01706314437537929,false
317,-8.310789374529364e-5,2,-0.03058663188172298,false,-0.021573991524244645,false,-0.016769386298925333,false
318,0.009783691086963664,2,-0.030059652760203073,false,-0.02119702930370812,false,-0.016472397533199186,false
319,-0.013597599353624635,2,-0.029894840079084196,false,-0.021081453484756863,false,-0.016383069703279532,false
320,0.00027162969239479537,2,-0.030131336232957707,false,-0.021252188930712745,false,-0.01651874835917726,false
321,0.008583501024022836,2,-0.029707230914737853,false,-0.020949483030511945,false,-0.016280760039511125,false
322,0.00926662051762062,2,-0.029666819213769017,false,-0.020921557005196767,false,-0.016259490081686468,false
323,-0.006188528745036281,2,-0.02961571195242923,false,-0.020876620482222583,false,-0.016217843156501557,false
324,-0.0026103235086094166,2,-0.02950474304925528,false,-0.020806679967654746,false,-0.016169774724083298,false
325,0.011630603992496791,2,-0.029296476445980765,false,-0.02065613986451729,false,-0.01605000840456496,false
326,0.013795916898878931,2,-0.029317643729189786,false,-0.02067468346751731,false,-0.016067153333353897,false
327,-0.002512606673713372,2,-0.02956406418322927,false,-0.02084730872621949,false,-0.01620043864648431,false
328,0.0009790876249904416,2,-0.02918588683326773,false,-0.020582619276589404,false,-0.015996249176584428,false
329,0.013721725638200006,2,-0.028751710024837843,false,-0.02027795859440799,false,-0.015760633062060728,false
330,-0.022837975668069818,2,-0.029056503570155802,false,-0.020481433535770234,true,-0.015910095430560926,true
331,0.002929927154916086,2,-0.030829405714770917,false,-0.02174684215942006,false,-0.016904961136049997,false
332,-0.001609390727257545,2,-0.030470257626593694,false,-0.021488051226903178,false,-0.016699670231866522,false
333,-0.00980684859615934,2,-0.030091172872385545,false,-0.02121680556256806,false,-0.01648591318730837,false
334,0.012166253074902336,2,-0.030029579939656083,false,-0.02117978520229906,false,-0.016461992374492758,false
335,-0.0010623469600144749,2,-0.03011972109201344,false,-0.021241636848549544,false,-0.016508762989716638,false
336,0.00253137773550186,2,-0.0297014442935264,false,-0.020944839239816417,false,-0.016276725487534848,false
337,0.005036607010018106,2,-0.029411774105402685,false,-0.020740578081502502,false,-0.016117995566975598,false
338,0.009222746113197879,2,-0.02902334829804571,false,-0.02046086758776869,false,-0.015896240804657676,false
339,-0.002354732019062197,2,-0.02888512205767282,false,-0.020358780516049384,false,-0.01581341939002272,false
340,-0.004629475800965914,2,-0.028553493842487534,false,-0.02012257325289672,false,-0.01562808068331483,false
341,0.013278020796051539,2,-0.028228950704551118,false,-0.01989533428880791,false,-0.015452714214251932,false
342,0.004385592267172391,2,-0.02842531793803146,false,-0.020029684259392933,false,-0.015554003011468419,false
343,-0.006785726236695748,2,-0.028157354508250573,false,-0.019836830810872588,false,-0.01540119041603044,false
344,0.001036472426055162,2,-0.02799931097025812,false,-0.01973309827305337,false,-0.01532641087143791,false
345,-0.006004070381171273,2,-0.027590806026731435,false,-0.019442633245009056,false,-0.015098872485557045,false
346,-0.00485000264504192,2,-0.02753802732706818,false,-0.019405666149902405,false,-0.015070334498332226,false
347,0.0028168893348482346,2,-0.027440543551453637,false,-0.01934104588791963,false,-0.015023233653862494,false
348,-0.0032949312926917745,2,-0.027044910042958573,false,-0.019054616114463654,false,-0.014795019987471947,false
349,-0.000949683146932067,2,-0.02668705978385816,false,-0.01879450605632631,false,-0.01458701486880234,false
350,-0.0012509774850274612,2,-0.026367085431051897,false,-0.018569452788731556,false,-0.014412563680499679,false
351,-0.0026311917553119603,2,-0.02638148107284778,false,-0.018582573192372345,false,-0.014425004259398716,false
352,0.007724422394288817,2,-0.026375208692872583,false,-0.018577576504213694,false,-0.014420687637827057,false
353,0.003860616721865364,2,-0.026563956147484448,false,-0.018708283150502717,false,-0.014520452943966158,false
354,0.0011188370499585734,2,-0.026241558708799816,false,-0.0184775438877403,false,-0.014338576315627363,false
355,-0.0027133838206762715,2,-0.02589819173640262,false,-0.01823206373965487,false,-0.014145279271374319,false
356,0.005372846869625867,2,-0.025583836123612612,false,-0.01800701359868493,false,-0.013967837546976808,false
357,0.005636873939543554,2,-0.025343164588665253,false,-0.0178321730371321,false,-0.013828091233747864,false
358,0.0016144380363429763,2,-0.025121259246290918,false,-0.017669703682709287,false,-0.013697306984572475,false
359,-0.009156701995495368,2,-0.024806250143244123,false,-0.0174418843024843,false,-0.013515968122957796,false
360,-0.0029560488655954436,2,-0.02494487377769556,false,-0.017540733109367265,false,-0.013593613116441833,false
361,-0.009882315937985046,2,-0.02493642331088216,false,-0.017539713691814347,false,-0.013596555163752747,false
362,-0.004823346891190645,2,-0.025554366542536233,false,-0.01798489381246434,false,-0.013949635909197575,false
363,0.005727317289730806,2,-0.02555486598988401,false,-0.017992603449887304,false,-0.013961189272269928,false
364,-0.019145538918633458,2,-0.025387194499607434,false,-0.017876749147372195,true,-0.013872958520812589,true
365,0.010324290638934978,2,-0.02673957832058543,false,-0.018837170773037645,false,-0.014624426550525033,false
366,0.008064695681860282,2,-0.026864393459469588,false,-0.018923569257865817,false,-0.014690345259228159,false
367,0.009435531296723794,2,-0.026823218446578794,false,-0.01889268409146781,false,-0.01466494557192019,false
368,-0.004807520414939398,2,-0.026923154234909027,false,-0.018965105582342504,false,-0.014722699292631819,false
369,0.012407986108887882,2,-0.026708008848148942,false,-0.01881275649717167,false,-0.014603826683474598,false
370,-0.006186151818383855,2,-0.027304322592128387,false,-0.019228961258386197,false,-0.014924016012430007,false
371,-0.006284235720145649,2,-0.027359050065930278,false,-0.019265656234937315,false,-0.014951097931421943,false
372,0.007414935360867074,2,-0.027393420648297015,false,-0.01928851087356109,false,-0.014967813463048513,false
373,-0.0003567509231493381,2,-0.027302166028741477,false,-0.019219089824541173,false,-0.014910031809690905,false
374,0.002293647641725666,2,-0.026944270553808145,false,-0.018965387567115,false,-0.01471187457097419,false
375,-0.006940282190283054,2,-0.026588626485826737,false,-0.01871648227001035,false,-0.01451987131766108,false
376,0.003927125657901321,2,-0.026504178540043326,false,-0.018663510970515333,false,-0.014483680101830144,false
377,-0.0002982639504494513,2,-0.026937835823552057,false,-0.018965250248060117,false,-0.014715094378528516,false
378,0.0054782325304232795,2,-0.026553154302753876,false,-0.018692514467932624,false,-0.014502036458522482,false
379,-0.007535296215369181,2,-0.0262912894511459,false,-0.0185040785612461,false,-0.014352745250666252,false
380,-0.0007631265889252684,2,-0.02625553393655339,false,-0.01848223222209366,false,-0.014338313841473136,false
381,-0.0007370349304160622,2,-0.02596526807465838,false,-0.01827616068226967,false,-0.014177125983203023,false
382,0.0045485930040876565,2,-0.02566556967099683,false,-0.018062487208064224,false,-0.014009312080574678,false
383,-0.001378277595431595,2,-0.02543404041504068,false,-0.01790263173182823,false,-0.013887665631094772,false
384,0.0020697801915057447,2,-0.025216057206250614,false,-0.017750177038235577,false,-0.013770143946480299,false
385,0.005338067717839973,2,-0.0251055836315427,false,-0.017669045020629357,false,-0.01370465380439315,false
386,-0.00332635267169458,2,-0.02492390114375828,false,-0.017537609382607944,false,-0.013600004576053207,false
387,-0.006408864318315779,2,-0.024717990259067915,false,-0.017395662874249394,false,-0.013492157240031333,false
388,0.008487974289449338,2,-0.02472143494107896,false,-0.017397865122390933,false,-0.013493697151274386,false
389,-0.013686840248031377,2,-0.024755922245240355,false,-0.01741563185957498,false,-0.013502550216073514,true
390,0.004651362979662127,2,-0.025438777208610687,false,-0.017899472971567465,false,-0.013880297780302546,false
391,-0.01113465316699904,2,-0.025228914172258296,false,-0.017752765626328645,false,-0.013767258500302915,false
392,-0.0018098354853852533,2,-0.025581073640268345,false,-0.018006145003944412,false,-0.013967978577243039,false
393,0.005122011893092776,2,-0.02544690255994653,false,-0.017915913921872462,false,-0.013901171745647993,false
394,-0.005530664020849741,2,-0.025579051801518593,false,-0.018012023220381094,false,-0.013978068283867228,false
395,0.0029425164152649197,2,-0.02549740419609137,false,-0.01795545447656571,false,-0.013934868988378415,false
396,-0.012397334337065406,2,-0.02528885279305904,false,-0.017807162542485516,false,-0.013818701154219973,false
397,-0.0057628861253550285,2,-0.02580649494016406,false,-0.01817527689108082,false,-0.014107102786723802,false
398,0.00167785360505689,2,-0.025876226704627362,false,-0.018220895024249846,false,-0.014139866032276922,false
399,-0.0017325611409377334,2,-0.025674863185954036,false,-0.018078813158197555,false,-0.01402938699587846,false
400,-0.0024862335942611043,2,-0.025674015720563704,false,-0.018087642360046,false,-0.014043374793225562,false
401,0.02456197795599649,2,-0.02543199330863646,false,-0.0179173366792065,false,-0.01391130103635727,false
402,0.011354307010062762,2,-0.028300237540934466,false,-0.019938256355041758,false,-0.015480515126476545,false
403,0.0024747805241950374,2,-0.028580915159067258,false,-0.020135791586326484,false,-0.015633727458982307,false
404,-0.004229100166588003,2,-0.028082128865556607,false,-0.019781927782134705,false,-0.015357121297593281,false
405,-0.002088442345168824,2,-0.027691528542811386,false,-0.019507225158734164,false,-0.015144203308859964,false
406,0.012738845303866956,2,-0.027277445361862645,false,-0.01921705351695518,false,-0.014920088450105548,false
407,-0.004934121757436075,2,-0.0276125878626057,false,-0.019455302756714324,false,-0.015106684250965929,false
408,-0.0021507437964166246,2,-0.02752942885044919,false,-0.019393627261798597,false,-0.015056461539596331,false
409,0.006176650551847247,2,-0.02742500544863343,false,-0.019321042324247535,false,-0.015000849569533691,false
410,-0.00464710168418874,2,-0.027134585997425104,false,-0.019112450844821646,false,-0.01483588027907898,false
411,0.00816480281758599,2,-0.026919237679598185,false,-0.018960497830670865,false,-0.014717723066737862,false
412,-0.00010342617024480198,2,-0.02676163792914317,false,-0.018842069084783242,false,-0.014620176238441604,false
413,0.004611086351108982,2,-0.0265734177129288,false,-0.018707787542620303,false,-0.014514649203827527,false
414,0.013991255557365734,2,-0.026262473134478603,false,-0.01848309547335423,false,-0.014335938028049458,false
415,-0.007715549554114733,2,-0.02670753771922404,false,-0.01878747824748706,false,-0.014565323849506168,false
416,0.015759016457544642,2,-0.026601954079574757,false,-0.018710656985959473,false,-0.014503835705326536,false
417,-0.0023461354343060907,2,-0.02724029716877501,false,-0.019157201124531478,false,-0.014848132533027577,false
418,-0.0027560696798255785,2,-0.02690243062629248,false,-0.018922373077205016,false,-0.014668233926198001,false
419,-0.007172022919420597,2,-0.026539335841742274,false,-0.018658505520100097,false,-0.014457264036876081,false
420,-0.006801537730335377,2,-0.0264804477240461,false,-0.018621707752756053,false,-0.01443224255356438,false
421,0.014383849433160848,2,-0.026353350248267203,false,-0.018534735631499558,false,-0.014366661110328907,false
422,0.010020604973921016,2,-0.026877468769983204,false,-0.018907127277411208,false,-0.014658167720180502,false
423,0.011385998821676199,2,-0.026967305369336628,false,-0.01896789981384419,false,-0.014703446312215636,false
424,0.0028149476726244014,2,-0.027147378501540205,false,-0.01909843901062773,false,-0.014807579151315961,false
425,0.005924016284540044,2,-0.027100872777900197,false,-0.019069008334494,false,-0.014787251119825451,false
426,-0.005737101706098979,2,-0.026893534666470573,false,-0.01892009723527294,false,-0.014669487244616732,false
427,0.00018877782919626384,2,-0.02685479642256562,false,-0.018896456108592467,false,-0.014653894335265136,false
428,0.0045737113447199655,2,-0.0264325971232554,false,-0.018591138243813612,false,-0.01441088553074144,false
429,-0.0005091885164730174,2,-0.02622585082205588,false,-0.01843973118140076,false,-0.014288979611755334,false
430,-2.991023262335999e-6,2,-0.02601643649502148,false,-0.01828774239564038,false,-0.01416760416955781,false
431,-0.002721828351580234,2,-0.02574477597013612,false,-0.018098057565205543,false,-0.014021620278501888,false
432,0.011744193795903461,2,-0.025671076300797704,false,-0.01804903548999354,false,-0.01398575373740478,false
433,0.007917140308786116,2,-0.025909783772821368,false,-0.01821616005215997,false,-0.014114717715202809,false
434,-0.006919814676140727,2,-0.025967376124085333,false,-0.018261345914463382,false,-0.014153289724148775,false
435,-0.0045731570228316875,2,-0.026154791310359603,false,-0.018393731455262425,false,-0.014256339164569826,false
436,0.010766582162698062,2,-0.02596990545268827,false,-0.0182661006061412,false,-0.01415923074864736,false
437,0.004552364838683634,2,-0.026117922395757803,false,-0.018369351003390454,false,-0.014238616265968371,false
438,-0.0013027488838156123,2,-0.025884230116313404,false,-0.01820269643738698,false,-0.01410769925694225,false
439,-0.0028838705215984456,2,-0.02559233548716189,false,-0.017992629291167028,false,-0.013941254039088882,false
440,-0.0017717962848752852,2,-0.0253256341431683,false,-0.017805934222668667,false,-0.013797210020011766,false
441,0.0012405310368454653,2,-0.025040106509905034,false,-0.0176041201074015,false,-0.013640023271425234,false
442,0.0037869343600376044,2,-0.024767158748976052,false,-0.01741598047423902,false,-0.01349709453736164,false
443,0.0021298390121755363,2,-0.024568273576834235,false,-0.017270749824363565,false,-0.013380466914769872,false
444,0.0002663793528206956,2,-0.02451292861782856,false,-0.017228161746134285,false,-0.013344679482478512,false
445,-0.004353541603616902,2,-0.02427618567981092,false,-0.017062418887174354,false,-0.01321678650294439,false
446,0.00486423738997795,2,-0.02415492221002008,false,-0.016979091790585214,false,-0.013153683146534045,false
447,-0.0035167346801818922,2,-0.023985847717490662,false,-0.016859724775661136,false,-0.013060815003990015,false
448,-0.006591861070270006,2,-0.02413094790122493,false,-0.016971480821010063,false,-0.013154795412548215,false
449,0.0026175436163460575,2,-0.024328198976812362,false,-0.017114001456454444,false,-0.013268139452870037,false
450,-0.0017146677492579766,2,-0.024091038241196808,false,-0.01694811746054432,false,-0.013140252823153308,false
451,-0.0020434557810651752,2,-0.023861408608550395,false,-0.016782364612948086,false,-0.013008552453305622,false
452,-0.010232700725825173,2,-0.02362310661160716,false,-0.01660805462541274,false,-0.012868356369197554,false
453,-0.010988721775162242,2,-0.023993093909304493,false,-0.01687177039801041,false,-0.01307541918499852,false
454,-0.02627973150721544,2,-0.024457794627238804,true,-0.017202779105195364,true,-0.01333515717595026,true
455,-0.014743735509153942,2,-0.027612029945787257,false,-0.019447695357053253,false,-0.015095318798086482,false
456,0.004070652538801796,2,-0.02931779432177151,false,-0.020649247295130877,false,-0.01602807695124102,false
457,0.016604388394276342,2,-0.0287143505717157,false,-0.02021697764068846,false,-0.01568705957377879,false
458,0.0007551417396673214,2,-0.029341834891225636,false,-0.020658638460722203,false,-0.01602965857383992,false
459,-0.01369655584042834,2,-0.028727494088577315,false,-0.020222751485628104,false,-0.015688904673886644,false
460,0.006806348485608326,2,-0.029168642894670794,false,-0.020544490425351922,false,-0.0159469866556982,false
461,-0.009405819408422725,2,-0.02891189763992711,false,-0.02036708951409892,false,-0.015811883920364152,false
462,-0.021052672561639656,2,-0.029343858734749578,false,-0.020679198214187643,true,-0.016060099752307194,true
463,0.004016174724309068,2,-0.03118919548422247,false,-0.02198884034279775,false,-0.01708416506075304,false
464,0.0037401604778276973,2,-0.03051540911354954,false,-0.021505065171441212,false,-0.01670168415665828,false
465,0.009322948091512698,2,-0.030150679969260012,false,-0.021240333972881737,false,-0.01649026149294755,false
466,-0.0007400650954031435,2,-0.03005769979790175,false,-0.02116861390216449,false,-0.01642987510321379,false
467,-0.004318340169765151,2,-0.02975980084598534,false,-0.020960408880025483,false,-0.01626948558314687,false
468,-0.002864868670463817,2,-0.02930688311848203,false,-0.020638712547486057,false,-0.016017742890707377,false
469,-0.018021475330805677,2,-0.029161024059945882,false,-0.02053659678952249,false,-0.015938946524416787,true
470,0.0030131422967959514,2,-0.03003378144002832,false,-0.02115785370754921,false,-0.016426129476742605,false
471,0.003170342665579461,2,-0.029426149417434325,false,-0.020724109909914582,false,-0.016085084848399475,false
472,0.005208777272627358,2,-0.02892966434791891,false,-0.020373116328578106,false,-0.0158116522410526,false
473,0.01701525172839338,2,-0.028567092752873648,false,-0.020113865419129347,false,-0.015607481206780337,false
474,-0.006284889168221812,2,-0.029350950384095662,false,-0.020664305171440987,false,-0.016033486751555318,false
475,0.008465860068265014,2,-0.02907161944486822,false,-0.020468622850529392,false,-0.01588239719954497,false
476,0.015580136061711512,2,-0.028907171235734275,false,-0.02034453794686131,false,-0.01577982982466539,false
477,0.011619895753465137,2,-0.029441652084460618,false,-0.020714354150923903,false,-0.016061863915962284,false
478,0.001647869266862712,2,-0.029417858021267042,false,-0.020694317257023344,false,-0.01604382995510927,false
479,-0.005353240886717564,2,-0.028848843111094827,false,-0.020291782537338477,false,-0.015730045208950636,false
480,0.007347655241264325,2,-0.028455450275268263,false,-0.02001877764538855,false,-0.015521218684412783,false
481,0.006627802032126094,2,-0.028172234127630855,false,-0.01981746816089611,false,-0.015363573338965713,false
482,0.0009265523552006924,2,-0.027822354743681794,false,-0.01956829543767581,false,-0.015168086963937523,false
483,-0.0027657412564951337,2,-0.02742446620002379,false,-0.01928713554548466,false,-0.014949154683915184,false
484,0.003936698146571172,2,-0.02699946090404281,false,-0.018987285031723172,false,-0.014716023721447726,false
485,-0.004027175450967294,2,-0.026594280805537846,false,-0.018698785286869832,false,-0.014489725841376614,false
486,-0.0033795574731998778,2,-0.026290125701838696,false,-0.018488196635069697,false,-0.014329017118862196,false
487,-0.0028408480437379837,2,-0.02597679431149112,false,-0.018267325976408635,false,-0.014157436934133034,false
488,0.0014418584035977653,2,-0.02562649403385395,false,-0.01802115545092596,false,-0.013966777594215147,false
489,0.00031233826195047575,2,-0.025245957734224174,false,-0.017752104620923193,false,-0.013757159255543584,false
490,-0.0069462895166005085,2,-0.024946150231672213,false,-0.017539622012293317,false,-0.013591229224737402,false
491,0.0018228083158351913,2,-0.025201355682281112,false,-0.0177182431909787,false,-0.013729023611443264,false
492,0.004760575426620319,2,-0.025079233072367597,false,-0.01762796971092639,false,-0.01365572878466941,false
493,-0.008269497056853854,2,-0.024944128192432705,false,-0.017524670311958753,false,-0.013569384769916372,false
494,-0.003219800845364151,2,-0.025068008305326503,false,-0.01761709204253095,false,-0.013645036153277607,false
495,-0.01790139854347614,2,-0.024827972290896685,false,-0.017449177532172296,true,-0.013515569349869852,true
496,-0.005415378621416775,2,-0.026324559010491605,false,-0.01851664713468698,false,-0.01435427820512063,false
497,0.010010308570057726,2,-0.02713929494872588,false,-0.019084160497092956,false,-0.014789998127144178,false
498,-0.002887273066734516,2,-0.02710486417008692,false,-0.01905837331117918,false,-0.014768818808528521,false
499,-0.000604917441146231,2,-0.02701745680329694,false,-0.01899316054977834,false,-0.014715437909134483,false
500,-0.00461398136426422,2,-0.026625753435812978,false,-0.018715936455832662,false,-0.01449924229230721,false
501,0.004925537837267605,2,-0.026572197918904864,false,-0.018681195993045272,false,-0.014474532065250694,false
502,0.016439463612605253,2,-0.026211077595542146,false,-0.01842404715268783,false,-0.014272810037760228,false
503,0.0010811672200830708,2,-0.027173783382093433,false,-0.019106404505991808,false,-0.01480571467866651,false
504,0.0003217978160244882,2,-0.02664690294990927,false,-0.018732916382834343,false,-0.014513999427857374,false
505,0.0076669604147274395,2,-0.0261884237387556,false,-0.01841073092430984,false,-0.014264471664535042,false
506,0.00389483984664563,2,-0.026097397652347542,false,-0.018339518121318885,false,-0.01420382124961914,false
507,-0.0006940531183868474,2,-0.02570930228095123,false,-0.018062740995856637,false,-0.013986387469156163,false
508,0.004845256015559201,2,-0.02531024539020315,false,-0.01778331191710587,false,-0.013770731534325299,false
509,0.010717684167712412,2,-0.025008557536590623,false,-0.01756275680553318,false,-0.01359342798732055,false
510,0.0004546782250741449,2,-0.025337351010000793,false,-0.01779108295424879,false,-0.013768195376998272,false
511,0.0034337177058692764,2,-0.024945045759100583,false,-0.01750817779933975,false,-0.013543611008451624,false
512,0.00572330349597581,2,-0.024642778116136937,false,-0.01729341033278337,false,-0.013375489562163199,false
513,0.006477720988864858,2,-0.024557911611574845,false,-0.01723079620473868,false,-0.013324738093700014,false
514,5.052001873345931e-5,2,-0.02452403977116605,false,-0.0172107277307366,false,-0.013312028143253095,false
515,-0.004632657325155189,2,-0.024348657322372208,false,-0.01708615164122323,false,-0.013214536735874619,false
516,-0.0049446057211412165,2,-0.02433610730819425,false,-0.017080512779753674,false,-0.013212582184340738,false
517,0.00820410899776633,2,-0.024187377141369707,false,-0.016972711529146964,false,-0.013126599987521493,false
518,0.00014042056147697975,2,-0.02425849153662448,false,-0.01702629905679222,false,-0.01317084400689835,false
519,0.00027273105744837994,2,-0.02392040706404479,false,-0.01678370101277723,false,-0.012979149424625106,false
520,-0.007998140028252639,2,-0.023612648042841414,false,-0.016561504997020405,false,-0.012802566730465152,false
521,0.006338778156556222,2,-0.023784171585999568,false,-0.01668111375645434,false,-0.012894499910794709,false
522,-0.010496798023675582,2,-0.02387935388995902,false,-0.016747828250253963,false,-0.012946038320336865,false
523,0.006796088992262972,2,-0.02438859923607055,false,-0.017110339554331083,false,-0.013230326249561825,false
524,-0.00738608852681665,2,-0.024372345833816113,false,-0.01709322913578859,false,-0.013212758958807363,false
525,-0.009848586659148475,2,-0.024460271966813798,false,-0.017158266102312195,false,-0.013265593795379862,false
526,-0.0009947488772181485,2,-0.024922549665016197,false,-0.017485523413640867,false,-0.01352087223807878,false
527,0.010690717793178768,2,-0.024573010457308208,false,-0.017238142368138264,false,-0.013327951330834517,false
528,-0.0032117770547674934,2,-0.025266427744311194,false,-0.01771928751255074,false,-0.013695934981497406,false
529,0.0025342370195017222,2,-0.024936711514346316,false,-0.01748715829799572,false,-0.013515829043758537,false
530,-0.01117392166696136,2,-0.024845474573827235,false,-0.017419284768839548,false,-0.013460410462748871,false
531,-0.0012081623798936925,2,-0.02568765148585379,false,-0.018008334146077356,false,-0.01391451848783242,false
532,0.008799593526009463,2,-0.025777452012784047,false,-0.018056575910745578,false,-0.01394060543011762,false
533,-0.002521595715035357,2,-0.025759394652578232,false,-0.01804939476708484,false,-0.01393922235725206,false
534,-0.0018113504699288456,2,-0.025429100612248706,false,-0.017817562261954144,false,-0.013759879332201056,false
535,0.007844475829938337,2,-0.026034326308598355,false,-0.018257342976349684,false,-0.014111461938908876,false
536,0.0009886685941201696,2,-0.02584737323204913,false,-0.018122325611569276,false,-0.014004131309895982,false
537,0.009274549188521913,2,-0.025541622659261694,false,-0.017899644614878297,false,-0.01382573439684171,false
538,-0.010419819547579293,2,-0.025527916015887702,false,-0.01787850019818122,false,-0.013800624930707904,false
539,-0.004032632650732813,2,-0.026423131940409107,false,-0.018508675304865062,false,-0.014289507758126591,false
540,0.004358816199300248,2,-0.026713351960071612,false,-0.018712423391557837,false,-0.014447157977323176,false
541,0.007430963583533699,2,-0.026311744043192222,false,-0.01842249659782673,false,-0.014216767977091494,false
542,0.004448446123805794,2,-0.02602896808548246,false,-0.01822632422790297,false,-0.014066763659359317,false
543,-0.004470500327401499,2,-0.0256343806022369,false,-0.017951554170837977,false,-0.013855867828833694,false
544,0.012224727100299485,2,-0.025345885598487272,false,-0.017742186307028854,false,-0.013688682350534638,false
545,0.005791547570852629,2,-0.025697642575845996,false,-0.017984021044071676,false,-0.013871917948007625,false
546,0.0011855006484918277,2,-0.02548767913454642,false,-0.01784214719948724,false,-0.013766342415481761,false
547,0.013112102301665911,2,-0.025015325426961717,false,-0.017504247599084283,false,-0.013500119802100159,false
548,9.370784716309852e-5,2,-0.02586796953383356,false,-0.018106889959591487,false,-0.013969487156695715,false
549,0.008059443197540376,2,-0.025560265397388655,false,-0.01788876927623687,false,-0.013799123080700066,false
550,0.0008088356185619571,2,-0.02552853840063922,false,-0.017866985795784728,false,-0.013782640451992264,false
551,-0.00029754928527622846,2,-0.02506319970438095,false,-0.017528820649415796,false,-0.013512271054492164,false
552,0.0026216645851473465,2,-0.024659009108750442,false,-0.017240206374211118,false,-0.01328527008804227,false
553,0.00013183117516146411,2,-0.024415963808597386,false,-0.017059930211238448,false,-0.013138455919837366,false
554,0.007070559528387364,2,-0.024124792589205676,false,-0.016854239973939728,false,-0.012978335277789228,false
555,0.004310999931445648,2,-0.024133335552004344,false,-0.016866554983978845,false,-0.012992661152254621,false
556,0.000722263144943198,2,-0.02405674680895771,false,-0.016808210897368638,false,-0.012944043224480412,false
557,-0.00804979290447374,2,-0.023698751579113407,false,-0.016546886022455205,false,-0.012734252958073677,false
558,0.007173287620405764,2,-0.024068066926476613,false,-0.016816405249606366,false,-0.012950571242812944,false
559,-0.0035904956940223443,2,-0.02440420057894038,false,-0.017062717293299747,false,-0.013148999719235527,false
560,-0.004724231332004933,2,-0.02418541588915608,false,-0.016910477268910106,false,-0.013032234409734184,false
561,-0.0011076191918075844,2,-0.024081479679480385,false,-0.016846352945732123,false,-0.012989333655933182,false
562,-0.0013843694043867716,2,-0.023955081353145093,false,-0.016762051065112502,false,-0.01292747323475614,false
563,0.003107642797999429,2,-0.02373744810182215,false,-0.016614882735995765,false,-0.012817869494927909,false
564,0.009991149351759236,2,-0.023568906722120052,false,-0.016493487097665446,false,-0.012721607076870652,false
565,-0.003339824795103745,2,-0.02418223026378947,false,-0.016929435786468487,false,-0.013062997887946445,false
566,0.005150008334759535,2,-0.023943381989117486,false,-0.016759297380638548,false,-0.01292948845895076,false
567,-0.004084220229107245,2,-0.02380981773458447,false,-0.01665474319950351,false,-0.01284039944059892,false
568,0.00476300404272941,2,-0.0240251256752389,false,-0.016808803800935405,false,-0.012961809312123308,false
569,0.004770275844570669,2,-0.023828067899543334,false,-0.016670504257182663,false,-0.01285483356439764,false
570,-0.0067255901843950045,2,-0.023690137383804925,false,-0.016573730434201517,false,-0.012780000222034286,false
571,0.009637676041389931,2,-0.02379561983403783,false,-0.016651960389642374,false,-0.012843701973343244,false
572,0.001400712227660944,2,-0.02391975612444519,false,-0.016737004255264847,false,-0.012907905811965636,false
573,-0.005399290831690766,2,-0.023797986658472246,false,-0.016648208944438223,false,-0.012836688901234052,false
574,-0.020150061454276155,2,-0.02373554709906135,false,-0.016609105501656875,true,-0.012810025855877859,true
575,-0.006049308645307854,2,-0.025750178380063278,false,-0.01805488930431591,false,-0.013952559172724692,false
576,0.00018752949834826985,2,-0.026410185474192008,false,-0.018520817054603365,false,-0.014315023942957403,false
577,-0.009065793301158009,2,-0.02598327018304572,false,-0.018216670397216875,false,-0.014076324789950495,false
578,-0.005146991246054542,2,-0.02602065065969062,false,-0.01824197950651167,false,-0.014095198697978335,false
579,-0.0063034515798238,2,-0.025771369692050773,false,-0.018060706554902058,false,-0.01395018056806604,false
580,0.007553693235686165,2,-0.026233257886694308,false,-0.018387358166744337,false,-0.014204738058029588,false
581,0.004090623941914919,2,-0.026014765475485313,false,-0.018226748951283907,false,-0.014074986160038949,false
582,0.0043934283887506215,2,-0.025708307510799257,false,-0.018016453146833044,false,-0.013915954047382979,false
583,-0.014466267692836059,2,-0.02565752104075904,false,-0.017977031883262058,false,-0.013882591533326343,true
584,-0.005262840453274675,2,-0.026382677231210776,false,-0.01849431026940002,false,-0.014289051031189779,false
585,0.015333093771360055,2,-0.026049371603078263,false,-0.01825591472793836,false,-0.014101251705738884,false
586,0.007942584775324077,2,-0.026664252841129336,false,-0.01868399853773517,false,-0.014429754497735295,false
587,-0.00034176039531902164,2,-0.02642197803273452,false,-0.018507442697280486,false,-0.014288233195911205,false
588,-0.00019019284207862455,2,-0.02594134787551673,false,-0.018171754050835622,false,-0.014029812332535868,false
589,-0.004452679961773449,2,-0.025523929574572824,false,-0.017876978127345643,false,-0.013800416606655994,false
590,0.0033341305514319897,2,-0.02519824193332151,false,-0.017643620907816533,false,-0.013616280393298992,false
591,-0.009728028133439263,2,-0.024822069560061753,false,-0.017373853582130994,false,-0.013403237204747277,false
592,-0.003046728214139014,2,-0.025119575794694034,false,-0.017595859674493196,false,-0.013584994450636627,false
593,-0.01608669501270032,2,-0.02478942558204929,false,-0.01736292674174474,false,-0.013403887690070157,true
594,-0.0112444514348956,2,-0.026338916893285106,false,-0.01846619575251925,false,-0.014269277243614202,false
595,-0.044635902437383086,2,-0.026852200059365353,true,-0.018829718092575574,true,-0.01455296264147349,true
596,-0.013798960301391319,2,-0.034830019431619494,false,-0.02449987875561862,false,-0.018992918985609102,false
597,-0.04094474752837505,2,-0.034756738839893074,true,-0.024456719404729932,true,-0.01896581715675412,true
598,0.013432936347107065,2,-0.04336080695284111,false,-0.030521013792499798,false,-0.023676167569494016,false
599,0.013465092600366192,2,-0.04201971369483375,false,-0.029571282185761792,false,-0.022935069410901766,false
600,-0.01155911563128568,2,-0.04134444198307677,false,-0.02907993582694776,false,-0.02254177297716715,false
601,-0.01996076309384285,2,-0.04048838670542151,false,-0.028481657649181584,false,-0.022080914817505553,false
602,-0.027891570507067226,2,-0.042329474436828,false,-0.029806335318274788,false,-0.023130296193239048,true
603,-0.07955020403704907,2,-0.043679234181604805,true,-0.03077030912862529,true,-0.023888608949461133,true
604,0.027117348602834435,2,-0.06614872950392123,false,-0.04667630820316073,false,-0.03629563246104896,false
605,-0.03912921982274904,2,-0.06441552588383698,false,-0.045452790698225796,false,-0.035343826738121066,true
606,-0.0816708188725755,2,-0.06558147933507172,true,-0.04628735438031666,true,-0.03600172776051479,true
607,0.040412964738634836,2,-0.08536129370720863,false,-0.06029088696029193,false,-0.04692594589092273,false
608,-0.08176744085712082,2,-0.08356393683450741,false,-0.05901377818071532,true,-0.045926179444729556,true
609,0.03539502078775265,2,-0.09872295345283846,false,-0.06974557562867703,false,-0.05429784273489805,false
610,-0.08271564342744213,2,-0.09471614046301213,false,-0.06689729081101642,true,-0.052067164998945564,true
611,-0.018240997091147307,2,-0.10689286244047216,false,-0.07552390284690688,false,-0.05880122656137016,false
612,0.00560036729025424,2,-0.10087400882286206,false,-0.07127466467790154,false,-0.055495363839951316,false
613,-0.0709122054588062,2,-0.09324541038843974,false,-0.06588061280884766,true,-0.051292540476457406,true
614,0.07158565716456779,2,-0.10068459828977373,false,-0.07115526768543769,false,-0.05541329080692499,false
615,0.06825210292603635,2,-0.10610725442078675,false,-0.0749667982320438,false,-0.05836593626609232,false
616,0.03982322226875655,2,-0.10968129437094085,false,-0.07747483741167538,false,-0.060305694379454884,false
617,-0.05518603474616807,2,-0.10512552760483813,false,-0.074244791320245,false,-0.057782385074160586,false
618,0.04977052969504302,2,-0.10508959057642367,false,-0.07424414553872136,false,-0.05780055292576707,false
619,-0.027279424980793967,2,-0.10447565881161049,false,-0.07378126000226859,false,-0.057418189574740604,false
620,0.007375033096938011,2,-0.09839534300669711,false,-0.06949130494681033,false,-0.05408266920998883,false
621,-0.013194811332305826,2,-0.09354919669064445,false,-0.06605783203830196,false,-0.051402287267761505,false
622,-0.03107789341880508,2,-0.08783374761112137,false,-0.06201531193777407,false,-0.04825159941563783,false
623,0.06519741758492922,2,-0.0838671188784195,false,-0.05921417700709539,false,-0.04607178491816953,false
624,0.01545493799593231,2,-0.09011246749195906,false,-0.06361675109105391,false,-0.04949198271918186,false
625,0.010926672245289823,2,-0.0839033098443495,false,-0.05921874236865162,false,-0.04605949078705756,false
626,0.03903739509727036,2,-0.07843236894289395,false,-0.05534394580492317,false,-0.04303559286359763,false
627,-0.000579385863139787,2,-0.07816258792308509,false,-0.05512539512080701,false,-0.042844352881872896,false
628,0.018735228164552212,2,-0.07234720924988568,false,-0.05100954503592415,false,-0.039634515198697574,false
629,-0.022672638049465746,2,-0.06786526274034084,false,-0.047831471612230045,false,-0.037151531692380856,false
630,-0.01169409314001859,2,-0.06477101155083645,false,-0.04565381486117289,false,-0.03546250804480796,false
631,0.015615565240335558,2,-0.06026887756436827,false,-0.042470694396034486,false,-0.03298254880717703,false
632,-0.012683499708399174,2,-0.05633128965166117,false,-0.03967164436393814,false,-0.030790449106330452,false
633,-0.036924918486645975,2,-0.0528633350729235,false,-0.037217711328092734,false,-0.028877087202841815,true
634,0.02412488187527262,2,-0.05629480602269168,false,-0.03964624560313889,false,-0.030770959647735678,false
635,-0.005497835572381942,2,-0.055403309572874426,false,-0.039027014079957345,false,-0.030296871549488385,false
636,-0.0338521756943743,2,-0.05237033320123494,false,-0.036895655507210995,false,-0.02864616208909771,true
637,0.02986335511012735,2,-0.053536965741071675,false,-0.0377622050553214,false,-0.029352738504708563,false
638,0.007606631583887432,2,-0.05435769952251274,false,-0.03833487894472278,false,-0.02979317258355353,false
639,0.029110182801294945,2,-0.05089392627955295,false,-0.03588695963019878,false,-0.027886801239339235,false
640,0.01808177231531663,2,-0.05183304703947838,false,-0.03654858555959975,false,-0.02840049570139494,false
641,-0.06258974444153978,2,-0.051716130475412486,true,-0.03646033598597982,true,-0.028327528394305995,true
642,0.0027402175284753946,2,-0.06723605251014905,false,-0.047432833011222066,false,-0.03687580997371221,false
643,0.019676941657540532,2,-0.062483176544150046,false,-0.04406339765005368,false,-0.03424388167986763,false
644,-0.013609133188532107,2,-0.059743487737209874,false,-0.04211944897635207,false,-0.03272413912673778,false
645,-0.016315917991127065,2,-0.056440773378650576,false,-0.03980029872764664,false,-0.03092932326553726,false
646,0.027427308604810123,2,-0.05423905112772444,false,-0.03824822501189869,false,-0.02972357478001423,false
647,-0.002421970650482835,2,-0.05358551465966471,false,-0.03778390099261329,false,-0.029360119217032236,false
648,-0.007567926361443287,2,-0.050381417745972365,false,-0.03551325348635167,false,-0.027587090135851953,false
649,-0.008743409594866412,2,-0.047306832994255005,false,-0.03333844259694213,false,-0.025891945363027535,false
650,-0.016092149382676158,2,-0.044653596339484826,false,-0.03146591984903078,false,-0.024435618310006065,false
651,0.008154643135787922,2,-0.045065186574311286,false,-0.03175381227992906,false,-0.024657567899346196,false
652,0.03333311974218632,2,-0.04281966433631999,false,-0.030169587079657504,false,-0.02342587770290179,false
653,0.02403644865621932,2,-0.04551231713007473,false,-0.03207746570106973,false,-0.024915396116918877,false
654,0.008752899871280185,2,-0.047182181274875654,false,-0.03324754294379792,false,-0.025819038811501323,false
655,0.002904363320784772,2,-0.044469984789416786,false,-0.0313241012491346,false,-0.024316079377201084,false
656,-0.014571308405991548,2,-0.042924906502956106,false,-0.030244166498876523,false,-0.023484110924933372,false
657,0.06965374432629477,2,-0.04186425260933593,false,-0.029492207191703947,false,-0.02289671555954099,false
658,0.005415949307969437,2,-0.062236310816123366,false,-0.04386865097390337,false,-0.03407691947741777,false
659,0.01488196232461117,2,-0.059124050839483765,false,-0.041670746952245395,false,-0.032366455231991546,false
660,-0.020508420607146565,2,-0.05745629893879211,false,-0.040480529847888844,false,-0.03143081016055092,false
661,0.03173118736225183,2,-0.05586436258857705,false,-0.03935860922222809,false,-0.030559453178462415,false
662,0.03141227559331803,2,-0.0563845112773408,false,-0.03971791196349669,false,-0.03083300954029565,false
663,0.036530195311208116,2,-0.05657562287230622,false,-0.03986435917728616,false,-0.030955646337750744,false
664,0.01080371857431087,2,-0.05789649818761109,false,-0.040805707079611044,false,-0.03169466958057199,false
665,0.010838908211709576,2,-0.055059168425374005,false,-0.038801204817110434,false,-0.030134144576489694,false
666,0.008997959897007145,2,-0.05224261498704163,false,-0.036812740152846725,false,-0.028587130973525374,false
667,0.019472730334921588,2,-0.049529244920788494,false,-0.03489195500457257,false,-0.027088869912243258,false
668,-0.004349190195334426,2,-0.048871427175698805,false,-0.03442112174283124,false,-0.02671771738668083,false
669,-0.055763693291486845,2,-0.04621454310618145,true,-0.03254482137789032,true,-0.025257543306274846,true
670,-0.01610017771846236,2,-0.05711790068251993,false,-0.04028386984228338,false,-0.03130971029190532,false
671,-0.02244266429049146,2,-0.05683998006927282,false,-0.04008793723692128,false,-0.031157485190168494,false
672,0.03239953106738698,2,-0.05546774256432485,false,-0.03911500728249129,false,-0.030397424613371683,false
673,0.01624425501546737,2,-0.05716830836851297,false,-0.04030086115778627,false,-0.03130888746394968,false
674,-0.01481540397839146,2,-0.05500853352499097,false,-0.03878102876021831,false,-0.030130206016356458,false
675,0.0002689626578687176,2,-0.05275549746527897,false,-0.03719104389440174,false,-0.02889369128853345,false
676,0.007711258074778987,2,-0.049491787900195636,false,-0.03488215257759579,false,-0.027093810046793603,false
677,0.012900659238804763,2,-0.046678940624954465,false,-0.03289157385496562,false,-0.025541579646940163,false
678,-0.014807082828739025,2,-0.04462613530833775,false,-0.03142960952191444,false,-0.024394590455953342,false
679,-0.0206520207310008,2,-0.04329820535040162,false,-0.030494603133094794,false,-0.023669050167904247,false
680,-0.006063049767635881,2,-0.044426351596319254,false,-0.03129386646812768,false,-0.024292987240101843,false
681,-0.003107776104630017,2,-0.04408880791190312,false,-0.03105900658109621,false,-0.024112867705497792,false
682,0.009144972618942353,2,-0.0425964150031336,false,-0.030009454446324354,false,-0.02329939234871123,false
683,0.01790518035521578,2,-0.04167350638648596,false,-0.02935474689968525,false,-0.02278766180007582,false
684,0.012172073812323658,2,-0.04093609238444193,false,-0.028826968076158175,false,-0.022371638714508223,false
685,0.01456886456908921,2,-0.03972539559423246,false,-0.027962087883076744,false,-0.02169111206973906,false
686,-0.006207124233293365,2,-0.038662143723277566,false,-0.027203432373215868,false,-0.02109483575288695,false
687,-0.009782673630075636,2,-0.03691465513064307,false,-0.025969942064959613,false,-0.020135356028097472,false
688,0.005448058994577268,2,-0.0365761284348188,false,-0.025729435329322443,false,-0.019947103370535183,false
689,-0.0045388432376497435,2,-0.03486839337380542,false,-0.024524407534139182,false,-0.01901006695861058,false
690,0.008282591210605145,2,-0.03339100063346056,false,-0.023482584788583862,false,-0.018200444965548575,false
691,-0.0072799841740626035,2,-0.03328229257668683,false,-0.023406803817123005,false,-0.01814221730142873,false
692,0.030246805258007676,2,-0.032281972034760666,false,-0.022705223351194556,false,-0.017599894064594074,false
693,-0.012798298866443385,2,-0.03657900522592027,false,-0.02573965697476434,false,-0.01996124053064798,false
694,0.009205810725855646,2,-0.035851142801020086,false,-0.025231004279464522,false,-0.01956944773106173,false
695,0.0024943759564444237,2,-0.03471853379637156,false,-0.024428557659163772,false,-0.018943009456164988,false
696,0.03543712003559421,2,-0.03328974314503289,false,-0.0234233290576908,false,-0.01816358021617914,false
697,0.004361341367501886,2,-0.03955692856062866,false,-0.02783480769740744,false,-0.021585788440300954,false
698,-0.012112602128435708,2,-0.03860349487756286,false,-0.027163744308734597,false,-0.02106525561072111,false
699,-0.012142453507424001,2,-0.038025731900870184,false,-0.026759817497407527,false,-0.02075400021590874,false
700,0.01646230455388027,2,-0.037308540166107594,false,-0.026252781536582323,false,-0.020358997520535292,false
701,-0.003775238816441983,2,-0.03688914175541076,false,-0.02595808590044855,false,-0.020130780472086465,false
702,0.005907913353538756,2,-0.03526497406801961,false,-0.024807121478488386,false,-0.019232078959945102,false
703,-0.001605723500822416,2,-0.033957582463485854,false,-0.023886020309092933,false,-0.018516907792140845,false
704,-0.017144703480238905,2,-0.032590672098803244,false,-0.02292163142846783,false,-0.01776710162522641,false
705,-0.015034936024899578,2,-0.03330038356055295,false,-0.02342576037926932,false,-0.018161635300153342,false
706,0.015865805081314233,2,-0.033416038018412496,false,-0.023511943806035066,false,-0.018232107829293916,false
707,0.010466729652479252,2,-0.03532570454570889,false,-0.02484871984570919,false,-0.019263478069869246,false
708,0.005463977077582324,2,-0.034390340891050676,false,-0.024186066380178454,false,-0.01874620539705953,false
709,-0.017743021404910193,2,-0.03311487174726131,false,-0.02327925689784196,false,-0.01803592701610125,false
710,0.015091827457312062,2,-0.03376438508794151,false,-0.02374504074993613,false,-0.018403765357679933,false
711,0.0009917425656014436,2,-0.033798291822991156,false,-0.02377041262426639,false,-0.018424587329342025,false
712,-0.0025569084756548463,2,-0.032755858806017335,false,-0.02303429846758976,false,-0.017851770623625654,false
713,-0.003936155564112618,2,-0.031528262163228994,false,-0.02216634528211727,false,-0.017175542034468368,false
714,0.004090707228161709,2,-0.03050254259923607,false,-0.021435508388404995,false,-0.016601906001135577,false
715,-0.012982052593430892,2,-0.029415243332299546,false,-0.020667336542062528,false,-0.016003859801852427,false
716,0.01360509119147622,2,-0.02977243487236114,false,-0.020929189208603982,false,-0.016214887667700396,false
717,0.003577758068386623,2,-0.029886909360200133,false,-0.02100227283659646,false,-0.016265905981466277,false
718,-0.021076430521439593,2,-0.029589647101857217,false,-0.020785378323260117,true,-0.01609185521561014,true
719,-0.0008245636511217639,2,-0.032042759823367524,false,-0.02252639937895237,false,-0.017453262839190135,false
720,0.005500489609076077,2,-0.03084795119463035,false,-0.0216781549899181,false,-0.016789770563958323,false
721,0.004932336847726626,2,-0.02982347432802287,false,-0.020951408353072076,false,-0.016221742810914253,false
722,-0.002129646400767392,2,-0.029015553282638235,false,-0.020379777557663122,false,-0.01577607747342831,false
723,-0.0003931101862498579,2,-0.028117059708201577,false,-0.019746718351455212,false,-0.015284520346742853,false
724,0.01851111730022399,2,-0.027335731759879786,false,-0.019192892484938922,false,-0.014851974998216689,false
725,-0.004211065165482029,2,-0.02867945647171083,false,-0.02014668238507967,false,-0.015597892093111576,false
726,-0.006872007944694163,2,-0.028567649048215977,false,-0.020070016828730223,false,-0.015539960536102756,false
727,0.009148541783272412,2,-0.03139589770215774,false,-0.022070494396676542,false,-0.01709915640108598,false
728,0.004553358815260119,2,-0.031085574414476427,false,-0.02185273017761618,false,-0.016930735079013392,false
729,-0.028400612227830954,2,-0.030187475618709596,false,-0.021219041835733303,true,-0.01643800297170452,true
730,0.0008247889821260332,2,-0.03609343783727422,false,-0.02539224166196148,false,-0.019687473578276386,false
731,-0.0023963882889215388,2,-0.035721889984730255,false,-0.025134363492798753,false,-0.01949019229671505,false
732,-0.0042080290574614465,2,-0.035535056318754116,false,-0.025000727192027526,false,-0.019384915314489656,false
733,-0.006986844403867401,2,-0.034624078391390485,false,-0.024352761004239068,false,-0.01887715971185282,false
734,0.011394827957441973,2,-0.03350174036726161,false,-0.023560081885255237,false,-0.018260220535373038,false
735,0.0004530744880461698,2,-0.03270592583737198,false,-0.022987083359591355,false,-0.017806004397081306,false
736,0.008820955118955455,2,-0.031339284429857575,false,-0.02202040543256162,false,-0.017052545521522872,false
737,-0.009678400540799437,2,-0.030798508132746046,false,-0.021631761830644726,false,-0.01674500329648135,false
738,-0.010530353470772271,2,-0.03084813399440293,false,-0.02167129819969818,false,-0.016779160994361816,false
739,-0.028624320357911903,2,-0.03074171559629262,false,-0.021610554183198634,true,-0.016742765821691177,true
740,-0.005022742513412484,2,-0.03432910343157282,false,-0.02415983828941306,false,-0.018738640671210442,false
741,-0.0017756773200547672,2,-0.033467025206065794,false,-0.023550631703171617,false,-0.018264239020166752,false
742,-0.010349093718663745,2,-0.03383837292218215,false,-0.023821335206205947,false,-0.018481289465618375,false
743,0.011868397597494793,2,-0.03393577756309364,false,-0.02387983565571903,false,-0.018519050234653184,false
744,-0.00901785887170745,2,-0.03360006556995771,false,-0.023632578031467462,false,-0.018318947307148333,false
745,0.00013027310988902082,2,-0.03305809408519572,false,-0.02325633454130473,false,-0.018031052797667233,false
746,-0.008491049084939587,2,-0.0322621765330185,false,-0.02270098701474983,false,-0.01760395226159621,false
747,0.010466753643853546,2,-0.032397224815737584,false,-0.022803231779164688,false,-0.017688709591785142,false
748,-0.01583561976902739,2,-0.03175194555786698,false,-0.022345088322981526,false,-0.017330327539027534,false
749,0.028505004409851563,2,-0.03219542045025423,false,-0.022659245226729713,false,-0.017575545501544422,false
750,0.006590148188117375,2,-0.035475971156170336,false,-0.024967547441560056,false,-0.019365545643364224,false
751,-0.002924614652622888,2,-0.03433344138756911,false,-0.024159820627364527,false,-0.018736301045299202,false
752,0.0181005325268472,2,-0.033811987063108916,false,-0.02379743164191325,false,-0.018458709203488,false
753,0.009689675914942249,2,-0.03406370120511279,false,-0.023975962894978317,false,-0.01859822692925664,false
754,0.0012170683979961228,2,-0.03308683223475483,false,-0.023286241448045763,false,-0.01806158276453722,false
755,0.003175610420932234,2,-0.031739407511715584,false,-0.022334409239844425,false,-0.017320639462194677,false
756,0.00326002097250286,2,-0.03058251385403158,false,-0.02151976386766117,false,-0.016688445384598922,false
757,-0.009564627881543955,2,-0.029649265611375344,false,-0.020857463113862794,false,-0.016170585734530313,false
758,-0.007594356370561994,2,-0.029299320234605387,false,-0.020615357193326946,false,-0.015985968629077172,false
759,0.009493543275617909,2,-0.028741365388829293,false,-0.020220483067675994,false,-0.01567803223188134,false
760,-9.936648608240874e-5,2,-0.028379777312735045,false,-0.0199639950456597,false,-0.015477572659794842,false
761,0.006029033672205579,2,-0.02884705695467068,false,-0.020295750993191947,false,-0.015737081427315655,false
762,0.003158718099988458,2,-0.02851526073856266,false,-0.020057019785687132,false,-0.015547962831531035,false
763,-0.005175142335137718,2,-0.028085313553245946,false,-0.01975391013061471,false,-0.015312469794498044,false
764,0.0007540445912692156,2,-0.027518361586741858,false,-0.019356448974282518,false,-0.01500536356190579,false
765,-0.015120997647047735,2,-0.02670491460267098,false,-0.01877985012711364,false,-0.014555027580116012,true
766,-0.025995429205303143,2,-0.02775312611476859,false,-0.019526818950425875,true,-0.015141405040717707,true
767,-0.01885707545295655,2,-0.030713192713743627,false,-0.021633639383605203,false,-0.016793363100157232,true
768,-0.007172498448865561,2,-0.033323452404969076,false,-0.02348107908320063,false,-0.01823414628485882,false
769,0.005914751485822243,2,-0.03246607080542504,false,-0.022876425497140414,false,-0.017764221067623556,false
770,0.035619267680265215,2,-0.03145194734105669,false,-0.022154291353019565,false,-0.017197745349685715,false
771,0.004995254942370669,2,-0.03818506944667211,false,-0.02690771396743706,false,-0.02089579749077914,false
772,0.0363910561785125,2,-0.0369869203230247,false,-0.026060887459377884,false,-0.020236259769099582,false
773,0.00860743051297466,2,-0.041991397743333624,false,-0.02959341556673656,false,-0.022984097144342477,false
774,0.028836146692807492,2,-0.04005508627937366,false,-0.028224194617989085,false,-0.021917190050863636,false
775,0.009855829303801383,2,-0.04194759132131685,false,-0.029556574049669136,false,-0.022950968592331485,false
776,0.0110557025348095,2,-0.04026085875291204,false,-0.028360874105813585,false,-0.022017036323667145,false
777,-0.010775388133362138,2,-0.03959257320809347,false,-0.027884552835828667,false,-0.02164305049827535,false
778,-0.0036641242976942147,2,-0.038380760127004324,false,-0.02703177741771532,false,-0.020981676729756125,false
779,0.025980381695708356,2,-0.036723326909958366,false,-0.025859314559249887,false,-0.020067749774926032,false
780,0.006296194728287506,2,-0.03874912364213275,false,-0.027283936096431254,false,-0.021171887040170468,false
781,0.007992904198673417,2,-0.037219827654622784,false,-0.026200730350298133,false,-0.02032649035105855,false
782,-0.003267997553345748,2,-0.03598472156110331,false,-0.02532365033430937,false,-0.019640272712206284,false
783,-0.0021229047381550793,2,-0.03453270943474877,false,-0.024296116962267925,false,-0.018839027393400806,false
784,0.0004499892684173294,2,-0.03336900742216912,false,-0.023476457620364995,false,-0.018202775926182975,false
785,0.023698128826370145,2,-0.03199907520609077,false,-0.022506254571273396,false,-0.01744566701690396,false
786,0.009561836142392902,2,-0.034187933543078565,false,-0.024046653303108966,false,-0.018640374332712074,false
787,-0.0035343581046496067,2,-0.0332512139509539,false,-0.023382247763666805,false,-0.018121138407117935,false
788,-0.020316733001036768,2,-0.032276055224112365,false,-0.022689683140057017,false,-0.017579223654264956,true
789,0.020517729612700066,2,-0.03379496005798428,false,-0.023768346230980966,false,-0.018423195501039078,false
790,0.00448784716431405,2,-0.03460691514450194,false,-0.024338719107583034,false,-0.018864781795455882,false
791,0.014980999114415364,2,-0.03325674602380072,false,-0.02338290561598062,false,-0.018119197830501563,false
792,0.002244164439055599,2,-0.03331845962734277,false,-0.023422189597458214,false,-0.01814652466345238,false
793,0.010776495134818305,2,-0.03205382758417346,false,-0.022533289335522788,false,-0.01745792562378163,false
794,-0.0002057315256198725,2,-0.03150085767173367,false,-0.022140470397917222,false,-0.01715048257825746,false
795,0.0046703234170302746,2,-0.030306722598019135,false,-0.021295096956096216,false,-0.016491032671884766,false
796,0.009614420220683411,2,-0.030285741212789496,false,-0.021269782546512715,false,-0.016463408343051607,false
797,-0.0037879421947449444,2,-0.029979268218956384,false,-0.021046288893688436,false,-0.016284150669872714,false
798,-0.00086749805123489,2,-0.02914703003755531,false,-0.02045488594778791,false,-0.015821136096860804,false
799,0.0012956995805752975,2,-0.028416878518262505,false,-0.01993882312881357,false,-0.015419203171839065,false
800,0.010530096737101313,2,-0.02781350581870155,false,-0.019514351131759682,false,-0.015090102477309807,false
801,0.018538531661345177,2,-0.02784819325204738,false,-0.01953638754857609,false,-0.015105394684026626,false
802,-0.01119424173635895,2,-0.02960007940954859,false,-0.02077186357743438,false,-0.016065574384165126,false
803,-0.01421785996017069,2,-0.02971714721683238,false,-0.0208580108631384,false,-0.016135238054229423,false
804,-0.009061335292919935,2,-0.030224620528118057,false,-0.02122515071373209,false,-0.016427566656200678,false
805,0.009759996201317539,2,-0.030621327062905962,false,-0.02151121935056847,false,-0.01665465463902981,false
806,0.002595485528152636,2,-0.03052841892453371,false,-0.021442075424087867,false,-0.01659817932597451,false
807,-0.004865513274463711,2,-0.029474561665349362,false,-0.020694945864798284,false,-0.016014565168521833,false
808,0.014912702183016619,2,-0.028690044963738844,false,-0.02014153779837084,false,-0.015584360260344859,false
809,0.00485213544833864,2,-0.029158582099912594,false,-0.020471000033048456,false,-0.01583968217965034,false
810,-0.008805160220270922,2,-0.02846626819897096,false,-0.019981405191760566,false,-0.01545815611894749,false
811,0.006122366735532045,2,-0.02841240034407398,false,-0.019942276693724746,false,-0.015426885117514675,false
812,-0.0007017607054984132,2,-0.02801635873229355,false,-0.019663823208339967,false,-0.01521111742720295,false
813,-0.005003200646621797,2,-0.027641193260046024,false,-0.01939906709897383,false,-0.015005220140643824,false
814,0.01774657684515203,2,-0.027093717785910985,false,-0.019012376527632244,false,-0.014704243406032986,false
815,0.013427020995193223,2,-0.028407022936414037,false,-0.019937825015739867,false,-0.015422926942594117,false
816,-0.024529143755130975,2,-0.028652385961950157,false,-0.020108743743836092,true,-0.01555415969118954,true
817,0.005929436887094616,2,-0.03191535100376638,false,-0.022426073635349243,false,-0.01736737498318671,false
818,0.004197881083996727,2,-0.03096520714053655,false,-0.02175050655271845,false,-0.016838183766283536,false
819,0.013480953804668596,2,-0.029969387961660352,false,-0.021046042076150646,false,-0.016289039403423664,false
820,-0.014405357747734368,2,-0.030054032438712602,false,-0.02110040393239043,false,-0.01632725770656236,false
821,0.0002679534353124671,2,-0.030570916904765273,false,-0.02147425581156079,false,-0.016624859442925737,false
822,0.006227649590653063,2,-0.029609309522549792,false,-0.02079289145325385,false,-0.01609289160368804,false
823,0.0029243232868455486,2,-0.02915915321919964,false,-0.020476327705932346,false,-0.015847545553656146,false
824,-0.012451691614525424,2,-0.02925408081135686,false,-0.020544168430142108,false,-0.015900946368791993,false
825,0.0008273327760315045,2,-0.0295223375593918,false,-0.02073621833837972,false,-0.016052370692719958,false
826,0.007327969769856474,2,-0.02863501808000137,false,-0.020107667221528902,false,-0.015561768032424768,false
827,-0.015202688448410096,2,-0.028111445073631162,false,-0.019735301554282665,false,-0.01527001043815671,false
828,-0.010567532986717813,2,-0.02923756275818925,false,-0.020537947897670106,false,-0.01590021540649916,false
829,-0.01706307791459964,2,-0.03080477016161994,false,-0.021646914517989578,false,-0.016764895560959187,true
830,0.005881513411532592,2,-0.0315571442687916,false,-0.02217833462727951,false,-0.017178525911569036,false
831,0.013861908081738844,2,-0.03065627504640693,false,-0.02153854793235862,false,-0.016677921345961806,false
832,0.012306562202395128,2,-0.03073472478549796,false,-0.021593152281650468,false,-0.016719813806186222,false
833,-0.010980284543807806,2,-0.030653517611893465,false,-0.021529648636066146,false,-0.016665747845881523,false
834,0.0193012793076823,2,-0.0305312534147849,false,-0.02144398005004454,false,-0.01659958824471653,false
835,0.00929444454931371,2,-0.03188746183316375,false,-0.022395726286040363,false,-0.017335717187905473,false
836,-0.010233609889579852,2,-0.03146160927701489,false,-0.022090026702947622,false,-0.01709407071014984,false
837,0.004734519928505739,2,-0.031091647269837167,false,-0.02183856124546418,false,-0.016905775324838536,false
838,0.004979496730310723,2,-0.030164320555585968,false,-0.02118265662430638,false,-0.016394564817172302,false
839,-0.004098194063466672,2,-0.029270876522995863,false,-0.020542202787540938,false,-0.015888979117667568,false
840,0.012928225481747489,2,-0.02874060841194488,false,-0.020166679247858088,false,-0.015595949336383523,false
841,-0.0059600706573224695,2,-0.029624845759010136,false,-0.020782229865296865,false,-0.016068264052473347,false
842,-0.0033889820922699595,2,-0.029072968806492593,false,-0.020394340418551284,false,-0.01576779573825585,false
843,0.003402652534990687,2,-0.0284341452539162,false,-0.01994470618502458,false,-0.015419017630661927,false
844,-0.02230593021375535,2,-0.027637897182749817,false,-0.019381367695931764,true,-0.014979842377942908,true
845,0.016216997106001354,2,-0.029639752379499156,false,-0.020803704487367257,false,-0.016093240051883353,false
846,-0.006217641068502047,2,-0.030284329466345628,false,-0.021252370261153137,false,-0.016437466229602467,false
847,0.005012552682530354,2,-0.029906392766047885,false,-0.02098841860749427,false,-0.016234279582530705,false
848,-0.04711965823844304,2,-0.03067848392364831,true,-0.021536304031442726,true,-0.016662641759492287,true
849,0.019080399030638146,2,-0.043774879681409265,false,-0.03081104936454401,false,-0.023900079392366963,false
850,-0.0037679073746768772,2,-0.043936662693162376,false,-0.030921262363299666,false,-0.02398280060801694,false
851,-0.00015640929589540685,2,-0.04184528542177401,false,-0.029445307000808996,false,-0.022834924387929008,false
852,0.013728689042612936,2,-0.040094798959340816,false,-0.028204443139959158,false,-0.021865738450239227,false
853,-0.016191460590129627,2,-0.03965462634491671,false,-0.027889085595370334,false,-0.02161691935752945,false
854,-0.01083145633192091,2,-0.04034261717527473,false,-0.02837647733313568,false,-0.02199737246130555,false
855,0.002485138372797781,2,-0.03975222302059113,false,-0.027962854351707457,false,-0.021677985538237722,false
856,-0.001033741399611183,2,-0.03820452946204672,false,-0.02686674132254558,false,-0.0208226084183173,false
857,0.019310857380013487,2,-0.037031669045561655,false,-0.026040048219301573,false,-0.020180455828847674,false
858,0.0020026062443515283,2,-0.03705646335365531,false,-0.026057251692460696,false,-0.02019361265599138,false
859,-0.0033556372566360708,2,-0.03561880843311074,false,-0.025041070580050673,false,-0.01940211767112867,false
860,0.008717369744917054,2,-0.03422207571040397,false,-0.024055853899882747,false,-0.018636278670515472,false
861,-0.006042428045091043,2,-0.03333711490399293,false,-0.02342819508548553,false,-0.018145786595972564,false
862,0.003448514587756062,2,-0.03266147412914046,false,-0.022951680265873655,false,-0.017775425086278555,false
863,-0.004771103178935562,2,-0.03143629609680287,false,-0.02208550803175518,false,-0.017100637514770322,false
864,0.0007962148303400744,2,-0.03150269192699214,false,-0.02212565899822712,false,-0.017126797441507784,false
865,-0.008032181969170576,2,-0.030859023242887078,false,-0.021667963944219937,false,-0.016768244241552106,false
866,-0.006617466045790625,2,-0.030393000944514772,false,-0.021340135119094612,false,-0.016514085845660824,false
867,-0.003980014374656876,2,-0.02971749883671963,false,-0.020866186200760747,false,-0.016147584186826436,false
868,0.007336431050049967,2,-0.0289416066597364,false,-0.020320164963706675,false,-0.015724106297262792,false
869,-0.004068855226896514,2,-0.02872574118170393,false,-0.020165582268164683,false,-0.015602193226303289,false
870,-0.004072774592857592,2,-0.02796179991330353,false,-0.0196267116923789,false,-0.015183307003926786,false
871,0.012819993711461582,2,-0.028146420662181815,false,-0.019759161081439144,false,-0.015287944034116442,false
872,-0.0025855092160023125,2,-0.028291823778222907,false,-0.019861253031974252,false,-0.015366946962583557,false
873,0.010910617611417664,2,-0.027710932164817365,false,-0.019454668804226236,false,-0.015053285357144215,false
874,0.00816661928611698,2,-0.027583255481818014,false,-0.019360718291488783,false,-0.014977314140977256,false
875,0.005572487712474542,2,-0.02736725065848679,false,-0.01920926582108228,false,-0.014860274291053436,false
876,0.007733149408666592,2,-0.026778776554882363,false,-0.01879397515667912,false,-0.014537307077262031,false
877,-0.006019293957768139,2,-0.026763157556276753,false,-0.01878405103053466,false,-0.014530418866554016,false
878,-0.0013211181358393136,2,-0.026372836851653744,false,-0.018508613693039553,false,-0.014316225426974681,false
879,-0.001733385573520289,2,-0.025868520411314114,false,-0.018155202893279494,false,-0.014043261865815145,false
880,0.018252270075085245,2,-0.025297508333934227,false,-0.01775194653866888,false,-0.01372943546627044,false
881,0.01174910322381803,2,-0.027507965866072206,false,-0.019309056300312297,false,-0.014938247949029959,false
882,0.00012022586161674763,2,-0.027669184959402297,false,-0.01942614863506187,false,-0.015031816472061418,false
883,0.0066589389740723745,2,-0.026885109468146748,false,-0.018868620172147396,false,-0.014595059391669156,false
884,-0.006460094235229648,2,-0.026412257472196506,false,-0.018533949803331295,false,-0.01433405313696817,false
885,-0.005005285738243332,2,-0.02633125870501248,false,-0.01847762194147725,false,-0.014290877243456396,false
886,0.006502687499102722,2,-0.025900583500240836,false,-0.018174683347290964,false,-0.014056034563712506,false
887,0.004820733786201895,2,-0.025555226106210093,false,-0.017928578313899136,false,-0.01386284059651621,false
888,0.008025139671089742,2,-0.025163431840361662,false,-0.01765188864941292,false,-0.01364751276909745,false
889,-0.005908075206899735,2,-0.02516993969652488,false,-0.017655712158354018,false,-0.013649905262467258,false
890,0.010114482345102425,2,-0.025000591688373545,false,-0.017537457268398407,false,-0.013558887924763178,false
891,0.0015616528348468594,2,-0.02516954000428825,false,-0.017653665807328533,false,-0.01364698108373453,false
892,-0.01673422484735933,2,-0.024645422304745607,false,-0.017285521378309607,false,-0.013361985428087727,true
893,0.007689947260699008,2,-0.026584849234942493,false,-0.018658500877447897,false,-0.014432993897740234,false
894,-0.008495555249322993,2,-0.026455360364506596,false,-0.018564245791071212,false,-0.014357521811270806,false
895,0.019575567046672897,2,-0.02640196387245284,false,-0.018529183528572742,false,-0.01433223345870656,false
896,0.008549276383550332,2,-0.02846000350284844,false,-0.019981973023131955,false,-0.015462366345443646,false
897,0.013501313429064897,2,-0.028105698388013533,false,-0.019729703855514598,false,-0.01526449216372685,false
898,0.0023411731389857953,2,-0.028420182007223946,false,-0.019945976733763724,false,-0.015428409259376313,false
899,-0.0020261293844842337,2,-0.027634407971523507,false,-0.019389830947814407,false,-0.01499467744368153,false
900,-0.026091988076052626,2,-0.02733238557050613,false,-0.019178834702469227,true,-0.014832206905103345,true
901,0.005673591273395653,2,-0.03176069408973098,false,-0.022317339490066344,false,-0.017283122095998874,false
902,0.011211637153301967,2,-0.030785930432186737,false,-0.02163084111902171,false,-0.016750296882526203,false
903,0.0009727076039079713,2,-0.03058600339821407,false,-0.02148762859619639,false,-0.016637318655734215,false
904,-0.0025218794576416107,2,-0.029612957509747514,false,-0.020798255807763084,false,-0.01609917094726001,false
905,-0.016595514984183577,2,-0.028840131586685806,false,-0.020259093645839266,false,-0.01568457407177851,true
906,0.017912075216402853,2,-0.030485208862710108,false,-0.021427348983535432,false,-0.01659863739852449,false
907,-0.011288050129260601,2,-0.032295764056874926,false,-0.022700032620167225,false,-0.017584583698108378,false
908,0.011422512765848079,2,-0.031937203519059223,false,-0.02245133840392125,false,-0.01739445881135556,false
909,-0.00477742311996629,2,-0.031459797230900706,false,-0.022112284193285592,false,-0.01712915958130654,false
910,0.006716284827711456,2,-0.030495005986278755,false,-0.021430969095497687,false,-0.016598964568456023,false
911,0.008976571228709006,2,-0.029647868352324486,false,-0.020825547384939764,false,-0.01612240072224518,false
912,0.006259990049209139,2,-0.029132937947120994,false,-0.02045830752860519,false,-0.0158338941510169,false
913,0.01226394195023595,2,-0.028514585149743397,false,-0.020019426389857226,false,-0.015490688689389813,false
914,0.012855427501176213,2,-0.02867734198450484,false,-0.02013186784535743,false,-0.015576307202386619,false
915,-0.007136240821680005,2,-0.028928643224124934,false,-0.020306478819507343,false,-0.01571003487978949,false
916,0.016965508460592006,2,-0.02859729992548582,false,-0.020072107630829544,false,-0.01552735916410854,false
917,-0.0013873149054210196,2,-0.03001600967874372,false,-0.02107150463186556,false,-0.01630322208850778,false
918,0.00017509081319648338,2,-0.02909088650175478,false,-0.020417647333932917,false,-0.01579397562694156,false
919,-0.008568140215211292,2,-0.02822887171684481,false,-0.019804876028009673,false,-0.015314075097396601,false
920,0.0066944752433521605,2,-0.028239647563620535,false,-0.01981150227434331,false,-0.015318489207089224,false
921,-0.004003751345234674,2,-0.02785911133271022,false,-0.01954291869451964,false,-0.015109587171304194,false
922,0.004880170718604414,2,-0.02726715977758529,false,-0.01912714972150066,false,-0.014787740480881795,false
923,0.0017091328090457598,2,-0.02669658036480027,false,-0.01872125622206569,false,-0.014469640432470487,false
924,-0.006313778675505978,2,-0.026006954017417747,false,-0.018235678602779134,false,-0.014092840435095382,false
925,-0.010577216293756733,2,-0.025785451796207618,false,-0.018083769282825905,false,-0.0139780308332893,false
926,-0.015417504122421637,2,-0.026631547841904798,false,-0.018682822143579653,false,-0.01444538588627755,true
927,0.014807134632736857,2,-0.02864431818460004,false,-0.02010911597295875,false,-0.015559031256532489,false
928,0.004610938860890889,2,-0.029252477417177812,false,-0.020531461929705112,false,-0.015882320843493444,false
929,-0.00567407780696889,2,-0.028373468068816642,false,-0.01990629960479971,false,-0.015392483427488385,false
930,0.012401749476119479,2,-0.027933323032181972,false,-0.01959467149215133,false,-0.015149367211469067,false
931,-0.007641219379035877,2,-0.028094296528658823,false,-0.019709340167449976,false,-0.01523935095793821,false
932,-0.004969321335446859,2,-0.027929506889942026,false,-0.019596877442418423,false,-0.015154783516968265,false
933,-0.0006518353304255476,2,-0.027575537811684075,false,-0.019350340327084607,false,-0.01496551798354144,false
934,-0.007657360700835988,2,-0.02678816213077782,false,-0.018797717123499844,false,-0.014538040456967926,false
935,-0.01194700207451747,2,-0.02661370893283556,false,-0.018677432173438348,false,-0.014446632399414221,false
936,0.01159136263119044,2,-0.027093877787878588,false,-0.019018153827419077,false,-0.014713015266501702,false
937,-0.023112421628948096,2,-0.027374657415687058,false,-0.01921474438135038,true,-0.014864724936671856,true
938,0.010948862254516141,2,-0.030271105065895216,false,-0.02127104243756482,false,-0.016473142353113215,false
939,-0.013094816938298986,2,-0.030260944376546313,false,-0.02126149713508188,false,-0.016463925111091415,false
940,0.01558780467768339,2,-0.030851759209395688,false,-0.02167971125280955,false,-0.0167901264262579,false
941,0.003342713211638859,2,-0.03170989571898002,false,-0.02228044403934315,false,-0.017253638240497852,false
942,-0.005297175396463654,2,-0.03069386008989733,false,-0.02156274107653397,false,-0.016694975318166015,false
943,0.008278459643154773,2,-0.030094356863903653,false,-0.02113917620986652,false,-0.016365202539834978,false
944,-0.008643744848508562,2,-0.02947881445309031,false,-0.02070312455590844,false,-0.016024836744191185,false
945,-0.010514024603092944,2,-0.029202060705882688,false,-0.02051002776237193,false,-0.01587633716310297,false
946,-0.02388618457821559,2,-0.029351815891359188,false,-0.020621030583574063,true,-0.015966681242304864,true
947,0.012512949506940114,2,-0.032827101250062975,false,-0.02308298066632837,false,-0.017888426039070208,false
948,0.013722070847934031,2,-0.03276351081455725,false,-0.023029818611309982,false,-0.01784082331510174,false
949,-0.0006268424700516439,2,-0.03293131646401279,false,-0.02314522416826305,false,-0.017928294576636517,false
950,0.001991590801931023,2,-0.03161200780600726,false,-0.022213031549529673,false,-0.017202472086003128,false
951,0.0073431356030661185,2,-0.030646846032613414,false,-0.02153288335652561,false,-0.016674263578076085,false
952,-0.005320746784925804,2,-0.029876870129026165,false,-0.020986156225879463,false,-0.016246549542202872,false
953,0.005830043383034668,2,-0.029139523127308126,false,-0.020465314578266808,false,-0.015841126097734335,false
954,0.005397805514884763,2,-0.028656156543220415,false,-0.020122979083681346,false,-0.015573973755108637,false
955,-0.023257652594659457,2,-0.028116060626065312,false,-0.019740033551974616,true,-0.01527480451238471,true
956,0.00965239194792862,2,-0.030710191574399647,false,-0.021587624262452705,false,-0.016724417384466193,false
957,0.011090958665413465,2,-0.030478196580661844,false,-0.021420490551648796,false,-0.01659186098358973,false
958,-0.005611104072423989,2,-0.030687319083128755,false,-0.021560315011021184,false,-0.016694742912610278,false
959,0.0052058762133763495,2,-0.029972314315098714,false,-0.021052473974774888,false,-0.01629734009521501,false
960,0.0005051965194586356,2,-0.029483357901634612,false,-0.020704367465695223,false,-0.01602432014897924,false
961,-0.0018388953884849583,2,-0.028602600700906637,false,-0.02008195156448489,false,-0.015539625038607782,false
962,0.004939688556945399,2,-0.027839643221584977,false,-0.019541149204049812,false,-0.015117252750015988,false
963,0.0021389167085440275,2,-0.02731661760035066,false,-0.019173298251689137,false,-0.01483212483944283,false
964,-0.006988284524958196,2,-0.02671417525678842,false,-0.018746531958139124,false,-0.014499010798104544,false
965,0.006603063311303811,2,-0.026547829917095013,false,-0.01863149173921352,false,-0.01441132114921718,false
966,-0.011763054553420447,2,-0.02632817810063565,false,-0.018476100700212817,false,-0.014290187292897107,false
967,-0.023384574158113836,2,-0.02704619334493654,false,-0.018988573819185204,true,-0.014693086665419358,true
968,-0.016901746142338525,2,-0.03193099209239903,false,-0.022445269315263267,false,-0.017388465602559872,false
969,-0.007927864212012097,2,-0.032549489865396186,false,-0.022877189840932212,false,-0.017720922488065362,false
970,0.007351619687602139,2,-0.03176822641379633,false,-0.02232891095761632,false,-0.01729684681599456,false
971,0.004435100116497079,2,-0.03087611592008951,false,-0.02169759567021405,false,-0.016804560488059134,false
972,0.019495105492301514,2,-0.03014078383555843,false,-0.021178207506747992,false,-0.016400291229860836,false
973,0.005624063796978957,2,-0.031132450031592398,false,-0.021875526578963297,false,-0.016940694939533863,false
974,-0.013331192353870007,2,-0.030250121357892262,false,-0.021250595835392287,false,-0.016452982080071434,false
975,0.01965811198450201,2,-0.03073301196734701,false,-0.021594985562570074,false,-0.016723537499398797,false
976,-0.0020398019367439553,2,-0.032534230291185046,false,-0.02286173313060846,false,-0.017705360685209438,false
977,-0.0036054942838896443,2,-0.03139010564832136,false,-0.022052603676131273,false,-0.017074815926086603,false
978,0.00921373659977417,2,-0.030450205923837462,false,-0.021387416893861495,false,-0.016556077596797596,false
979,0.000596984498677967,2,-0.03025503728583072,false,-0.021249984697248443,false,-0.016449424483450787,false
980,0.005251743028166376,2,-0.029744988095018507,false,-0.020888182350289823,false,-0.016166651980396348,false
981,-0.003914664743151732,2,-0.02903253497391308,false,-0.020381224164202263,false,-0.015769242383778935,false
982,-0.01941187786065218,2,-0.028536810011344067,false,-0.020033159920739223,false,-0.015499895523285949,true
983,-0.005129046179476747,2,-0.029751317907916672,false,-0.020895309043781847,false,-0.016174203487984283,false
984,-0.0073351769566492074,2,-0.030090934606127932,false,-0.02113628941707362,false,-0.016362601201443058,false
985,0.009728703031159327,2,-0.0296920443826873,false,-0.020856180002845223,false,-0.016145813397083982,false
986,-0.01055629701124311,2,-0.029483079896190468,false,-0.020709751267350054,false,-0.016032722239048287,false
987,0.008276990828382121,2,-0.02986212199575685,false,-0.020985801872799366,false,-0.016253868460080693,false
988,-0.00800737919451404,2,-0.02985724395761185,false,-0.020975999578694844,false,-0.016241441063345255,false
989,-0.01858708865991168,2,-0.02949434440137883,false,-0.02072275892746163,false,-0.01604665916859927,true
990,-0.024651455284409873,2,-0.03164874023931471,false,-0.022251956060299092,true,-0.017242565185156232,true
991,0.010096308031714319,2,-0.03545352129185677,false,-0.024944756568946305,false,-0.01934257298048747,false
992,0.008926239808747141,2,-0.03446595267161163,false,-0.02423896106840199,false,-0.018786989687417495,false
993,0.01624137234170018,2,-0.03350732741114816,false,-0.023560253797482365,false,-0.01825750566095001,false
994,-0.012556754916528997,2,-0.034185205559515576,false,-0.02403583939345919,false,-0.018625249845785584,false
995,0.005108227455657317,2,-0.034073689886238316,false,-0.023962595682609247,false,-0.018572408776488844,false
996,-0.032021568862579425,2,-0.032957778875662334,false,-0.02317131019913165,true,-0.017954179960303508,true
997,-0.0004971495500159196,2,-0.03933395120376288,false,-0.027690842183574902,false,-0.02148394384762385,false
998,0.005468148392232787,2,-0.03745997550430718,false,-0.02637064487787084,false,-0.02045896375449616,false
999,0.01254444552342176,2,-0.0360816836276452,false,-0.025391525726367027,false,-0.01969264210572511,false
1000,-0.007312383164034976,2,-0.035297895360743216,false,-0.024832947018885478,false,-0.01925412178103317,false
1001,0.00914178963674536,2,-0.03438339684600301,false,-0.024188816426448708,false,-0.01875412332754056,false
1002,-0.006214142778424481,2,-0.033929670936475816,false,-0.023864955388142216,false,-0.018499492771546024,false
1003,0.006828014888273701,2,-0.0330777908698503,false,-0.023263370038952447,false,-0.018031338610061842,false
1004,0.0074409740186313425,2,-0.03240407087923043,false,-0.022787137817504917,false,-0.017660386387600927,false
1005,-0.0025396829027620575,2,-0.03143787698231648,false,-0.02210358724372179,false,-0.017127511923520675,false
1006,0.0033161741593075063,2,-0.0303214927693305,false,-0.021316161017609324,false,-0.0165154519829753,false
1007,0.007650703606343812,2,-0.029447902049097377,false,-0.020702362859815145,false,-0.01604014827891326,false
1008,0.00793061888834129,2,-0.02884197302254625,false,-0.020275762625041695,false,-0.015709147559470556,false
1009,0.00842453586543521,2,-0.02889417264443298,false,-0.02031097367986115,false,-0.015735302072048825,false
1010,-0.00545688653832975,2,-0.02845208446777463,false,-0.019996465343716352,false,-0.015488806076801238,false
1011,-0.000486404101829159,2,-0.027863267711470126,false,-0.019583968399708246,false,-0.015170304572296461,false
1012,0.008642334822025725,2,-0.02890818349088076,false,-0.020324141586024587,false,-0.015748020609865795,false
1013,-0.017916435542778796,2,-0.028663550803321274,false,-0.02014648361406833,false,-0.015606066610972717,true
1014,0.003527654446358184,2,-0.02997172062155767,false,-0.021072964471223466,false,-0.016329070495329747,false
1015,0.013159178344516718,2,-0.029201114690684513,false,-0.020529375732922413,false,-0.015906503782362722,false
1016,-0.005406534699824268,2,-0.029370355481080655,false,-0.020645472578341248,false,-0.015994269787361393,false
1017,-0.0032719129602471484,2,-0.028761167910615056,false,-0.020218102593754263,false,-0.01566382608503114,false
1018,0.007577207777404251,2,-0.028161038845149058,false,-0.01979302049181137,false,-0.015332060871620423,false
1019,-0.018939194841022883,2,-0.028648253498644385,false,-0.020137385564355768,false,-0.015600273361142685,true
1020,0.004139509034538262,2,-0.03116199196605745,false,-0.02192390406268653,false,-0.016999113584869913,false
1021,-0.013026060654760904,2,-0.03012565726282416,false,-0.02118846660709335,false,-0.01642408333859096,false
1022,0.013135227167943849,2,-0.030697331118709856,false,-0.021595833412636704,false,-0.016743858663578165,false
1023,-0.01028062557309111,2,-0.030704416249115855,false,-0.021594733122685745,false,-0.01673839475632322,false
1024,0.010859019457140897,2,-0.030450571030105216,false,-0.021419712518017865,false,-0.01660539526188868,false
1025,0.004201195590424856,2,-0.030181914621048692,false,-0.0212246552554522,false,-0.01644957343198017,false
1026,-0.006356074292348182,2,-0.02940966929700797,false,-0.02067796877261617,false,-0.016023131532760505,false
1027,-0.006925937193027598,2,-0.029784861408395983,false,-0.020945727881570012,false,-0.0162336185056484,false
1028,0.004530660364008995,2,-0.02959489935997596,false,-0.02081148659313798,false,-0.016129081748183803,false
1029,0.0019708946587480743,2,-0.0292281051502168,false,-0.02055171724407651,false,-0.015926366956338797,false
1030,0.0004798282863990727,2,-0.028856746444923403,false,-0.020288220331733945,false,-0.01572037076669997,false
1031,-0.010054919939556442,2,-0.028004672298465504,false,-0.01969013592601233,false,-0.015257687351932848,false
1032,-0.016067468191190416,2,-0.028066738848008217,false,-0.019737143702869518,false,-0.015296667352792993,true
1033,-0.001926420354786227,2,-0.02985057913721166,false,-0.021003227147587927,false,-0.016286736539559404,false
1034,-0.004942330688203283,2,-0.028972316088385335,false,-0.02038293506577662,false,-0.015803967825700156,false
1035,-0.0024996529024405465,2,-0.028458110147897786,false,-0.020023271883069675,false,-0.015526690815315264,false
1036,0.01390964966418149,2,-0.027720613717050528,false,-0.0195018534977822,false,-0.01512046283656741,false
1037,-0.001190427961982847,2,-0.028534741114364652,false,-0.020075904616995783,false,-0.015566530180273968,false
1038,-0.02932362783339401,2,-0.027867382603251147,true,-0.019605338838785312,true,-0.01520087387978677,true
1039,0.0025068857754037025,2,-0.03454649846944721,false,-0.024342432389199697,false,-0.018902682519675557,false
1040,-0.01121040704556607,2,-0.03312006490734222,false,-0.023331935976858387,false,-0.01811392066279122,false
1041,-0.01384509237990843,2,-0.03280433671562296,false,-0.023109979153429487,false,-0.01794195300881801,false
1042,0.03066437246819471,2,-0.03282138816482887,false,-0.023127112332326255,false,-0.01795912975751055,false
1043,-0.013968974853683074,2,-0.03670998710631804,false,-0.025867742751882604,false,-0.020087782405824324,false
1044,0.01554327463179452,2,-0.03725955876926109,false,-0.026263648120696998,false,-0.02040176884184635,false
1045,0.020268618548203415,2,-0.03726690786182864,false,-0.026266377122977486,false,-0.020402034891090416,false
1046,0.011449298128526828,2,-0.03808429938684538,false,-0.026841099758569173,false,-0.020847391639671357,false
1047,-0.013079555562756131,2,-0.03696075837755312,false,-0.026042448239272542,false,-0.02022193750531077,false
1048,0.0029170063346470876,2,-0.03627399692091664,false,-0.02556059145433613,false,-0.019849314642653923,false
1049,-0.011750176826650353,2,-0.0346747317462938,false,-0.02442961541068078,false,-0.018967981801918544,false
1050,-0.003526753034446937,2,-0.03423505675878813,false,-0.02412041333200349,false,-0.018728334348151958,false
1051,0.010041659044783454,2,-0.03286079667549878,false,-0.02314868703201834,false,-0.017971197318560374,false
1052,-0.0016856517108387835,2,-0.03249362210964444,false,-0.022888040819970923,false,-0.01776734097774317,false
1053,-0.009539208252354645,2,-0.03168417812786054,false,-0.02231655914172591,false,-0.017322716122988652,false
1054,-0.009022207242554437,2,-0.03123518859006406,false,-0.022001937113985976,false,-0.017079724917663054,false
1055,0.013456547948012501,2,-0.030691972196624617,false,-0.021618163861045033,false,-0.016780950212938316,false
1056,0.010663196765437396,2,-0.03170858716905668,false,-0.022331367736486845,false,-0.017332406755279275,false
1057,0.0029108608321625215,2,-0.03130058412835652,false,-0.022041982599542348,false,-0.017106256383908,false
1058,0.007513481403939539,2,-0.030369627726013315,false,-0.021380504770480088,false,-0.016588436585116845,false
1059,-0.0029717138478825562,2,-0.029567900653198587,false,-0.020807620831271044,false,-0.01613754807365035,false
1060,-0.000806711947955072,2,-0.028609681444043637,false,-0.02012883625292938,false,-0.01560772906301012,false
1061,0.008038700562584043,2,-0.02813251922410755,false,-0.019790214384729065,false,-0.015342962543682686,false
1062,-0.004027203384080593,2,-0.027776010070171445,false,-0.01953518712769856,false,-0.015142034910381574,false
