Day,Actual_Returns,N_Assets,VaR_1_percent,Violation_1_percent,VaR_5_percent,Violation_5_percent,VaR_10_percent,Violation_10_percent
1,0.005259335749235068,10,-0.012893403302016652,false,-0.008989314878434504,false,-0.006908059786025639,false
2,0.0012646692901600318,10,-0.012937656644309509,false,-0.009020172451616822,false,-0.006931776124263167,false
3,0.00041442302068266855,10,-0.012794166383641541,false,-0.008918059073085415,false,-0.006851720608492898,false
4,0.0007315035876842081,10,-0.012699258976830979,false,-0.008854369445623013,false,-0.006804673063686615,false
5,-0.00017565924579008012,10,-0.01257340181843351,false,-0.008766696448866046,false,-0.00673735590220828,false
6,0.007319388723542953,10,-0.012451291848971082,false,-0.008685446053742522,false,-0.006677887594973145,false
7,0.003017183048934339,10,-0.012706985301467235,false,-0.008862472523834302,false,-0.0068129769878346605,false
8,0.002671445960600658,10,-0.012619998707927906,false,-0.008801342397159484,false,-0.006765630847969262,false
9,0.0029412800585381102,10,-0.012487929922547953,false,-0.008707606306178874,false,-0.0066923297745314116,false
10,0.0024092972409025947,10,-0.012436446063537877,false,-0.008670394453713795,false,-0.006662726275945118,false
11,2.7034488304653005e-5,10,-0.0123763447785508,false,-0.00862741531932364,false,-0.006628874896681505,false
12,0.0011074070237758605,10,-0.012316934157346717,false,-0.00858467642266451,false,-0.006595023634687318,false
13,-0.00010202005899877676,10,-0.012215714333903038,false,-0.008514281321364113,false,-0.006541061078701538,false
14,0.0009485630124790555,10,-0.012262525438392655,false,-0.00854860101715226,false,-0.006568721650732583,false
15,-0.001205813777181332,10,-0.012296376433101771,false,-0.008573067786665809,false,-0.006588185724518594,false
16,-0.0008875217435476983,10,-0.01221153798084966,false,-0.008513086327525314,false,-0.006541455436428179,false
17,-0.002607132820984937,10,-0.012172930329716643,false,-0.008485993620985607,false,-0.006520501304242701,false
18,-0.0018009367805650977,10,-0.012194857570896415,false,-0.008500777233924266,false,-0.006531476675399413,false
19,0.00402909468572949,10,-0.012197432795489125,false,-0.00850367176251063,false,-0.006534541423763281,false
20,0.001458234226536593,10,-0.012578024287448038,false,-0.00877937113558826,false,-0.006754323196395039,false
21,0.0007829443379019373,10,-0.012549193541727736,false,-0.008760366064393834,false,-0.006740556155932652,false
22,0.005581290923914253,10,-0.012412385761774315,false,-0.008664724340329945,false,-0.006666859903937727,false
23,0.0012943316388597792,10,-0.012452892083483325,false,-0.008690126845121654,false,-0.006684210619819105,false
24,0.00013947561813677377,10,-0.012311119002589056,false,-0.0085888483965403,false,-0.00660451970988247,false
25,-0.0003412248005406767,10,-0.012206252963216684,false,-0.008512015714372193,false,-0.00654263150670881,false
26,0.0034267773194245317,10,-0.012080402703183295,false,-0.008424428313619536,false,-0.006475441894655591,false
27,0.0024118322596738567,10,-0.012093022333012656,false,-0.008431799511001379,false,-0.006480015172120308,false
28,-0.0016044123296070584,10,-0.011968014679494541,false,-0.008342294011607387,false,-0.006409435739722137,false
29,-0.0025702957221005692,10,-0.01198946320700769,false,-0.008360391543437973,false,-0.006425746868153954,false
30,-0.003009299643171372,10,-0.011958942162786439,false,-0.008339446054423473,false,-0.00640990607218798,false
31,-0.0017481070107362837,10,-0.012000066893669656,false,-0.008365476671228741,false,-0.006427890072630677,false
32,-0.007143479602876519,10,-0.011931355926105055,false,-0.008316211700924893,false,-0.006388991691510987,true
33,0.009048169383019713,10,-0.012453571745110241,false,-0.008688081568016915,false,-0.0066807126879595445,false
34,0.0002686641387368929,10,-0.013009528215072608,false,-0.009078775849655274,false,-0.006983306308518005,false
35,-0.0007842621214733082,10,-0.012859230745910187,false,-0.00896970250317346,false,-0.006896209389296611,false
36,0.007142981838116073,10,-0.012650804522061757,false,-0.008822421907893865,false,-0.006781525302351387,false
37,0.0035578052901795373,10,-0.012908611904274659,false,-0.009006684839181583,false,-0.0069265819589856194,false
38,0.0039989218469472995,10,-0.012780329842431264,false,-0.008914166751901844,false,-0.0068531295142092085,false
39,-0.0029600638325706853,10,-0.012876411658553561,false,-0.008976773346647527,false,-0.00689789059230656,false
40,0.003126439772464309,10,-0.012811808838456182,false,-0.008929850461895945,false,-0.006860392815667191,false
41,-0.0001617069457384298,10,-0.01292128919895014,false,-0.009008071920069338,false,-0.006921950268680041,false
42,-0.0019718736842228505,10,-0.013058178936101538,false,-0.009111484440982613,false,-0.007007516209491697,false
43,-0.003877386318532597,10,-0.01313206644108312,false,-0.009164530115260652,false,-0.007049451180942194,false
44,-0.00021933084593166998,10,-0.013194205241173623,false,-0.009210833824636363,false,-0.007087313262052046,false
45,-0.0029262372694646875,10,-0.013245914674712575,false,-0.009249272466030693,false,-0.007118677293259665,false
46,-0.00803426998354559,10,-0.013173043780915475,false,-0.009199645747083584,false,-0.007081441957915234,true
47,0.00177091342828217,10,-0.013395837972913448,false,-0.009358781315672067,false,-0.007206641349918563,false
48,0.005428648956258046,10,-0.013183694649642383,false,-0.009210894424898043,false,-0.00709300932554221,false
49,0.004766502088006958,10,-0.01320644579358848,false,-0.009226775422626737,false,-0.007105227873743838,false
50,-0.00057387462945869,10,-0.013098516627257435,false,-0.009148608496493375,false,-0.007042927087731373,false
51,0.0037229785643813503,10,-0.012940551168066857,false,-0.00903627019889559,false,-0.006954912461145637,false
52,-0.0023712866432084798,10,-0.012795597013762285,false,-0.00893454881320984,false,-0.006876238304437428,false
53,0.0011707842441693852,10,-0.012803910731184791,false,-0.00894113192648651,false,-0.0068818988390476656,false
54,0.009263248062411928,10,-0.012846771142913944,false,-0.008974138710551761,false,-0.006909652690666426,false
55,-0.00198747328694338,10,-0.01337246164952015,false,-0.009343699044892188,false,-0.0071959806078966205,false
56,-0.0007647449589058388,10,-0.013235300527563977,false,-0.009246308017931144,false,-0.00711979087141717,false
57,-0.001967229657741554,10,-0.012989347335822108,false,-0.009072901738781152,false,-0.006985059082926345,false
58,0.001974835117021318,10,-0.012850508594364131,false,-0.00897616787034215,false,-0.0069107711664941245,false
59,-0.0004317498935012958,10,-0.01269047795209425,false,-0.008861327211785763,false,-0.006820021121040014,false
60,0.0038219095244332213,10,-0.012520592532238892,false,-0.008742880067285661,false,-0.00672899553079601,false
61,0.0038564379341208643,10,-0.012385505459068673,false,-0.00864511955483923,false,-0.00665113366975287,false
62,-0.0008535502453248463,10,-0.012286278483690832,false,-0.008570669785269106,false,-0.006589892536916353,false
63,0.007485461202998749,10,-0.012175591262302946,false,-0.00849504998548745,false,-0.006532967049833853,false
64,0.003604636656422891,10,-0.012499734952743449,false,-0.008723191048755843,false,-0.006709929467792966,false
65,0.007757413397075694,10,-0.01249422272926693,false,-0.008719063781201422,false,-0.006706540515115898,false
66,0.007274656875438502,10,-0.012994229832122027,false,-0.00906856281430711,false,-0.006975804253159501,false
67,0.0018151444633232017,10,-0.013170423805111105,false,-0.009190254583572416,false,-0.0070684410992928335,false
68,0.0010142265474741812,10,-0.013027539645065478,false,-0.00908788632747986,false,-0.006987671721677655,false
69,-0.0013963927770698921,10,-0.012894939572704482,false,-0.008993660640077812,false,-0.006913903276901423,false
70,0.0016642815574443724,10,-0.012790746256038736,false,-0.00892339492156959,false,-0.006861724235429514,false
71,0.0034222119581832663,10,-0.012708534261912305,false,-0.00886845599670114,false,-0.006821324482864629,false
72,0.006349409299238988,10,-0.012630439279156316,false,-0.008811940738727184,false,-0.006776313296321044,false
73,-0.002959843620884069,10,-0.013019599830965036,false,-0.00908989690059726,false,-0.006994986809401709,false
74,-0.011311723862621352,10,-0.01309834756296068,false,-0.009148402479268422,true,-0.007042701371037134,true
75,-0.0008076063946168537,10,-0.014038636331946151,false,-0.009817679421401451,false,-0.007567502911093553,false
76,-0.0004974478981579584,10,-0.013907758401977064,false,-0.009724640274011315,false,-0.007494635478682335,false
77,-0.01436302551742714,10,-0.013705676810913487,true,-0.009578984063342275,true,-0.007379059429512169,true
78,-0.021116354555977126,10,-0.015425350382757403,true,-0.010808993254770078,true,-0.008348030351633255,true
79,-0.035421852765661815,10,-0.018419486520667307,true,-0.012944530532164034,true,-0.010025851753538498,true
80,-0.003325943896817192,10,-0.022991129172274312,false,-0.016168602914230654,false,-0.012531539411294403,false
81,-0.01144118906285261,10,-0.02200120770297937,false,-0.01546838648349887,false,-0.01198576366463218,false
82,-0.010160232745992166,10,-0.0229208321739375,false,-0.01612921058266669,false,-0.012508622243231265,false
83,0.007605780189830507,10,-0.022780322885817383,false,-0.016028206505197345,false,-0.012428678247379678,false
84,0.004625337068925354,10,-0.02213307106598412,false,-0.015566915294413553,false,-0.012066521949174675,false
85,0.010933117638768253,10,-0.021227273873218374,false,-0.014921341393458368,false,-0.011559672122185824,false
86,0.012020773150415871,10,-0.02091207466038415,false,-0.01469292856364495,false,-0.011377524792027272,false
87,0.00446468940712857,10,-0.02096867880099176,false,-0.014732323176404756,false,-0.011407745069171409,false
88,-0.0031521306678983095,10,-0.02013199826518832,false,-0.014138419520896256,false,-0.010943264870206798,false
89,-0.003974319153507113,10,-0.019603803509424846,false,-0.013764093995514875,false,-0.010650966462183565,false
90,-0.0017191399480184955,10,-0.018964193027389595,false,-0.013309015771518364,false,-0.010294261702127307,false
91,0.012429302941896113,10,-0.018131996024916015,false,-0.01271658989461209,false,-0.009829656925041744,false
92,0.007720949837069006,10,-0.018804483238998203,false,-0.013195682102113318,false,-0.010205650970149468,false
93,-0.004008546154557524,10,-0.018368913663275022,false,-0.012886488897481873,false,-0.009963828541319638,false
94,-0.01053535136616325,10,-0.018124363640879475,false,-0.0127144814811396,false,-0.009830493319836736,true
95,-0.012551423060254587,10,-0.01829524080036795,false,-0.012835190041387275,false,-0.009924457185466778,true
96,-0.0028559521992851883,10,-0.019031167693595096,false,-0.013360248601984334,false,-0.010337102618209665,false
97,0.0008047388345654164,10,-0.018452694904722285,false,-0.012949565444954004,false,-0.010015867493046695,false
98,0.010074235318431159,10,-0.018191776155245726,false,-0.012761362290126844,false,-0.009866428752659402,false
99,-0.0022092761632494995,10,-0.01800681806593418,false,-0.012622536714604284,false,-0.009752196249534736,false
100,0.004302622400400301,10,-0.01742806484916142,false,-0.01220973007752519,false,-0.00942785512004227,false
101,0.008337036447614238,10,-0.016837276762807066,false,-0.011789406428840216,false,-0.009098405432313458,false
102,0.006734161915355048,10,-0.017167300651428116,false,-0.01202953180359486,false,-0.009290606241975191,false
103,-0.0011196850772095268,10,-0.016902750147096003,false,-0.011839309220756893,false,-0.009140007599051965,false
104,-0.004030459456732588,10,-0.01636570211050277,false,-0.01145942369650671,false,-0.008843904828587268,false
105,-0.0008903479337821276,10,-0.016002809924721008,false,-0.011199506088810872,false,-0.008638882587434725,false
106,9.159078387921502e-5,10,-0.015458035965518995,false,-0.01081058435761889,false,-0.008333045102298708,false
107,-0.010073716584858387,10,-0.015137716509948128,false,-0.010583527708769861,false,-0.008155706510615012,true
108,-0.0012621565162001162,10,-0.016143851081296054,false,-0.01130884125731955,false,-0.008731315411026114,false
109,-0.000533750904504019,10,-0.015655397484929074,false,-0.010960944877259404,false,-0.008458349562878718,false
110,-0.008777743173897491,10,-0.01518520501106363,false,-0.010630402174083526,false,-0.008202253635714819,true
111,-0.020660885930743285,10,-0.01675542751511104,true,-0.011752370794157889,true,-0.009085259768906019,true
112,0.004225297778404133,10,-0.019088336613422137,false,-0.013419244624751197,false,-0.010397072662792965,false
113,0.006722680336744242,10,-0.018768822517342385,false,-0.01319926517150673,false,-0.010230154759338387,false
114,-0.004055485525289299,10,-0.01840597527891135,false,-0.012939879794088956,false,-0.01002592451718939,false
115,0.0039985297159188925,10,-0.01809438130389135,false,-0.012718166044288182,false,-0.00985212558287139,false
116,-0.0036359655004398715,10,-0.017788606548367114,false,-0.012502293525467686,false,-0.009684179613774616,false
117,-0.00016005351738515388,10,-0.017897954023550204,false,-0.012583507594137969,false,-0.009750395867534274,false
118,-0.0003476895231761491,10,-0.017730740719070867,false,-0.012463005799384827,false,-0.009654795805770711,false
119,0.009576686116995324,10,-0.017437293213565023,false,-0.012249621350477777,false,-0.00948409267608111,false
120,-0.007312256226552162,10,-0.017807930657037986,false,-0.012504387073372945,false,-0.009677087613493547,false
121,0.0035450419552299174,10,-0.017986016159012314,false,-0.012635389307418508,false,-0.009782989931627345,false
122,0.010539794530536486,10,-0.017469147736888277,false,-0.012266267045201352,false,-0.009492630600555054,false
123,-0.0013888285020154988,10,-0.017670788742487318,false,-0.0124086888479597,false,-0.009603482865406396,false
124,-0.0015896024147385945,10,-0.0171148763389584,false,-0.012011605239228475,false,-0.009291070299471519,false
125,0.0005639368260695651,10,-0.01660590350960115,false,-0.011651862006526077,false,-0.009010880812555199,false
126,0.003196933195927263,10,-0.016080147078722854,false,-0.011277368258944428,false,-0.008717024641725392,false
127,0.004297113113886916,10,-0.015928752264549626,false,-0.011167187707391836,false,-0.008628815261071735,false
128,0.005504270462232088,10,-0.01574487158966016,false,-0.011038818888562002,false,-0.008530039607298128,false
129,-0.0014423980793517917,10,-0.015464953432977532,false,-0.010835930690039958,false,-0.008368215794439426,false
130,-0.00868220939710118,10,-0.015233932346812178,false,-0.010672397028046355,false,-0.008240659428549717,true
131,-0.002074780201022301,10,-0.015588563504066347,false,-0.010928435396800888,false,-0.008444138346575576,false
132,-0.001377370424703941,10,-0.015230859759894662,false,-0.01067503050391128,false,-0.008246334785369958,false
133,-0.004116331881088374,10,-0.014959585960924579,false,-0.010483962727301618,false,-0.008098024542496257,false
134,0.00440891227372575,10,-0.014872938632122943,false,-0.010416239456743408,false,-0.008040389617363388,false
135,0.0057356978613872615,10,-0.014816291449171225,false,-0.010375358293742204,false,-0.008007913261259185,false
136,-0.0015931620206964703,10,-0.014626248411967455,false,-0.010236734965864552,false,-0.007896701590156197,false
137,-0.0034110644908219934,10,-0.014638734407505122,false,-0.010246550791896144,false,-0.007905093958704463,false
138,-0.0026063315936480603,10,-0.014552509933291293,false,-0.0101844972981997,false,-0.00785592592528255,false
139,-0.0007497556314555907,10,-0.014362321985935275,false,-0.010047571655649984,false,-0.007747394220339869,false
140,0.003603859440777758,10,-0.014235142196197618,false,-0.009952207235177504,false,-0.007668990455497022,false
141,0.001608849484954475,10,-0.014389594935928543,false,-0.010061953788335945,false,-0.007754904306018881,false
142,-0.002043950785009753,10,-0.014045005932073518,false,-0.00981786110714572,false,-0.00756438584257718,false
143,0.0011631605983066398,10,-0.013975669305787053,false,-0.009770303840406697,false,-0.007528439071823268,false
144,0.00821617200549487,10,-0.013778622588951515,false,-0.009634792002085748,false,-0.007425731249542442,false
145,0.00705318579143153,10,-0.014118195995453666,false,-0.009875384927682463,false,-0.007613558047023518,false
146,0.004192277736804853,10,-0.014157932738936231,false,-0.009901473328908611,false,-0.0076323705674954,false
147,-0.009506166595619762,10,-0.013899778179807556,false,-0.009717766398630631,false,-0.007488351392680985,true
148,0.0011891750350087687,10,-0.014596235153402528,false,-0.010211375294020395,false,-0.007873822728173328,false
149,7.775515187334137e-5,10,-0.014377902094547637,false,-0.010056460718792216,false,-0.007752716311900692,false
150,0.00034887496698693225,10,-0.01410199321413678,false,-0.009862966158601312,false,-0.0076031565208633505,false
151,0.001869758986148754,10,-0.01386298955071071,false,-0.009693146546280508,false,-0.007470218670186712,false
152,-0.0006977007621929232,10,-0.013755140521551659,false,-0.009616129858735403,false,-0.0074096385898678434,false
153,-0.0023272606667615312,10,-0.01350695900407386,false,-0.009442174967169816,false,-0.0072752536379170904,false
154,-0.000291791689655979,10,-0.013587703039371207,false,-0.009498419510285981,false,-0.007318437592406338,false
155,-0.0019061750949817774,10,-0.013322127934120322,false,-0.009311485691018329,false,-0.007173427151701925,false
156,-0.007521487106951951,10,-0.013145125518483649,false,-0.00918631297665057,false,-0.007075884659296448,true
157,-0.0019665953035898557,10,-0.013660478235482098,false,-0.00954908126734767,false,-0.007357310756936714,false
158,0.0021022451165251125,10,-0.014261816551136512,false,-0.009974798984933303,false,-0.00768940578353648,false
159,0.004504902526672803,10,-0.014191399802216034,false,-0.009922012951774554,false,-0.007646018619711801,false
160,0.009283685023842365,10,-0.01438054253607616,false,-0.010062807927534194,false,-0.007761039584528099,false
161,0.00017267123999472933,10,-0.0146175334510653,false,-0.01022703069637654,false,-0.007886469923921778,false
162,0.005324406767716831,10,-0.014250515016486309,false,-0.009967454835351679,false,-0.007684171301291501,false
163,0.004165224607006671,10,-0.014156125063606502,false,-0.009897570898578371,false,-0.007627351431025555,false
164,-0.003913887424600451,10,-0.013953650253448168,false,-0.009753328920788382,false,-0.007514153160693606,false
165,0.0016558323863299054,10,-0.013855955486214204,false,-0.009684532922658959,false,-0.0074607629894404065,false
166,0.0010974465787257125,10,-0.013591715808491889,false,-0.009494544845094714,false,-0.00731035816516905,false
167,-0.0027379580833020224,10,-0.013318623255649923,false,-0.009300786134586812,false,-0.0071588920324523655,false
168,-0.0031270908366140358,10,-0.013337148895080305,false,-0.009312973102228594,false,-0.007167699877618477,false
169,-0.0020635451967663293,10,-0.013255801607207475,false,-0.009256658859620607,false,-0.007124730658812015,false
170,-0.005479536048030085,10,-0.013161602738047585,false,-0.00919261924910451,false,-0.007076768837481358,false
171,-0.00851653464685888,10,-0.013347429946322554,false,-0.009322076103752176,false,-0.007176174865196146,true
172,0.005019321127973559,10,-0.013815805744523412,false,-0.009655941828738407,false,-0.00743833376787599,false
173,-0.0035265756931782345,10,-0.013701490073268903,false,-0.009572959654568069,false,-0.00737205536505865,false
174,0.003208143466937218,10,-0.013811114935912795,false,-0.009652540395196741,false,-0.007435619695412539,false
175,-0.00952426975679929,10,-0.013737426746840918,false,-0.009599459672416532,false,-0.007393524736659115,true
176,-0.0007926121670341555,10,-0.014608080847566663,false,-0.010228249477465905,false,-0.007893377580647945,false
177,-0.005432587416653173,10,-0.014296244746205358,false,-0.010008096082536956,false,-0.007722099897266809,false
178,-0.001365780257603674,10,-0.014391672956975063,false,-0.010079739057179156,false,-0.007781063050541365,false
179,0.004422422470902712,10,-0.014196256032861614,false,-0.009942967348553055,false,-0.007675554889288114,false
180,-0.007683448051782475,10,-0.01414001748953573,false,-0.009898904909606097,false,-0.007637983486530621,true
181,0.002366895505663093,10,-0.014458304646497831,false,-0.010121819377131433,false,-0.007810055126222443,false
182,0.0035166990743816153,10,-0.014413537388176441,false,-0.010090091096390768,false,-0.007785277876182253,false
183,0.010007762974469224,10,-0.014620563846381569,false,-0.010235970577751611,false,-0.007898560130448068,false
184,0.006100671694157735,10,-0.015159042048218831,false,-0.010612791093127806,false,-0.008189201531349846,false
185,0.0012487232469701392,10,-0.015101277479474073,false,-0.01057090718028204,false,-0.008155783537401033,false
186,-0.009205932526966774,10,-0.014779203391811959,false,-0.01034402454407882,false,-0.00797964711173595,true
187,0.004617142980542736,10,-0.015296218596728679,false,-0.010709160695380172,false,-0.008263817101549295,false
188,0.003965187119831316,10,-0.015272474122763977,false,-0.01069177588077568,false,-0.008249822597817239,false
189,-0.003031996380824307,10,-0.014954441044767198,false,-0.010465268676863383,false,-0.008072107498708429,false
190,0.0008729365903348939,10,-0.014721716736621551,false,-0.010302121904153368,false,-0.007946052252683099,false
191,0.0013711138796574467,10,-0.014395871510645964,false,-0.010074064466859685,false,-0.00777012512369398,false
192,-0.002392516364639453,10,-0.01405118406243278,false,-0.009829938292204672,false,-0.007579607791868407,false
193,0.003175871599250284,10,-0.0139323327182918,false,-0.009746662718441223,false,-0.007515297529653071,false
194,-0.0015841594903230685,10,-0.013868830174261226,false,-0.009699903150721481,false,-0.007477463580651009,false
195,0.006397406770136981,10,-0.013610763612940354,false,-0.009517010615248305,false,-0.0073346460401926316,false
196,0.003602844303449531,10,-0.013696384056527245,false,-0.009574500313744173,false,-0.007377139342571982,false
197,0.0025323316539304875,10,-0.013790179733634524,false,-0.009642436969604547,false,-0.007431290649891133,false
198,-6.957680690682024e-6,10,-0.013859509750333466,false,-0.009694180884004637,false,-0.00747365947822913,false
199,-0.002254509222047402,10,-0.013866162236254928,false,-0.00970365778980995,false,-0.0074846420718233915,false
200,0.0011946253788397813,10,-0.013717639567955575,false,-0.009603307800756956,false,-0.007409972759824447,false
201,-0.0015995304277096028,10,-0.01381607504987216,false,-0.009672733116905793,false,-0.0074639328639481035,false
202,-0.006283831838772326,10,-0.013888752181859596,false,-0.009723842864526667,false,-0.007503545118768429,false
203,0.0032645234554247995,10,-0.014211485606719995,false,-0.009947593242244012,false,-0.007674528000318356,false
204,-0.00027074756342568973,10,-0.01397560642850112,false,-0.00977839728780166,false,-0.007540880625724968,false
205,0.0052734858945636285,10,-0.013651832936357362,false,-0.009547949087906535,false,-0.007360183793798295,false
206,0.0007855289343902418,10,-0.01353349457356036,false,-0.00946319106975028,false,-0.007293327333113495,false
207,0.000601537122125504,10,-0.013243916955375778,false,-0.009257668402724073,false,-0.007132614049523341,false
208,-0.010933608451433312,10,-0.01298133715408979,false,-0.009072857762930403,true,-0.0069892618619539024,true
209,-0.009274543216958519,10,-0.013960414521063414,false,-0.009762111621708579,false,-0.007524011880939917,true
210,0.005739260913101906,10,-0.014444943475270795,false,-0.010105853201461937,false,-0.007792700232323906,false
211,-0.005619119432294414,10,-0.014571752392092994,false,-0.010193750797477284,false,-0.007859854347199728,false
212,0.0037654082391982042,10,-0.014865534901637743,false,-0.010404350236637178,false,-0.008026109199337736,false
213,0.005470667488495602,10,-0.015013336254282144,false,-0.010507195801800717,false,-0.008104989000544023,false
214,0.00375131023982708,10,-0.01476362122462897,false,-0.01032891356355049,false,-0.0079647873190697,false
215,0.0025045472772925546,10,-0.01449496924267198,false,-0.01013783048926504,false,-0.00781505594243762,false
216,0.001578734041252268,10,-0.014208051115198225,false,-0.009935212024740863,false,-0.007657377316299884,false
217,-0.0036525865086233437,10,-0.01410063724199138,false,-0.009861353688173523,false,-0.007601407312150335,false
218,0.005609127834154071,10,-0.013961149065514376,false,-0.009763959995047169,false,-0.0075264540323370255,false
219,0.007939451083486789,10,-0.013974265991187052,false,-0.009774544339821029,false,-0.007535688267604973,false
220,0.0020355275456049684,10,-0.014228874146580235,false,-0.009953433352947759,false,-0.007674211686171146,false
221,0.0028288248307065675,10,-0.013928740880802924,false,-0.009740919776092085,false,-0.007508407841262608,false
222,-0.0021967108927831657,10,-0.01378287072264359,false,-0.009639778395624313,false,-0.0074311112066734065,false
223,-0.0033464203104189164,10,-0.013677146442891776,false,-0.009564004088949925,false,-0.007371303119823441,false
224,-0.0062077906209695045,10,-0.01357743788733547,false,-0.009493650312852708,false,-0.007316598268035094,false
225,-0.006950569908040783,10,-0.013901218940935175,false,-0.00972167902112478,false,-0.007493581755323063,false
226,-0.003749100646367411,10,-0.014473460322155107,false,-0.010135165432000916,false,-0.007822436478946052,false
227,-0.004420257419860945,10,-0.014335155702302598,false,-0.010040349444811117,false,-0.00775080412090882,false
228,0.0006030267116311676,10,-0.014273644256504249,false,-0.009998540845434646,false,-0.007719499036053892,false
229,0.0012179632864223787,10,-0.014048497140353769,false,-0.00983803177357769,false,-0.0075934482664312426,false
230,0.001997125113970549,10,-0.013762185635965785,false,-0.009634438801616099,false,-0.007433952238024801,false
231,0.006625935410504153,10,-0.013692211544795451,false,-0.009584667106039129,false,-0.0073949503647842245,false
232,0.004623818874571604,10,-0.013834055311645749,false,-0.009685878941382169,false,-0.007474501467790084,false
233,-0.0031591211212864305,10,-0.01370894457454946,false,-0.009594912544398282,false,-0.007401737292176653,false
234,0.004752665069833403,10,-0.013721241142456308,false,-0.009610204069018255,false,-0.007418625417138231,false
235,0.002855067153026639,10,-0.013688986799250959,false,-0.009588273054135819,false,-0.007402197730385577,false
236,0.005931383333808649,10,-0.013815462997468629,false,-0.009674959784086013,false,-0.007467672842034378,false
237,0.005174866437455458,10,-0.014071226608642901,false,-0.00985482444475971,false,-0.007607076053043246,false
238,-0.002958030355859532,10,-0.01393285548210173,false,-0.009752692476663905,false,-0.007524263046219793,false
239,-0.000559812467256563,10,-0.013954098892344929,false,-0.0097684637613171,false,-0.007537117160969327,false
240,-7.594943162506345e-5,10,-0.013811717134051348,false,-0.009669098616322725,false,-0.007460684013351441,false
241,-0.0014234056768166426,10,-0.013619688724963558,false,-0.009534001751771676,false,-0.007355937144530531,false
242,0.0010624429458684739,10,-0.013484528306795609,false,-0.009438590723102405,false,-0.0072817163683193105,false
243,0.00048019024182514,10,-0.013537473033706292,false,-0.009474565512151438,false,-0.007308644546287744,false
244,-0.003815867325296778,10,-0.013337402573019368,false,-0.009334385049721387,false,-0.007200391220318938,false
245,-0.0028305341087547183,10,-0.013326514515432323,false,-0.00932606961197592,false,-0.0071934472366916155,false
246,-0.00878482532366644,10,-0.013243158831697799,false,-0.009267691745805192,false,-0.007148384952639336,true
247,-0.003113197657945762,10,-0.01413265511689922,false,-0.009902482340342479,false,-0.007647392885964806,false
248,-0.0039021319316596536,10,-0.014098062259569975,false,-0.009880799706172476,false,-0.0076325926439896104,false
249,-0.005038947541500793,10,-0.014218501674798973,false,-0.009966201244399168,false,-0.007699315619636174,false
250,-0.011391154818448143,10,-0.014296732779290052,false,-0.010022015688907128,true,-0.007743179825654949,true
251,-0.029147036484806967,10,-0.015807851484168887,true,-0.011117463829482874,true,-0.008617035526496326,true
252,0.004398806763038627,10,-0.02111197567976422,false,-0.01487500421674469,false,-0.011550097808321738,false
253,-0.0033643757782310228,10,-0.020137193021527673,false,-0.014183402730613838,false,-0.011009459157192075,false
254,0.011920190015137114,10,-0.019428471687708237,false,-0.013679779005314956,false,-0.01061517220807784,false
255,0.0038371515507577645,10,-0.020129699433050895,false,-0.014177740973125396,false,-0.011004773942025233,false
256,-0.005744348565830975,10,-0.0196173078864196,false,-0.013809561283963634,false,-0.010713473060456873,false
257,0.00024332710741290837,10,-0.019157391695220703,false,-0.013485826960889359,false,-0.010462336787369403,false
258,-0.005414294637431834,10,-0.018497718329901602,false,-0.013017272754379515,false,-0.01009566749722723,false
259,-0.013937928709062545,10,-0.018317238259542047,false,-0.012888330916405647,true,-0.009994200500232515,true
260,-0.010793641206490649,10,-0.018876879951964926,false,-0.013277463243478768,false,-0.01029243491556931,true
261,-0.010070147657204445,10,-0.01961444619005537,false,-0.013820230556026778,false,-0.01073135564172034,false
262,-0.007039787770765842,10,-0.019929427849571198,false,-0.014041063246786684,false,-0.010901997865613588,false
263,0.003909748826682423,10,-0.020423291759245003,false,-0.014395800140422332,false,-0.011182566661807584,false
264,0.009709333239326995,10,-0.019865803730811312,false,-0.013995445079516037,false,-0.010865978604454872,false
265,0.008002431119057195,10,-0.019927011204083744,false,-0.014034840802283694,false,-0.010893746563737918,false
266,0.00795413127010481,10,-0.019516590093459355,false,-0.01374090462764296,false,-0.01066190807744372,false
267,0.0073089114017135595,10,-0.01921302613520227,false,-0.013517645455730861,false,-0.010481459089982296,false
268,0.0014945327296139875,10,-0.018639546374049173,false,-0.013102581581706626,false,-0.01015084613920403,false
269,0.005904227610225927,10,-0.018457565060010322,false,-0.012972388765194014,false,-0.010048261579090948,false
270,0.011494484167356748,10,-0.01802738843215414,false,-0.012664249604742717,false,-0.00980518014094094,false
271,0.0016168143144677358,10,-0.019098456884701364,false,-0.013429021693931877,false,-0.01040666677220485,false
272,-0.008084165517912485,10,-0.018471383773322397,false,-0.012981659415761057,false,-0.0100551076742377,false
273,-0.0078834547793926,10,-0.01835165814612724,false,-0.012900664263002022,false,-0.009994759594087134,false
274,-0.007488815702746855,10,-0.018537657761106042,false,-0.013042331565188074,false,-0.010112793504365144,false
275,-0.00524720904285458,10,-0.018473706215158703,false,-0.012996222166938753,false,-0.010076195689032773,false
276,0.0036141286636127575,10,-0.018270791003620883,false,-0.012855615978176818,false,-0.009968806209752112,false
277,0.0065683232489846905,10,-0.017685255742931158,false,-0.012442624468917982,false,-0.009647797135921664,false
278,-0.0019188676869534111,10,-0.017448564186601873,false,-0.01227076651832324,false,-0.009510501740641804,false
279,-0.01274002264566078,10,-0.016931019731559853,false,-0.011911459373105263,true,-0.009235550319769381,true
280,-0.003382517168214794,10,-0.01858016932123445,false,-0.013085528062996104,false,-0.01015635513991572,false
281,-0.0002504759800219788,10,-0.01810903602711987,false,-0.012751778426284178,false,-0.009895844222607768,false
282,0.0037086244951487456,10,-0.017676795579966695,false,-0.012443968620840603,false,-0.009654367931831921,false
283,0.004827303976475148,10,-0.01766649555568746,false,-0.012438733342203096,false,-0.009651832650355067,false
284,0.007604791792807106,10,-0.01720117505388687,false,-0.012104419346232326,false,-0.009387357737882011,false
285,0.008467896748888043,10,-0.01731720219284598,false,-0.012192223341279097,false,-0.009460116079342521,false
286,-0.0007760734480763277,10,-0.017175515782403443,false,-0.012083991920366568,false,-0.009369719389555761,false
287,0.014297448624290398,10,-0.016955386321531134,false,-0.011928334295983471,false,-0.009248431462641506,false
288,-0.014026790585292841,10,-0.01768178639717656,false,-0.012434596301894786,true,-0.009637338678149072,true
289,-0.023809798060770118,10,-0.019159914674580693,true,-0.013499394372934176,true,-0.01048179194561106,true
290,-0.003653724074109614,10,-0.021030253163633977,false,-0.01480637195519021,false,-0.011488443913044046,false
291,-0.014895271923569311,10,-0.020842422813047455,false,-0.014677605633985968,true,-0.011391164407350314,true
292,-0.0005335507573970676,10,-0.021052255369454667,false,-0.01481934223384492,false,-0.01149659930474719,false
293,0.013144637779578902,10,-0.020271240087650046,false,-0.014264956588511957,false,-0.011063029080025176,false
294,0.0018219036756245836,10,-0.020370939137700973,false,-0.014325578037089457,false,-0.011102818403855082,false
295,-0.015936672078419818,10,-0.01954652965445174,false,-0.013740000705852703,true,-0.010644561609111418,true
296,-0.010391141464761196,10,-0.0209930747427048,false,-0.014773577148281295,false,-0.011457985994548751,false
297,-0.008815717613532663,10,-0.022719599024509377,false,-0.01600701339771326,false,-0.012428558838484444,false
298,-0.0020764383888349646,10,-0.022130705844576302,false,-0.015590020361434176,false,-0.012103205132709415,false
299,-0.013930970701227618,10,-0.021541139098240524,false,-0.015174952324125808,false,-0.011781161711490261,true
300,-0.007727624417429064,10,-0.021936248669118683,false,-0.015457317678960589,false,-0.01200342354193698,false
301,-0.011246112899827677,10,-0.021663959095047817,false,-0.015270566155851588,false,-0.011862272037281393,false
302,-0.0037819320766831616,10,-0.02259631807456206,false,-0.015941065704956372,false,-0.012393175292986934,false
303,0.006933186790533533,10,-0.022995558152395002,false,-0.016231051924137926,false,-0.012624918684390807,false
304,0.012431286784206828,10,-0.02298640707153348,false,-0.01622103792007475,false,-0.012614444659161882,false
305,0.004969453191174979,10,-0.023048564717025526,false,-0.016253547303609076,false,-0.01263114866395328,false
306,-0.009365924451619925,10,-0.02220365005292277,false,-0.01565198149556838,false,-0.012159311230621464,false
307,-0.004100292474878047,10,-0.02198775159764993,false,-0.015494802673912194,false,-0.01203343562836749,false
308,0.01588033993733935,10,-0.02126136980955736,false,-0.014986277925833796,false,-0.011641049662189576,false
309,0.011350844561723524,10,-0.023119809618610234,false,-0.016296869129273004,false,-0.012659584801166923,false
310,0.0029540214394118153,10,-0.022829540283522458,false,-0.016088403956417557,false,-0.012494729124499587,false
311,0.013851428051999388,10,-0.02212868800453272,false,-0.015590083094925683,false,-0.012104377012253784,false
312,0.0023110838770244446,10,-0.02209255101087938,false,-0.015555672396500294,false,-0.012070886595426645,false
313,0.0008857956600377711,10,-0.021213033834721545,false,-0.014929969645262314,false,-0.01158049137493014,false
314,-0.0067630651362371045,10,-0.02026862183016866,false,-0.01425556253916099,false,-0.011050022881100827,false
315,0.008217516735626842,10,-0.019977716907892084,false,-0.014050565302027182,false,-0.010890822713034532,false
316,1.6397054262243162e-5,10,-0.019545007836620186,false,-0.013741508912820274,false,-0.010647685111087477,false
317,0.0023901161636397097,10,-0.018711522555514254,false,-0.01314771924966912,false,-0.010181676294928192,false
318,0.010650257307221427,10,-0.018163807811793713,false,-0.01275666117138653,false,-0.009874131305317753,false
319,-0.007854996041172032,10,-0.018681706195086984,false,-0.013121656658439423,false,-0.010157614824167742,false
320,0.0005067940339606588,10,-0.018734100100596552,false,-0.013166153470429084,false,-0.010197901724823362,false
321,0.0029029354870795895,10,-0.018021717619782336,false,-0.012661775997812331,false,-0.009804410952400837,false
322,0.008971656964174317,10,-0.01744960705519783,false,-0.012257696798645332,false,-0.009489908652375563,false
323,-0.004715828052323186,10,-0.017413473730375134,false,-0.01222953559310998,false,-0.009465997354133254,false
324,0.0016052833692019562,10,-0.017109418157871654,false,-0.012018587706887676,false,-0.009304684830943355,false
325,0.005666580060103602,10,-0.01658754233744617,false,-0.011649037612115451,false,-0.009016339016869733,false
326,0.01223405082185466,10,-0.016502011299892733,false,-0.011594356609190875,false,-0.008978104053252174,false
327,-0.0009436919878138992,10,-0.017432059818552698,false,-0.012249640923269902,false,-0.00948691258657236,false
328,0.00017219856992833335,10,-0.0168135177978178,false,-0.01181154730744005,false,-0.009145015347688574,false
329,0.005929079265570082,10,-0.016329984350050862,false,-0.011472363045061556,false,-0.008882783101908905,false
330,-0.0021682766447130527,10,-0.016204015924714068,false,-0.01137633686184025,false,-0.00880271901716482,false
331,-0.0070070887546778765,10,-0.015778006764226783,false,-0.011075965316454193,false,-0.008569324419495436,false
332,-0.005335914042189373,10,-0.01605376132376925,false,-0.011272477998470656,false,-0.008723593549819568,false
333,-0.0011539072748696984,10,-0.015943142837207935,false,-0.01119165674668248,false,-0.008658657093630973,false
334,0.010553991626886831,10,-0.01551778545884678,false,-0.010890056432945125,false,-0.00842303121310933,false
335,0.003813075360186224,10,-0.016307544474514185,false,-0.011450528119920277,false,-0.008861270673584927,false
336,-0.0010399367378965824,10,-0.015863595719257235,false,-0.011134595158176977,false,-0.008613582457670051,false
337,0.0016488654680480261,10,-0.015543993716102338,false,-0.010907941076643567,false,-0.008436478569220137,false
338,0.006748847337909998,10,-0.01574347400868737,false,-0.011046736618065829,false,-0.008542923294347823,false
339,0.0059548086639305,10,-0.01559503748388482,false,-0.010937791213675774,false,-0.008455030460121644,false
340,-0.0013354361089205746,10,-0.015492658498725073,false,-0.010861376698221637,false,-0.008392457507391878,false
341,0.006236563473454099,10,-0.015133394000635717,false,-0.010609546835816669,false,-0.008197900651732506,false
342,0.004112071364769059,10,-0.015239170156102514,false,-0.010684878004659032,false,-0.00825700171086022,false
343,-0.00190769641457517,10,-0.014967759426195,false,-0.010490901630536719,false,-0.008104305305278548,false
344,-0.000631439294399026,10,-0.014632424742023682,false,-0.010255855375685498,false,-0.007922722441003054,false
345,-0.004782688242663052,10,-0.014303825445906165,false,-0.010024528739689032,false,-0.007743251500181476,false
346,0.005147161984244497,10,-0.014326320519423577,false,-0.010042340932548596,false,-0.007758567266690288,false
347,-0.0011428362881418155,10,-0.014394031297573958,false,-0.010090722603145455,false,-0.007796644661573392,false
348,-0.001848512078551255,10,-0.014255264018420777,false,-0.009992671933739017,false,-0.007720299866160266,false
349,-0.0032598969135590765,10,-0.01398444374436658,false,-0.009800153267223648,false,-0.007569523496886328,false
350,-0.00686596798880293,10,-0.014004213358136074,false,-0.009816561936640647,false,-0.007584140459305429,false
351,-0.007865894277465233,10,-0.014487045080527594,false,-0.010159895332760367,false,-0.007853107813871895,true
352,0.009061154077060875,10,-0.01467736633120255,false,-0.010294476392881606,false,-0.007957973984663008,false
353,0.006901508809981848,10,-0.015534657265986256,false,-0.01090669114591252,false,-0.008439539532050903,false
354,0.001822116772035263,10,-0.015395693059359504,false,-0.010804865019017507,false,-0.008357511578039753,false
355,-0.0009063252813646525,10,-0.015146865796287422,false,-0.01062602703550311,false,-0.00821598462047794,false
356,0.007261096220903222,10,-0.01476895557765185,false,-0.010354704144966176,false,-0.008001483040147911,false
357,0.004932942454042543,10,-0.014886519594205793,false,-0.010436030155780875,false,-0.008063490704193623,false
358,0.0005624884484266986,10,-0.014709935823488843,false,-0.010306272393224495,false,-0.007958695713318512,false
359,-0.004611441922055655,10,-0.014569412455594474,false,-0.010202932981640404,false,-0.007875178931252547,false
360,0.007291041699861175,10,-0.01463203385742082,false,-0.01024738700959593,false,-0.007909947999421829,false
361,-0.007955851745725127,10,-0.015014629551547323,false,-0.01052710364023908,false,-0.00813482018200288,false
362,-0.011506862002772908,10,-0.016130691452400998,false,-0.011324936859605865,true,-0.0087630068688028,true
363,0.0076109561607868295,10,-0.016595482119800158,false,-0.011657702699290172,false,-0.009025390761360559,false
364,-0.004274393381946281,10,-0.01663932363567163,false,-0.011687990679192743,false,-0.009048453401389921,false
365,-0.0010053511251400878,10,-0.01630472433624219,false,-0.011449108250592808,false,-0.008860597282450405,false
366,0.006461816545025817,10,-0.01588278606140478,false,-0.011150037951225973,false,-0.008627027446161574,false
367,0.009765151933025178,10,-0.015771739410203354,false,-0.01106984795914586,false,-0.008563287024880895,false
368,-0.0011866645741722293,10,-0.01615550337936144,false,-0.011341612486033666,false,-0.008775345063523204,false
369,0.007989886630195613,10,-0.015645143158350333,false,-0.01097752981743167,false,-0.008489242416843262,false
370,-0.0023226924081305236,10,-0.01567562420141732,false,-0.01099368145542703,false,-0.008497755102017683,false
371,0.001884475412064191,10,-0.015324220395657208,false,-0.010744763539129759,false,-0.008303472034167026,false
372,0.0020052864590555117,10,-0.015073700771366796,false,-0.010563014351035656,false,-0.008158384111139616,false
373,-0.0015595976948387387,10,-0.014662780658928554,false,-0.010267983711893344,false,-0.007925133721388384,false
374,0.001055455035702865,10,-0.014605406986701854,false,-0.010228951321590353,false,-0.007895879000611127,false
375,-0.003572604783430209,10,-0.014272896533266166,false,-0.009998327281347209,false,-0.007719570230233128,false
376,0.0032948106818210783,10,-0.014272774436480846,false,-0.009997783758297725,false,-0.007718802046401608,false
377,0.0017515480240614216,10,-0.014322708744168635,false,-0.010031302074075729,false,-0.0077435690576362,false
378,0.0011819058047377825,10,-0.014092393496658464,false,-0.009867694434409047,false,-0.007615522996874357,false
379,-0.0016056211061554475,10,-0.014032048254158352,false,-0.009822450031149212,false,-0.007578328795136246,false
380,-0.003576270316831844,10,-0.01405262837397273,false,-0.009835765762830058,false,-0.007587771908383345,false
381,-0.0008329337451730862,10,-0.013877463693505393,false,-0.009712050780209005,false,-0.007491484569306087,false
382,0.0042985470995431695,10,-0.013642380407013962,false,-0.00954801066951878,false,-0.007365317312756162,false
383,-0.0024143931697481165,10,-0.013791270792469794,false,-0.009656771576201663,false,-0.007452685342795314,false
384,-0.002909108999275542,10,-0.013622669964378418,false,-0.009538849285491867,false,-0.007361779592839087,false
385,0.0027495330197089894,10,-0.013684302293476556,false,-0.00958293795467404,false,-0.007396515801836435,false
386,0.0011209136676786197,10,-0.013622311561918132,false,-0.00953874166560506,false,-0.007361805664214241,false
387,0.0007157238126021749,10,-0.01337553258034097,false,-0.009363839209701798,false,-0.007225220318184785,false
388,-0.00045816024880507484,10,-0.013267316502622984,false,-0.009285587558959496,false,-0.007162942592586584,false
389,-0.004061980899728452,10,-0.013361980399960952,false,-0.009352577187310225,false,-0.007215179170542638,false
390,0.004758985032609502,10,-0.013427570745568626,false,-0.00939961902489225,false,-0.007252332867130777,false
391,-0.007379439817163244,10,-0.013547684233007836,false,-0.009486918882307745,false,-0.007322139899800101,true
392,-0.008870087798086967,10,-0.014117424225112514,false,-0.009892276885481895,false,-0.007639866472934034,true
393,-0.005634621203370306,10,-0.01505976518927454,false,-0.010573367639946941,false,-0.008181685707307373,false
394,-0.010401701010968715,10,-0.01507557989019516,false,-0.010584627350222172,false,-0.008190517168924268,true
395,0.0035094726872161963,10,-0.015508967732194626,false,-0.010888453029019373,false,-0.008425273737934042,false
396,-0.011808521713367033,10,-0.015203114310496818,false,-0.010668886053042378,true,-0.00825170574688719,true
397,-0.0034158960764186655,10,-0.01630758880881074,false,-0.011469620553332787,false,-0.00889051757815294,false
398,0.0038575776280023472,10,-0.01618456112731736,false,-0.011379677455467363,false,-0.008818211749397504,false
399,0.0014408576405903787,10,-0.015827407585047228,false,-0.011126823826654274,false,-0.008620960018509951,false
400,-0.0011648868631707909,10,-0.015678085500691934,false,-0.011021291267131044,false,-0.008538771492641388,false
401,0.00302010647933488,10,-0.015450602144636233,false,-0.01085900159466069,false,-0.008411236331655792,false
402,0.0023480178917078334,10,-0.01557901199756254,false,-0.010951423371327472,false,-0.008484472998034419,false
403,-0.0008862276702129607,10,-0.015404401648541509,false,-0.010827816824190307,false,-0.008388056388953421,false
404,-0.005790616763472325,10,-0.015156023586498129,false,-0.0106521729019128,false,-0.008251186767448744,false
405,0.0025064112056397453,10,-0.015339149904240443,false,-0.010785187199153782,false,-0.008357486531988749,false
406,-0.0032619569845400626,10,-0.015009380210015686,false,-0.0105494111666582,false,-0.008171818172758544,false
407,-0.00933341747324793,10,-0.015345077281115898,false,-0.01078896093966996,false,-0.008360112176930846,true
408,-4.239497045663743e-5,10,-0.015707521915073148,false,-0.011045222036101776,false,-0.0085597672224162,false
409,-0.003977009297922152,10,-0.015374911677647497,false,-0.010808024553718657,false,-0.008373433926692769,false
410,0.002919844180304363,10,-0.015484070697483091,false,-0.010889343546423442,false,-0.008439911503949892,false
411,0.006472195284299805,10,-0.015566043456455117,false,-0.01094652122971601,false,-0.008483871024146352,false
412,0.00809816042734028,10,-0.015878551684893886,false,-0.011171016096108844,false,-0.008661446292906185,false
413,0.000944203099739102,10,-0.016083741307229494,false,-0.01131280746596612,false,-0.008769440288958262,false
414,0.007780576141941546,10,-0.015651401484154035,false,-0.01100305742023606,false,-0.008525042399915084,false
415,0.004799843547689727,10,-0.01573247882093383,false,-0.01105700521698071,false,-0.008564527539253772,false
416,0.007014587957168512,10,-0.01554922900767057,false,-0.010919880728260533,false,-0.008451992290371106,false
417,-0.002303414575951635,10,-0.015380069686478237,false,-0.010795270616877285,false,-0.00835113119789273,false
418,-0.0012442143508988816,10,-0.015027655039340197,false,-0.01054829263531511,false,-0.008160361112604339,false
419,-0.0030028600402960412,10,-0.014789207125744584,false,-0.010377142433674373,false,-0.008025087072186667,false
420,-0.0025609757781173354,10,-0.014595536499238781,false,-0.01024332303564319,false,-0.007923174142589272,false
421,0.008015497599519016,10,-0.014324288759863649,false,-0.010051332114732338,false,-0.007773434738329662,false
422,0.011664299761277214,10,-0.014780703319281559,false,-0.010378488782687748,false,-0.008031684502636223,false
423,0.010745530089201557,10,-0.015233879561285005,false,-0.010691473896773546,false,-0.008269934245174918,false
424,-0.0016055572856439806,10,-0.015773649730845794,false,-0.011074919282862562,false,-0.008570043467639902,false
425,0.001173984959161967,10,-0.015404741626764454,false,-0.010814592432377082,false,-0.008367600881665821,false
426,-0.004247841652224215,10,-0.015057451455014009,false,-0.010566485316778361,false,-0.00817236788629695,false
427,-0.004370008198659212,10,-0.015014181266557113,false,-0.01054182330426441,false,-0.008157625823522804,false
428,0.006542480698084792,10,-0.015019716915402432,false,-0.010542021560425338,false,-0.00815497873539351,false
429,0.0034975837471114555,10,-0.014939022769530045,false,-0.01048099947649214,false,-0.008104443754888046,false
430,0.00514358846655174,10,-0.014911867443073974,false,-0.010460673745915815,false,-0.008087758856603825,false
431,0.0016468646639771858,10,-0.014855890120556714,false,-0.01042095369180608,false,-0.00805670549212577,false
432,0.0042608990188638465,10,-0.01446987979939378,false,-0.010145518693082271,false,-0.0078402177886351,false
433,-0.0014790584640056131,10,-0.014601385067342668,false,-0.010238501542216737,false,-0.007912664478843161,false
434,-0.00927877748707342,10,-0.014410005393147218,false,-0.01010498801082865,false,-0.007809999174065005,true
435,-0.002694712027875993,10,-0.014786491546282534,false,-0.010371058446485852,false,-0.008017207399303204,false
436,0.0036300584088579993,10,-0.014499009970021782,false,-0.010168348244644618,false,-0.007859688503487571,false
437,0.0030549227982564074,10,-0.014244628218113195,false,-0.009989519819355966,false,-0.007721137277051883,false
438,0.0006885897856675495,10,-0.013974268520096995,false,-0.009797926457931913,false,-0.0075715339582079575,false
439,0.0012235493017272565,10,-0.01404011788329313,false,-0.009843717814145551,false,-0.007606632465119379,false
440,-0.0022602421792118407,10,-0.013756280557537815,false,-0.009642820716433359,false,-0.007449950496075279,false
441,-0.0025524449229897732,10,-0.013655956608944649,false,-0.009574823735860416,false,-0.007399186902535231,false
442,-0.0014343572377451888,10,-0.013670432128298883,false,-0.009587707745462639,false,-0.007411222484177681,false
443,0.002829101049842799,10,-0.013670304072976347,false,-0.009583707853555138,false,-0.007405158530513599,false
444,-0.0009163019650607989,10,-0.013683496348254814,false,-0.009590486077193296,false,-0.007408517446956064,false
445,0.00339347348524603,10,-0.013611179972619944,false,-0.009543310087802013,false,-0.007374743704444884,false
446,0.0036643317532859747,10,-0.013510165751630766,false,-0.009471773633615878,false,-0.0073189217386655896,false
447,-0.0028413453249071146,10,-0.013460086896825051,false,-0.009438096082271717,false,-0.007293987661507444,false
448,-0.0013233033931461002,10,-0.013438260810028264,false,-0.009427555732290059,false,-0.007289463696061593,false
449,-0.001199111768642039,10,-0.013305359174002865,false,-0.009333065703597723,false,-0.007215450753104986,false
450,-0.003147479985512171,10,-0.013096547365306447,false,-0.00918573350147839,false,-0.007100893101760414,false
451,-0.006367617749663323,10,-0.013266344725930886,false,-0.009304146228965618,false,-0.007191912871459495,false
452,-0.004499162222972868,10,-0.013665526132805826,false,-0.009590460433495368,false,-0.007418057988058768,false
453,-0.011829152238957943,10,-0.01393135775743018,false,-0.009779851433393494,true,-0.007566698773766714,true
454,-0.02251686825732782,10,-0.014927416667034227,true,-0.0104866729414336,true,-0.008119328893291157,true
455,-0.006505082208657643,10,-0.018236904998492995,false,-0.012851034310949288,false,-0.009979846576625137,false
456,0.002163174827027225,10,-0.018421984812252684,false,-0.012980756364338155,false,-0.010080057612799283,false
457,0.009193471825205954,10,-0.017940711110652843,false,-0.01263429084983784,false,-0.009805457844014294,false
458,0.0014000993965618928,10,-0.018540907372755905,false,-0.013063212410756395,false,-0.010143073495494972,false
459,-0.0039707772009750075,10,-0.018212647028601446,false,-0.012828221867491732,false,-0.009957804737960698,false
460,-0.00438397328789608,10,-0.017956303067419827,false,-0.01264878317971751,false,-0.00981936396686926,false
461,-0.00754675654155436,10,-0.01812087545026363,false,-0.012766186850744763,false,-0.00991162217216434,false
462,-0.00705972804202849,10,-0.01944003447083534,false,-0.013711560450495198,false,-0.010657732147183989,false
463,0.006082656179949426,10,-0.01926386688946993,false,-0.01358775387238831,false,-0.010561839026164085,false
464,0.009038513421447993,10,-0.01904595577481389,false,-0.013431895816980965,false,-0.0104390612270288,false
465,0.0018802429551455675,10,-0.018866836855720662,false,-0.013299587595409126,false,-0.010331707615093137,false
466,0.0026515711920612915,10,-0.018431393959022175,false,-0.012987191559962913,false,-0.010084907406073226,false
467,-0.0028936635887383422,10,-0.018040781773060642,false,-0.012708490584147775,false,-0.009865865882284821,false
468,-0.005954201050379557,10,-0.01746305616389006,false,-0.012296423476219294,false,-0.009542110708386408,false
469,-0.008155033711290418,10,-0.01797154119202887,false,-0.012671508913368778,false,-0.009846081317194723,false
470,0.0021044271528947588,10,-0.018112130662936682,false,-0.012767980625174489,false,-0.009919034014870964,false
471,0.0014027544313569172,10,-0.017560677539377016,false,-0.012372261060356802,false,-0.009606335433961555,false
472,0.003519713692531996,10,-0.01698252841854377,false,-0.011958741763241175,false,-0.009280579686694086,false
473,0.00987549307951707,10,-0.016772271228932944,false,-0.011809453157464482,false,-0.00916379320735881,false
474,-0.0032236379924554994,10,-0.016832911610650005,false,-0.011843514185662183,false,-0.009183684880546272,false
475,0.00822727369626281,10,-0.016486467024235247,false,-0.011600712722944174,false,-0.008996135183562891,false
476,0.010349859560446832,10,-0.016767384950698093,false,-0.011794128130706676,false,-0.009142903322389663,false
477,0.0049371668431606895,10,-0.0169807386917746,false,-0.011945743448700873,false,-0.009261606115487854,false
478,0.0017097861143181349,10,-0.01652404332139632,false,-0.011617259812282099,false,-0.009001471680024154,false
479,0.0016517900680584317,10,-0.016366055627499456,false,-0.011502304224057434,false,-0.008909456348102694,false
480,0.008713109374972817,10,-0.016048402789717676,false,-0.011279058162161055,false,-0.008736538189099741,false
481,0.003743182338749563,10,-0.01620453915825128,false,-0.011387847789528073,false,-0.008820087443946838,false
482,0.003855230391965641,10,-0.015773344869922053,false,-0.0110778289514776,false,-0.008574666790057413,false
483,-0.0034683174204731835,10,-0.015388474897845738,false,-0.01079982984555972,false,-0.00835364014743695,false
484,0.00010072515313381864,10,-0.015209408988497711,false,-0.010670382490263693,false,-0.008250644259703725,false
485,-0.0007913984894233432,10,-0.01477550289960942,false,-0.010360690642447878,false,-0.008007170564176734,false
486,0.0014095315658267727,10,-0.01434728978088471,false,-0.010058856821616292,false,-0.007772709079413748,false
487,9.500593749558377e-5,10,-0.014120330506135828,false,-0.009896677531248106,false,-0.007645063759015123,false
488,-0.0011601729750460956,10,-0.01403656465809185,false,-0.009843752867787839,false,-0.007608580416935554,false
489,-0.002000613246884465,10,-0.013869481752995495,false,-0.009723985346205324,false,-0.007514036551224311,false
490,-0.003155644446239064,10,-0.013808895739232718,false,-0.009683394035045069,false,-0.00748410434203555,false
491,0.00043190536098296553,10,-0.013931111377030483,false,-0.009768944774806363,false,-0.007550109160323828,false
492,-0.0026438806238042968,10,-0.013599903001444718,false,-0.009531816431933713,false,-0.0073631345347685,false
493,-8.771477414439325e-5,10,-0.013610896733527096,false,-0.009537190901131651,false,-0.0073655133957155625,false
494,-0.004791827607421532,10,-0.013495951412097524,false,-0.00945672660929698,false,-0.007303430813168623,false
495,-0.013797284381764193,10,-0.01424450081440581,false,-0.009991678798067144,true,-0.007724515117770153,true
496,-0.0012761489481816965,10,-0.01629108761827426,false,-0.011454429621784635,false,-0.008876025140823144,false
497,0.00625849612495699,10,-0.01609275926683663,false,-0.011308067647408571,false,-0.008757366249768687,false
498,-0.00027453751548519434,10,-0.016183008421037006,false,-0.011372416435316161,false,-0.008807907648244087,false
499,-0.002973632518893336,10,-0.015676059730590063,false,-0.011005865862900834,false,-0.008516202793039697,false
500,-0.0008955244568895078,10,-0.015989087611528032,false,-0.011232716794958396,false,-0.008697113112527568,false
501,0.0026604541188519058,10,-0.015710060019563613,false,-0.011037774211280669,false,-0.008546995935629778,false
502,0.012523922173498108,10,-0.015359922363981676,false,-0.01078873143407971,false,-0.008351846464014817,false
503,0.0016724402029497853,10,-0.016264060377668876,false,-0.011426571349928787,false,-0.00884772384928272,false
504,0.00739574620480872,10,-0.01574875839336808,false,-0.011058368533928794,false,-0.008557939055596438,false
505,0.0033282176333974036,10,-0.015804424856925958,false,-0.0110950326579952,false,-0.00858447310279383,false
506,0.002188034840697423,10,-0.015396565736653423,false,-0.010804010163002671,false,-0.00835573578041037,false
507,-0.0017168555762112517,10,-0.014945216919427476,false,-0.010481414814099654,false,-0.008101778429047,false
508,0.004665855579382001,10,-0.014637256629971918,false,-0.01026600862754213,false,-0.007935712492268737,false
509,0.0013065147091301588,10,-0.014479655976958859,false,-0.010152400869816895,false,-0.007845557184235609,false
510,0.0010234632823426385,10,-0.014208842917631415,false,-0.009962773813931333,false,-0.007699210086374335,false
511,0.0028225211015324393,10,-0.013885599940120258,false,-0.009728706556560147,false,-0.00751268207543503,false
512,0.0019683297449772513,10,-0.013721545553679527,false,-0.009611709202214434,false,-0.007420770650775191,false
513,0.003146530055023034,10,-0.013474490257809703,false,-0.009437106163412005,false,-0.007284791642122079,false
514,0.003936828893341151,10,-0.01337006142989905,false,-0.009364559734527008,false,-0.007229241602183998,false
515,-0.0007662668833122446,10,-0.013318159587460614,false,-0.009324620406544233,false,-0.007195679446392935,false
516,-0.0003680768154198257,10,-0.01317579113915038,false,-0.009224269746029261,false,-0.0071177283130742265,false
517,0.0065121974767257266,10,-0.013189819543645393,false,-0.00923313306846356,false,-0.007123838149374186,false
518,0.005277750634164856,10,-0.013627003767000916,false,-0.009545748954512493,false,-0.007370047115742145,false
519,0.001588264667631326,10,-0.01372926988320686,false,-0.009613447731515953,false,-0.007419318172125437,false
520,-0.0005088809396133424,10,-0.01355410982880358,false,-0.009484596250798664,false,-0.007315153620685672,false
521,0.0031639123418802507,10,-0.013265689898926191,false,-0.009279504180512538,false,-0.007154483324011608,false
522,0.00021209432729358212,10,-0.013064280603332463,false,-0.009137873755108326,false,-0.007044720793107137,false
523,-0.003307637918965537,10,-0.01293245661002155,false,-0.00904141638636197,false,-0.006967117241049893,false
524,0.0022558620845361996,10,-0.012979960148155306,false,-0.009072010683322834,false,-0.006988697284110338,false
525,-0.0038909857786978957,10,-0.012765845957087749,false,-0.008920115750394262,false,-0.00686997120746726,false
526,-0.0027357667790580634,10,-0.012785943369841003,false,-0.008933431503952708,false,-0.006879671683602962,false
527,0.009441711789253043,10,-0.012679941538748862,false,-0.00885905952971597,false,-0.006822161469016658,false
528,0.00177779743377704,10,-0.013516360408147765,false,-0.009445649195875469,false,-0.00727556811136611,false
529,-0.000173944345729877,10,-0.013222318349414687,false,-0.009234771919261793,false,-0.007109025672367682,false
530,-0.005524146067269091,10,-0.013260960069120552,false,-0.009258896432447745,false,-0.007125411116475532,false
531,-0.0030623752219283867,10,-0.013386723055410917,false,-0.00934549005316368,false,-0.007191123693341182,false
532,0.0024407755568945826,10,-0.013215975055331444,false,-0.009216083082406477,false,-0.0070837554723424834,false
533,0.006257392994605255,10,-0.013018024224682775,false,-0.009073738196852126,false,-0.006971053910360597,false
534,0.00010112765338557615,10,-0.013288424457228167,false,-0.009271015331344501,false,-0.007129349391856517,false
535,0.003331204217083747,10,-0.013115391526237153,false,-0.009153626164074544,false,-0.007041623709128999,false
536,-0.006429677746233502,10,-0.013005451331795818,false,-0.009077076630065996,false,-0.006982874612642528,false
537,-0.0008676217312422527,10,-0.013224786893707263,false,-0.009229672442240076,false,-0.0070998917111870785,false
538,-0.004376092965475365,10,-0.013617000247336423,false,-0.009502040333603363,false,-0.00730837043007766,false
539,0.0012735276220592374,10,-0.013767879876532413,false,-0.009611605461286483,false,-0.007395910949879306,false
540,0.0031633917863999233,10,-0.01376356119561822,false,-0.009606710403511923,false,-0.007390708627733237,false
541,0.0061964044053818045,10,-0.01344696490395875,false,-0.009376883435101555,false,-0.0072071380644765605,false
542,5.1707285209224197e-5,10,-0.013590998174199813,false,-0.009482413090137252,false,-0.0072921415847202655,false
543,-0.000744076965267511,10,-0.013387675580353019,false,-0.009341306156883715,false,-0.007184201589913905,false
544,0.0036347951388320905,10,-0.013098116803395312,false,-0.009133757920708193,false,-0.007020372869567772,false
545,0.006115683699599077,10,-0.012982049688570776,false,-0.009050772120788558,false,-0.006955022596213964,false
546,0.008052168125315208,10,-0.013434418757374047,false,-0.009372163110874422,false,-0.007206589657190553,false
547,0.006080034166667241,10,-0.013642990550598305,false,-0.00951631751433141,false,-0.0073164033885247,false
548,0.0036920204037457494,10,-0.013984182179410925,false,-0.009758080891119878,false,-0.0075051619320710165,false
549,0.00020830383762984842,10,-0.013741963988843666,false,-0.009584651182582619,false,-0.0073684031087676155,false
550,0.0014206019241942635,10,-0.01347555288473216,false,-0.009393445919277982,false,-0.00721728980091479,false
551,0.002939851233547626,10,-0.013197442997287341,false,-0.009193822771846686,false,-0.0070595076441621425,false
552,0.0006693107985779288,10,-0.013138163158014018,false,-0.009147142690783169,false,-0.007019544447577696,false
553,-0.00046231206845404456,10,-0.012896331600912135,false,-0.008973647501483233,false,-0.0068824791230895875,false
554,0.0021522156129278763,10,-0.012654488235674863,false,-0.00880097331899811,false,-0.006746678775984603,false
555,0.0034891965121952523,10,-0.012528047607799728,false,-0.008714191428290448,false,-0.006681038811312667,false
556,-0.002603064837180853,10,-0.012439897019440654,false,-0.00864557183192892,false,-0.00662283111451498,false
557,0.0002119994617475396,10,-0.012484330719933366,false,-0.008674812295186973,false,-0.006643972119222399,false
558,0.005424791070111536,10,-0.012387742621629914,false,-0.008612035453773516,false,-0.0065992199337460335,false
559,-0.004270983762825347,10,-0.012790140896803687,false,-0.008905089528205316,false,-0.006833983019365957,false
560,-0.004873357190724434,10,-0.013048506631687273,false,-0.009093424029589705,false,-0.006984984129306782,false
561,0.0024450521109297746,10,-0.013064481239972465,false,-0.0091075319725348,false,-0.006998096959866246,false
562,-0.001382503772793108,10,-0.012888429574461307,false,-0.008981469104162998,false,-0.006898682934277114,false
563,0.007623942269585486,10,-0.012829631504792896,false,-0.008943151092838914,false,-0.006871282766274533,false
564,0.002787329283088387,10,-0.013111123530038907,false,-0.00914185594442908,false,-0.007025854081924117,false
565,0.0016873891068815766,10,-0.013013971931507114,false,-0.00907396780872465,false,-0.006973566189970079,false
566,0.002224911460355635,10,-0.013064960415863015,false,-0.009111777994682562,false,-0.007004351073815358,false
567,0.00020102227157244804,10,-0.01287607341492899,false,-0.008973679960204308,false,-0.006893328449421508,false
568,0.004073916595630205,10,-0.01280911723782368,false,-0.008924160530706141,false,-0.006853104485551937,false
569,0.004258580979185426,10,-0.012964413607251273,false,-0.009039215608748076,false,-0.0069467070800600435,false
570,-0.005285979825999841,10,-0.012858251320358612,false,-0.008964276586663182,false,-0.006888413064909488,false
571,0.0028780226589853217,10,-0.012954788809962491,false,-0.009030350063425025,false,-0.0069382462891504825,false
572,-0.0030833873199889246,10,-0.012814563938291031,false,-0.008928373547284745,false,-0.006856659829814421,false
573,-0.0037764854797901343,10,-0.01286378334012379,false,-0.008959932957764198,false,-0.006878804764250261,false
574,-0.015160149940115367,10,-0.013228078578132674,true,-0.009219968071204846,true,-0.007083259191074768,true
575,-0.003292997756950135,10,-0.015424132962142395,false,-0.010796857579875484,false,-0.008330074195782763,false
576,-0.0007137974668474616,10,-0.015387760167017607,false,-0.010772241009320645,false,-0.008311724825044898,false
577,-0.008211434436627644,10,-0.014998193751852771,false,-0.010493728461947916,false,-0.008092414683662232,true
578,-0.007648778433903711,10,-0.01508405649766233,false,-0.010551359490519245,false,-0.00813499548823899,false
579,-0.0023990857914143885,10,-0.016016210913858134,false,-0.011220937944567869,false,-0.008664595668470354,false
580,0.009500711155948242,10,-0.015774026002415665,false,-0.011050358309375001,false,-0.0085321885410869,false
581,0.00957966774763021,10,-0.01606024648237701,false,-0.01125116399540346,false,-0.00868745991652801,false
582,0.010305291535056112,10,-0.016531662508972467,false,-0.011579831232721716,false,-0.008940028302492438,false
583,-0.006565746169329148,10,-0.016494870507953945,false,-0.011546940802788274,false,-0.008909217785667563,false
584,-0.0018994705801603446,10,-0.016433284308752513,false,-0.011506897556750257,false,-0.008880659008246103,false
585,0.005932021774006507,10,-0.01595953248898328,false,-0.011168576674649933,false,-0.00861453585788529,false
586,0.003948362708988554,10,-0.01574607703509743,false,-0.011012937527003277,false,-0.008489718369158487,false
587,-0.002658940314581771,10,-0.015373134541270794,false,-0.01074746451402001,false,-0.008281536938746132,false
588,-0.0014087337482343787,10,-0.015023176607313516,false,-0.010499356131457811,false,-0.008087724175161248,false
589,-0.007564636737882607,10,-0.0145939755453259,false,-0.010192344450407764,false,-0.007845851200954648,false
590,0.0025049970304253312,10,-0.01468251187213317,false,-0.010252938530569649,false,-0.007891549372823886,false
591,-0.004971080267993625,10,-0.014429557771304764,false,-0.010074247757953998,false,-0.007752448105683681,false
592,-0.003584354286374509,10,-0.014504758922089446,false,-0.010133085122558541,false,-0.007802561996426111,false
593,-0.02101398141001236,10,-0.01463017909746488,true,-0.010231379852802423,true,-0.007886396252241981,true
594,-0.020119160264982127,10,-0.018557735438555524,true,-0.013018967954592262,true,-0.010066271503857119,true
595,-0.023174612138327933,10,-0.020563345266785642,true,-0.014440348821461963,true,-0.0111762020732337,true
596,-0.01470205126879208,10,-0.022003442835195928,false,-0.015480456161358557,false,-0.01200307610238369,true
597,-0.028496110834459243,10,-0.02256731291416421,true,-0.015890134032592124,true,-0.012330554678227527,true
598,0.018600319010196594,10,-0.024874367240277185,false,-0.01751930983130655,false,-0.013598355942323106,false
599,-0.00024720438778641843,10,-0.025391122568608152,false,-0.017884913027766736,false,-0.013883380496587504,false
600,0.007416742004341777,10,-0.024725367694088167,false,-0.01741037290598805,false,-0.013510776251947935,false
601,0.004528395679164198,10,-0.024359434799471866,false,-0.01715227958938073,false,-0.013310171815341066,false
602,-0.021787411196621722,10,-0.024421725251045488,false,-0.017197884013345786,true,-0.01334688097973089,true
603,-0.046133250861000556,10,-0.026011842080059935,true,-0.018327358983881315,true,-0.01423078948001309,true
604,0.011198226087809168,10,-0.030692515093228397,false,-0.021641001409816757,false,-0.016815672958284414,false
605,-0.020409694424780557,10,-0.030404155716964046,false,-0.021443834484379923,false,-0.016667120390946536,true
606,-0.040443150482310515,10,-0.031348451675469236,true,-0.02211730968503811,true,-0.017196222047707908,true
607,-0.034237357829393425,10,-0.034734707211397736,false,-0.024510765690184514,true,-0.019060420296626166,true
608,-0.02546473141168292,10,-0.0381136946243868,false,-0.026898474673391504,false,-0.020919682416919622,true
609,0.00013370392459489434,10,-0.037182198338965716,false,-0.026247059417238587,false,-0.020417577321092596,false
610,-0.030321055368594627,10,-0.037163372647704654,false,-0.026234697094216948,true,-0.020408660595763146,true
611,-0.017969580351007184,10,-0.03826689128619078,false,-0.027018313420244026,false,-0.021021738182745,false
612,0.01758904456044391,10,-0.03829994134938719,false,-0.027045372262251906,false,-0.021045603126906443,false
613,-0.0037954100019798806,10,-0.03925153171763516,false,-0.02771117157411043,false,-0.021559048284109403,false
614,0.03879214012826464,10,-0.037191867723954594,false,-0.02624659574136865,false,-0.020411711747973942,false
615,0.0320349931228966,10,-0.04061253928368642,false,-0.02865579622331997,false,-0.02228170074108213,false
616,0.004715108675033429,10,-0.042113765364746904,false,-0.029695633209368764,false,-0.023075572907846963,false
617,0.023831276929921184,10,-0.04245064090641845,false,-0.02994587273946816,false,-0.02327962710075435,false
618,0.003936541303491302,10,-0.04404708966920166,false,-0.031070286173279508,false,-0.024152400247351574,false
619,-0.001809102167786389,10,-0.042907304540967604,false,-0.030268647978877173,false,-0.023531026932138106,false
620,-0.03587233511418069,10,-0.041410529618909515,false,-0.029212556315053474,true,-0.022709861882629696,true
621,-0.0016425961074858202,10,-0.043108731599861894,false,-0.030422953843005095,false,-0.02366021266169749,false
622,-0.007041896357023366,10,-0.041487683126177004,false,-0.029277327243707126,false,-0.022768031704443265,false
623,0.028123024925805436,10,-0.03946297678826291,false,-0.02784174676528893,false,-0.021646512041794345,false
624,0.016112620937961966,10,-0.041186027977988204,false,-0.02905377764855324,false,-0.022586119890600217,false
625,0.011808238405965104,10,-0.040602253570198865,false,-0.028627149156205844,false,-0.02224326530429175,false
626,0.0003606934248437969,10,-0.03938970987857359,false,-0.02775988644611829,false,-0.02156007060782719,false
627,-0.0021788901559828943,10,-0.037096161700591546,false,-0.02612948914360546,false,-0.020283196583186055,false
628,0.02408575026623834,10,-0.03468683673259403,false,-0.02441991545745431,false,-0.018946657716114677,false
629,-0.011639669277978625,10,-0.035688025336665076,false,-0.025142531669897775,false,-0.019520768017376074,false
630,-0.0013749989637943105,10,-0.03510779026222724,false,-0.024721542247312194,false,-0.019184671862540144,false
631,0.01617887041123249,10,-0.03335749040245365,false,-0.02348248066502615,false,-0.01821814951426023,false
632,-0.0015706610432710158,10,-0.032979176295009176,false,-0.023191314385427493,false,-0.017973441419215207,false
633,-0.024173680996744478,10,-0.03089308226747598,false,-0.021717418161053027,true,-0.016825905578404122,true
634,0.006441012996734032,10,-0.033524480416329716,false,-0.02359926000864532,false,-0.018308161735358767,false
635,0.006818743882366673,10,-0.032412690299698864,false,-0.022820960120045173,false,-0.017707644253316068,false
636,-0.0004674511529608092,10,-0.03056076220218177,false,-0.02151947162422772,false,-0.016699593072386516,false
637,0.018203111709508033,10,-0.028753716874051583,false,-0.020245971155953623,false,-0.015710523394638718,false
638,-0.0012319236948895077,10,-0.029261778217180172,false,-0.020584148463126745,false,-0.01595813615086172,false
639,0.009022990271973593,10,-0.027841488168440374,false,-0.019582473590801286,false,-0.01517962348009126,false
640,-0.0036772075504505715,10,-0.027231359048718855,false,-0.019162158421353565,false,-0.014860497425170593,false
641,-0.02397859497226245,10,-0.026125700096045153,false,-0.018379147349549516,true,-0.014249488744772103,true
642,-0.005001789355932777,10,-0.02797819653150652,false,-0.01969213298635935,false,-0.015274863171159397,false
643,0.009217849317725083,10,-0.02713721750115196,false,-0.019091463839278986,false,-0.014802302333639734,false
644,0.001601497815089388,10,-0.026414462276416695,false,-0.018578826338421606,false,-0.01440167781388818,false
645,0.000413506993809897,10,-0.02517281501875384,false,-0.01769198179470386,false,-0.013703977284106788,false
646,0.016142443534699506,10,-0.02386669883450441,false,-0.016768231866175768,false,-0.012984065391643245,false
647,0.007498222356540386,10,-0.02452509556827261,false,-0.017213394105088587,false,-0.013315553110375036,false
648,-0.005842406523002096,10,-0.023559238313415512,false,-0.016524154603705682,false,-0.012773777509807321,false
649,-0.005971286497528672,10,-0.023034581431863946,false,-0.01616535127337447,false,-0.012503390093927855,false
650,-0.008231220014934683,10,-0.022871870869760978,false,-0.016047219085859488,false,-0.012409022472953458,false
651,0.002675626034753459,10,-0.022389272917164704,false,-0.015697127791064126,false,-0.012129569987120618,false
652,0.012452583333449185,10,-0.021252599434994895,false,-0.01490119881998882,false,-0.011515290654061225,false
653,0.007152064691073222,10,-0.021550592863291237,false,-0.015106533338363976,false,-0.011671229050420891,false
654,0.008081944121798993,10,-0.02147926370429823,false,-0.015049177522484187,false,-0.011621322372049539,false
655,-0.006836500374544958,10,-0.02133196099612696,false,-0.014953193059717757,false,-0.011552695476016785,false
656,-0.011202631514193394,10,-0.02100107800548384,false,-0.014728613832244974,false,-0.011384786391336898,false
657,0.017039003190740382,10,-0.02134744978245929,false,-0.014966856569107859,false,-0.011565385937023012,false
658,0.001633205663555639,10,-0.021327888871411363,false,-0.014930055392431706,false,-0.011519394038534185,false
659,0.011006446829397585,10,-0.020509409873114268,false,-0.01435044803901998,false,-0.011067128275119952,false
660,0.007634364775451447,10,-0.021048643882917457,false,-0.014725126699486859,false,-0.011354083087755772,false
661,0.0044829604500808504,10,-0.02056508296131534,false,-0.014385547053212235,false,-0.011091259326587846,false
662,0.004615669413479845,10,-0.020069784999744256,false,-0.01403364895303644,false,-0.010815807161902887,false
663,0.008512932167325411,10,-0.019653036555270943,false,-0.013744495457158317,false,-0.010594674060984396,false
664,-0.0038748198585819233,10,-0.019927399497076732,false,-0.013933136532241567,false,-0.010737617126112386,false
665,0.01364831818083235,10,-0.019486547365077465,false,-0.013627911268729606,false,-0.010504694044334227,false
666,0.008242787992271223,10,-0.021296554977081474,false,-0.014920682345853711,false,-0.011521728238631538,false
667,0.0008433969747800195,10,-0.020789305503097558,false,-0.01455051492541211,false,-0.011224638753691982,false
668,0.006195519576515246,10,-0.02000810886476789,false,-0.013993674306990701,false,-0.010787401499304577,false
669,-0.03156506191343876,10,-0.01961900053224696,true,-0.013724525171119937,true,-0.010582202167285941,true
670,-0.012809053872867127,10,-0.025738989655088605,false,-0.018105596128701915,false,-0.014036262285444287,false
671,-0.018407023432707947,10,-0.02539891173939534,false,-0.017865256627149943,true,-0.013849092963411427,true
672,0.02885534035966468,10,-0.026269355961747697,false,-0.018472151997907825,false,-0.014315491416587656,false
673,0.0007406085419044267,10,-0.029183115430240807,false,-0.02051831388624076,false,-0.01589914024528728,false
674,0.0013856327712739851,10,-0.027694123606540846,false,-0.01946346201063263,false,-0.015075726769569487,false
675,0.0030155147445754945,10,-0.026177819767450577,false,-0.01838929884731758,false,-0.014237267164467896,false
676,-0.0004936683975003073,10,-0.024893474891311013,false,-0.017478549102542262,false,-0.01352567960181794,false
677,0.011751432475466188,10,-0.0236108507394855,false,-0.016579284643923314,false,-0.012830782777110927,false
678,-0.019120066369864068,10,-0.02330486509967142,false,-0.016354496620764252,true,-0.012649280902937102,true
679,-0.0011667493842870296,10,-0.025206856045594413,false,-0.01769606759258952,false,-0.013692094060279176,false
680,-0.006647596786173361,10,-0.02423445438650656,false,-0.01700723728501581,false,-0.01315443459090553,false
681,-0.005685604734177537,10,-0.023780421055954723,false,-0.01669169375600545,false,-0.01291271946264651,false
682,0.007760078514415033,10,-0.023038393522924597,false,-0.01616493963095307,false,-0.012500726794816149,false
683,0.00013603402843088302,10,-0.022465181079144747,false,-0.01576748601904589,false,-0.01219696956582419,false
684,0.016642364807797825,10,-0.021394565941391448,false,-0.015004348537481725,false,-0.01159774728502241,false
685,0.022388008063046014,10,-0.022526145161914944,false,-0.01579174076023084,false,-0.012201654692844718,false
686,-0.00896528456514281,10,-0.023887633480361367,false,-0.016761033413356122,false,-0.012961869288019316,false
687,-0.0032847573131204685,10,-0.023601379119155753,false,-0.016560507231569276,false,-0.012807044481462736,false
688,-0.0053720608294516945,10,-0.02262327978806428,false,-0.015873973594278525,false,-0.01227594343666375,false
689,-0.0010971057387727822,10,-0.022168765921608095,false,-0.015536174473322745,false,-0.012000364514657524,false
690,0.007503372938332789,10,-0.021181071756326216,false,-0.014827147938124651,false,-0.01143989466191009,false
691,0.0019548496555041373,10,-0.021577455310439295,false,-0.015115789071179126,false,-0.011671098708974864,false
692,0.016447763084900098,10,-0.02091491908814168,false,-0.014650692994003848,false,-0.011311257242581372,false
693,-0.00886522634767862,10,-0.02156889598248454,false,-0.015103062588102586,false,-0.011656150730922521,false
694,0.0036729334444660644,10,-0.02162894503398753,false,-0.015159048565101673,false,-0.011709970697938072,false
695,0.005314334473506366,10,-0.020615091574901236,false,-0.014441924796514386,false,-0.0111510324293742,false
696,0.010081863961196978,10,-0.020819743191277894,false,-0.014609137632984279,false,-0.011298286790809594,false
697,-7.649942428870947e-5,10,-0.020727726834297897,false,-0.014532682203159874,false,-0.011230126833672121,false
698,-0.002995578907594435,10,-0.019697224511351443,false,-0.013803831871438863,false,-0.010662086062277917,false
699,-0.007526227951684798,10,-0.019230629170309092,false,-0.01349072565054252,false,-0.010430804323379379,false
700,0.007491926223307445,10,-0.01972299539294028,false,-0.013840105488839925,false,-0.010703958649277461,false
701,0.00037869778047013806,10,-0.019300654245099583,false,-0.01354440284542596,false,-0.01047576652397603,false
702,0.003369274980064498,10,-0.01846785192577179,false,-0.012953183173116592,false,-0.010013333666869833,false
703,-0.00845436948776479,10,-0.01831853446723898,false,-0.012841932938666685,false,-0.009922376928719305,false
704,-0.008760450158098596,10,-0.018563168144780803,false,-0.013005703752400724,false,-0.01004304004897229,false
705,0.007307377903878911,10,-0.018756022513455973,false,-0.013145843473344784,false,-0.010155077786269614,false
706,0.008473414472561927,10,-0.01842309437014016,false,-0.012915853747039106,false,-0.009979964149171534,false
707,0.007792284429366881,10,-0.01815908173870289,false,-0.012719271684149167,false,-0.009819329072862495,false
708,0.0013935025192521472,10,-0.017836023642775145,false,-0.012482661167772207,false,-0.009628803441264199,false
709,0.0009722384180093162,10,-0.017323249254242005,false,-0.012120925769122982,false,-0.009347586369236216,false
710,0.0037796278735372515,10,-0.01806757819964867,false,-0.012646584885962707,false,-0.009756673409605515,false
711,0.00524699088488713,10,-0.017788165198225743,false,-0.012445128423150967,false,-0.009596775289066726,false
712,0.009022773156326807,10,-0.0175699735132047,false,-0.012291661033207356,false,-0.009477812181331173,false
713,-0.0006216102293266838,10,-0.01766607980099424,false,-0.012366035306942448,false,-0.009540601198788278,false
714,-0.0015078823429609178,10,-0.017211767337086757,false,-0.012036871187583797,false,-0.009278153198825252,false
715,0.00048271068227475635,10,-0.016572509318247868,false,-0.011584192472831871,false,-0.008924939220687258,false
716,-0.000132477957225864,10,-0.016170254132230198,false,-0.01129763394825236,false,-0.008700058158210906,false
717,0.00032861241054149575,10,-0.01577332271735669,false,-0.011011760307237202,false,-0.00847338900549527,false
718,-0.011167996109908452,10,-0.015225617604064769,false,-0.010621150994653852,true,-0.00816652688297192,true
719,0.002055092765290264,10,-0.016427576903430715,false,-0.011462793320560025,false,-0.008816085563598763,false
720,0.010350540949389263,10,-0.016085672769080024,false,-0.011225019992096113,false,-0.00863382398244042,false
721,0.003920334047371963,10,-0.016873886956409165,false,-0.011770248970923585,false,-0.009049518445727869,false
722,0.004380738941725275,10,-0.016375059283109616,false,-0.011420561752161426,false,-0.008779337451418819,false
723,-0.00035249462174800504,10,-0.01651918686038146,false,-0.011538941346395035,false,-0.008883990891169377,false
724,0.005143506033424516,10,-0.015951877860447747,false,-0.011136633316591359,false,-0.008569644267992973,false
725,-0.0018977355425203416,10,-0.015526801859238,false,-0.010837121586703451,false,-0.008337070386524342,false
726,-0.002017218634724338,10,-0.015390070258959382,false,-0.010736583987031178,false,-0.008255827674647536,false
727,0.011174385869800064,10,-0.015773966750523574,false,-0.011017242585644953,false,-0.008481450534538092,false
728,-0.01428739627872904,10,-0.016590833587596172,false,-0.011588159496114952,true,-0.008921252449218734,true
729,-0.012768642079751032,10,-0.018131011463732062,false,-0.012717843212173952,true,-0.009832103247482233,true
730,-0.004289706512131926,10,-0.01879104440825034,false,-0.013191026338128105,false,-0.010205677426555657,false
731,0.00043149638800460454,10,-0.018726151485789714,false,-0.013149166911768378,false,-0.010176097071737038,false
732,9.547855214293724e-5,10,-0.018728825006066457,false,-0.013150325814044097,false,-0.010176448536760915,false
733,0.005041240908104555,10,-0.018502187585228307,false,-0.012984320434827216,false,-0.010042765874577074,false
734,0.011219604280614609,10,-0.01799855489909693,false,-0.012619769716464679,false,-0.009752359238590507,false
735,0.001005559452625815,10,-0.01826053987305278,false,-0.012797479357594276,false,-0.009885142011632377,false
736,0.005435786435868159,10,-0.01765167285321012,false,-0.012365976342283829,false,-0.00954819109084237,false
737,-0.0062967753847094085,10,-0.01717125773714129,false,-0.012019869616063026,false,-0.009273683670271505,false
738,0.00029039648940619634,10,-0.017023101409106785,false,-0.011918002973266794,false,-0.00919649388739121,false
739,-0.020438298019726783,10,-0.016711384789787332,true,-0.011701596940471432,true,-0.009030897575596409,true
740,-0.0052057657050913475,10,-0.01888010598286632,false,-0.013220670797503886,false,-0.010203646841656587,false
741,-0.006845773997570875,10,-0.018564560510472738,false,-0.012997594412554696,false,-0.010029865385062902,false
742,-0.013337114878263756,10,-0.018760779156121902,false,-0.013151383000714644,true,-0.010161034666578252,true
743,0.006157859535085885,10,-0.019307743025931585,false,-0.013525826054078836,false,-0.010443507511069906,false
744,0.012773703556950657,10,-0.019059501338395457,false,-0.013352543162737813,false,-0.010310184876612291,false
745,0.0001643870965434338,10,-0.019387439947357536,false,-0.013582720153943408,false,-0.010488245511136828,false
746,-0.00032087788313804166,10,-0.01871197461558998,false,-0.013107281515861737,false,-0.010119440363305225,false
747,0.0026572795840972127,10,-0.01856379967693418,false,-0.013001959892743073,false,-0.010036963684130332,false
748,-0.006388366823009419,10,-0.01798430632997793,false,-0.01259323024310065,false,-0.009719267529653184,false
749,0.016022486965908057,10,-0.018248327702368682,false,-0.012793224325875232,false,-0.009885128901252,false
750,0.002814070174116307,10,-0.01937913126068548,false,-0.013586143493741973,false,-0.010497923150835144,false
751,0.005516078275321124,10,-0.01901444101791427,false,-0.013328664316223494,false,-0.01029759779549242,false
752,0.007839444124156405,10,-0.018803829485507913,false,-0.013177725477901948,false,-0.01017847024958208,false
753,0.003757549731441019,10,-0.01855574651928362,false,-0.012998214186618675,false,-0.010035514264475773,false
754,0.009309045767415411,10,-0.01808622426634524,false,-0.012669589084540356,false,-0.009782000912162678,false
755,-0.0036954393857986287,10,-0.0181143712614181,false,-0.012699288322054799,false,-0.009812527644379001,false
756,-0.0011326784528817317,10,-0.017814657626397088,false,-0.01248507597551117,false,-0.009643895718344345,false
757,-0.00971071426712412,10,-0.017190110895845892,false,-0.01204221483974096,false,-0.00929789050086512,true
758,-0.0012115729107270024,10,-0.017533461873521575,false,-0.012285444824437875,false,-0.009487746354680315,false
759,0.0002607566064427632,10,-0.017032797116581816,false,-0.011928279456119788,false,-0.009207079979449166,false
760,0.00034237174867207757,10,-0.01703001453679119,false,-0.011929769220923219,false,-0.009210847315346837,false
761,0.004515672257037434,10,-0.016583111718283285,false,-0.011610656011116273,false,-0.008959858273081614,false
762,0.0004912958278248892,10,-0.0162336594082056,false,-0.011358228561736239,false,-0.008759154417920781,false
763,0.0015990015095650669,10,-0.016340084965206468,false,-0.011428642176521552,false,-0.008810370199565088,false
764,-0.009366382524089643,10,-0.015731888273205537,false,-0.010997195779434516,false,-0.008473148730671865,true
765,-0.005152819558055549,10,-0.016552195255597923,false,-0.011595484719490004,false,-0.008953080673885474,false
766,-0.01638764798522234,10,-0.016515438778994505,false,-0.011563998838857182,true,-0.00892440452846192,true
767,-0.006225503426932833,10,-0.018350835841689297,false,-0.012886529723504856,false,-0.009973528351338835,false
768,-0.014652374455210388,10,-0.018402593354039605,false,-0.012923372872313094,true,-0.010002420708130049,true
769,0.01648061055198914,10,-0.01939179753246297,false,-0.013631553957863732,false,-0.010560789422733106,false
770,0.019219076510258785,10,-0.020286509145731196,false,-0.014247454852201951,false,-0.01102805735448621,false
771,0.007936987893474266,10,-0.021547169038789414,false,-0.015132376441769306,false,-0.01171267424479783,false
772,0.026901197046544006,10,-0.022273844755810176,false,-0.015654562693150204,false,-0.012125847918713479,false
773,0.0034113370624573773,10,-0.025331432239869275,false,-0.017815228670625877,false,-0.01380836835988621,false
774,0.01340621625412143,10,-0.024505213402700437,false,-0.017227867695544432,false,-0.01334834162724366,false
775,-0.0004024608016661165,10,-0.02432554494537092,false,-0.017081330744994263,false,-0.013219466960361857,false
776,0.007097557144859461,10,-0.023833275870283402,false,-0.01673530856788047,false,-0.012951408463404042,false
777,0.0012109222787844588,10,-0.02342945979641561,false,-0.016453478182603724,false,-0.012734608197334523,false
778,0.0018921632997214814,10,-0.022563004790078372,false,-0.015837453393063385,false,-0.012252086829707817,false
779,0.011765791605899342,10,-0.02187064255315059,false,-0.015342360039161883,false,-0.011862156787398407,false
780,-0.0024582082999383007,10,-0.022003130401220723,false,-0.015428794901662674,false,-0.011924040973700915,false
781,-0.0023161046362413355,10,-0.02127908938103136,false,-0.014914212669053023,false,-0.011521120445694784,false
782,-0.002618811857471116,10,-0.020771628310900656,false,-0.014553654446554163,false,-0.011238875587687457,false
783,0.0017575769460003742,10,-0.020075210161311956,false,-0.014058484588635959,false,-0.01085099044938467,false
784,0.0014068495991638593,10,-0.019424310389470418,false,-0.013598231073591762,false,-0.010492369748395458,false
785,0.010550320355483207,10,-0.018877463564803472,false,-0.013205131836836536,false,-0.010181232781847536,false
786,-0.00015500068736444577,10,-0.0190247557458242,false,-0.013304416608056528,false,-0.010254924980543399,false
787,0.011640925818475286,10,-0.018416334713043256,false,-0.012871090255968515,false,-0.009914940954834226,false
788,-0.010784948882748968,10,-0.01862020337385745,false,-0.013010275004002387,false,-0.010019642948313208,true
789,0.009211413697603525,10,-0.01903032091533353,false,-0.013291422180670174,false,-0.010232036500727576,false
790,0.00282540272864754,10,-0.019017057805124214,false,-0.013285781333081781,false,-0.010230459053137924,false
791,0.0030852195211507425,10,-0.018320431981650287,false,-0.012791776406663059,false,-0.009844470577186189,false
792,0.006287083594291001,10,-0.017708923621179838,false,-0.012358104204520586,false,-0.00950560217300558,false
793,-0.002842125646960643,10,-0.017625809735973698,false,-0.012305842841002543,false,-0.009469788174636631,false
794,0.0011554159819558284,10,-0.017076144714283446,false,-0.011917331102548867,false,-0.009167186655164826,false
795,0.0004953211637380769,10,-0.01637935140317873,false,-0.011424534772474699,false,-0.008783140360833011,false
796,-0.002173503913494842,10,-0.016405188107349287,false,-0.011451383559011477,false,-0.00881052868473424,false
797,-0.0019950655921003963,10,-0.015712124117268658,false,-0.010959446364549144,false,-0.008425811440791462,false
798,-0.0017412978438495117,10,-0.015359813197820052,false,-0.010707739323976933,false,-0.00822773595578619,false
799,0.004272570258929703,10,-0.015261809846092236,false,-0.010634664884192561,false,-0.008167951026715024,false
800,0.006231460823211882,10,-0.015326313467681863,false,-0.01068540374193213,false,-0.008211351939779548,false
801,0.009044613085982598,10,-0.015235807063836784,false,-0.010620510530406945,false,-0.00816011302630423,false
802,-0.003958221679350195,10,-0.015429003956144367,false,-0.010757073365972245,false,-0.00826648445578183,false
803,-0.008286919589771754,10,-0.015129800419635877,false,-0.010546543586611347,false,-0.008103226328238981,true
804,-0.006623964400108664,10,-0.015561786318862693,false,-0.010852509513780233,false,-0.008342011474612403,false
805,0.005132047076707912,10,-0.01577024105623532,false,-0.011000592568001809,false,-0.008457910607938011,false
806,0.0024826099451017575,10,-0.015781665577458102,false,-0.011004371501158655,false,-0.00845761370638769,false
807,0.003677069080239274,10,-0.015375189311783968,false,-0.010717786319139161,false,-0.008234942017434445,false
808,0.007673192907453664,10,-0.015145645540337156,false,-0.010560967061323014,false,-0.008116891928734066,false
809,0.006058724546599178,10,-0.015481131182570785,false,-0.010791164536658874,false,-0.008290960671891954,false
810,0.0023505497049641708,10,-0.01531527225098124,false,-0.010668291176292331,false,-0.008191002760485936,false
811,-0.0032670665855493667,10,-0.015099157649343385,false,-0.010512477694512625,false,-0.008067335582571852,false
812,0.004768680000814489,10,-0.015592297864267272,false,-0.010866865694443615,false,-0.008347755290111553,false
813,0.0043635546407356385,10,-0.015353679335971907,false,-0.01069608460548169,false,-0.008213138089041068,false
814,0.009964342653703414,10,-0.016037699205677682,false,-0.011181434126166945,false,-0.008592577181798513,false
815,0.011915835399448502,10,-0.016558821125536097,false,-0.01155864852996039,false,-0.008893075021275173,false
816,-0.00530359473030661,10,-0.017013285872776885,false,-0.011876805215813448,false,-0.009138566383979817,false
817,0.000530678396074253,10,-0.016952042520772825,false,-0.011834224130805053,false,-0.009105934084451284,false
818,0.002824219907967487,10,-0.01653138586070365,false,-0.011531659099391547,false,-0.008866323263302554,false
819,0.004418813557148552,10,-0.0159595566995126,false,-0.011123982185867546,false,-0.008546155305601313,false
820,-0.004964724217038254,10,-0.015636948295469362,false,-0.010892133388424093,false,-0.008362690118600656,false
821,0.009941396267905425,10,-0.01563562796152913,false,-0.01089394030774064,false,-0.008366164165056693,false
822,0.0068689848594287485,10,-0.01578118782469778,false,-0.010996164483300748,false,-0.00844528624590667,false
823,0.0024075860384085695,10,-0.015721941588213762,false,-0.01096198077595871,false,-0.008424463280111961,false
824,-0.004157410606653076,10,-0.015486224878222586,false,-0.010796303727809223,false,-0.00829612411652423,false
825,0.003388485098943398,10,-0.015194714135170102,false,-0.010589354183172911,false,-0.008134253833863849,false
826,-0.0021802256387488863,10,-0.01502615261385773,false,-0.010466631206790481,false,-0.008035967216168326,false
827,-0.015504526189683177,10,-0.01473296981530679,true,-0.010258253166649363,true,-0.007872798278934513,true
828,-0.007263162976578786,10,-0.01765564165766579,false,-0.012334723298822509,false,-0.009498161410587045,false
829,-0.016895611258376502,10,-0.01767468385656915,false,-0.012343938652863987,true,-0.009502138109994689,true
830,0.009155817036877085,10,-0.019688600686073445,false,-0.013781158002270949,false,-0.010631922166701321,false
831,0.00821380293641205,10,-0.019441086637598373,false,-0.013609358255517038,false,-0.010500485434031185,false
832,0.005855512210977745,10,-0.01917285422646006,false,-0.013416058594898365,false,-0.010347132145442712,false
833,0.0004584979419996674,10,-0.018833072753334828,false,-0.013169028214242949,false,-0.01014954702897836,false
834,0.008145628716917618,10,-0.01834746310371927,false,-0.012821314884956539,false,-0.00987534571780504,false
835,0.01003440380195963,10,-0.018051211799840247,false,-0.01260290753733382,false,-0.009698436695218474,false
836,0.003328232708630159,10,-0.018025916348791766,false,-0.012577701965961521,false,-0.009673279038368968,false
837,0.0030366682176670304,10,-0.017304934827909124,false,-0.01206740753576754,false,-0.00927530111662083,false
838,0.0023882603165102643,10,-0.016616572750000457,false,-0.011578444462258383,false,-0.008892636914525798,false
839,0.0027523007027450102,10,-0.01621668946361162,false,-0.011296500885985477,false,-0.008673566561306273,false
840,0.00675465518376252,10,-0.01574963099736961,false,-0.010965685504661822,false,-0.008415381864415645,false
841,-0.004437368068965507,10,-0.015795571297457976,false,-0.010989739764951947,false,-0.008427768757873703,false
842,-0.006035057772161371,10,-0.015787851940545463,false,-0.010991580888000127,false,-0.008434706537412521,false
843,0.0016499753038347925,10,-0.015738684468433524,false,-0.010958864388264766,false,-0.008410759990177982,false
844,-0.003785412780344054,10,-0.015915084847202946,false,-0.01107715380863989,false,-0.008498070673659663,false
845,6.157935056861795e-5,10,-0.016315633387380034,false,-0.011374155276144837,false,-0.008739871579875788,false
846,-0.003617481343390336,10,-0.015845093243685982,false,-0.011037276414845651,false,-0.008474247053637734,false
847,-0.0012603060089297572,10,-0.016229648895383576,false,-0.011305539410312884,false,-0.008680514864383433,false
848,-0.02484928873237899,10,-0.016808209625788707,true,-0.0117245989262076,true,-0.00901454487302108,true
849,0.017544855091725986,10,-0.020398312432960638,false,-0.014251823627059589,false,-0.010975153188335734,false
850,-0.0026752264690671334,10,-0.021972807015256023,false,-0.01537746278937501,false,-0.011861509187148555,false
851,-0.003124667182064234,10,-0.021188231976987187,false,-0.01482475540331621,false,-0.011432409588508732,false
852,-0.011514460337353469,10,-0.020950456785257386,false,-0.014662990740379179,false,-0.011311165857211227,true
853,0.0006941852294624566,10,-0.02126064586692786,false,-0.014889000516985607,false,-0.011492299957774633,false
854,0.0029617020248448303,10,-0.021918427064939912,false,-0.015347866902510839,false,-0.01184512559280275,false
855,0.0061105093850349216,10,-0.02175734024309429,false,-0.015233682629238639,false,-0.011755944894622688,false
856,0.006189379775619194,10,-0.021343564885477822,false,-0.014944824869650278,false,-0.011533680244313584,false
857,0.008280887324386435,10,-0.020833504320664543,false,-0.014579845687448002,false,-0.011246043410340146,false
858,0.004486292437722818,10,-0.020392762178396206,false,-0.014269347300112329,false,-0.0110049774868213,false
859,0.0033214537792205963,10,-0.019829515435784213,false,-0.013867035499504394,false,-0.010688459508292105,false
860,0.0034983576661335126,10,-0.01911662304687599,false,-0.013361349818321157,false,-0.010293234956275155,false
861,-0.0025385716272859358,10,-0.01852286707245383,false,-0.012938778593758754,false,-0.009961921688432249,false
862,0.0030518947031145304,10,-0.01786007224490806,false,-0.012470569494094133,false,-0.009597445520280263,false
863,-0.003289449838268864,10,-0.017456432601295677,false,-0.012189503860541878,false,-0.009381723637933458,false
864,0.0008280488889218897,10,-0.016992630256915643,false,-0.01185739760231231,false,-0.009119824075918898,false
865,-0.009188085593479648,10,-0.016684893757930384,false,-0.011641072602994466,false,-0.008952230208826017,true
866,-0.00763970835553558,10,-0.01728492486102001,false,-0.012064443371399685,false,-0.00928142400650289,false
867,0.004123188245330436,10,-0.01725595238555156,false,-0.012045348536089205,false,-0.009267594904610635,false
868,0.01353733193212136,10,-0.017094281926850866,false,-0.011925289110777214,false,-0.009169718167225876,false
869,0.00010319033657730885,10,-0.018262874652438563,false,-0.012757469013187622,false,-0.009822557638420598,false
870,-0.001826573899913846,10,-0.017456175879606784,false,-0.012185066650612336,false,-0.009375057825191784,false
871,0.0002382605167326087,10,-0.017065114054314084,false,-0.011907848141024448,false,-0.009158528765954497,false
872,0.0047079105913604554,10,-0.016522667213682507,false,-0.01152217387531051,false,-0.008856429379827432,false
873,0.01019979302231246,10,-0.016309180591752796,false,-0.011377717367565373,false,-0.008748772570523651,false
874,0.0010860517665352639,10,-0.01642484681759973,false,-0.011459926220920845,false,-0.008813145422405418,false
875,0.001818382271543217,10,-0.01590379368276114,false,-0.011088953234299953,false,-0.008522179607461485,false
876,0.002078605622128567,10,-0.015342674760418893,false,-0.010691357676153633,false,-0.008211757749686516,false
877,0.0012118124358914924,10,-0.01505395276938421,false,-0.010489209332530428,false,-0.008055761497152022,false
878,-0.0010776478618399095,10,-0.014774010179231705,false,-0.0102884685988813,false,-0.007897242980136157,false
879,0.001996023141394222,10,-0.014386857559911183,false,-0.010013682674300682,false,-0.007682359324733651,false
880,0.006123402108656934,10,-0.014092196828345727,false,-0.009805401400168586,false,-0.007520126619731489,false
881,0.008232727549384478,10,-0.014342345024673691,false,-0.009977445110661806,false,-0.007650533117834322,false
882,0.004484262140338065,10,-0.01464047683843973,false,-0.010192458665418692,false,-0.007821236636273887,false
883,0.00011795644595002946,10,-0.014472957768334925,false,-0.010069631317891835,false,-0.007722234280681646,false
884,-0.006897629514060638,10,-0.014195108799936703,false,-0.009873556069013757,false,-0.007569752299094464,false
885,-0.001071665323080109,10,-0.014655904868721599,false,-0.010199770866486461,false,-0.007824222318818422,false
886,0.0017864304132318492,10,-0.015063040194690165,false,-0.010483225167145968,false,-0.00804174272253954,false
887,0.004584749359144877,10,-0.015179419717029557,false,-0.01056374223729131,false,-0.008103141652121188,false
888,0.004078588425574668,10,-0.015009286507650228,false,-0.010445735938159164,false,-0.008012924015957884,false
889,-0.0037220165553391205,10,-0.014675963896412923,false,-0.010209245715497327,false,-0.007828054781339112,false
890,0.0006314646191249865,10,-0.01439635478573715,false,-0.010013111475904241,false,-0.007676420686640186,false
891,0.0014668737005131642,10,-0.014100645953847513,false,-0.009805709265546119,false,-0.007516094409461686,false
892,-0.009959828996135216,10,-0.013908143064998699,false,-0.009667912695172184,true,-0.0074074615750382615,true
893,0.005940487541910256,10,-0.014920045934499238,false,-0.010389003746640773,false,-0.007973521922397862,false
894,-0.007062320311309827,10,-0.015133122877473062,false,-0.01053496140714348,false,-0.008083698541775054,false
895,0.00673906567187069,10,-0.015463386307703162,false,-0.01078058600772792,false,-0.008284202495462384,false
896,0.007978657363720632,10,-0.015263804276438756,false,-0.01063360269818363,false,-0.008165259369837323,false
897,0.006984465254732301,10,-0.01548806268693424,false,-0.010789452207601814,false,-0.00828464034722298,false
898,-0.003129893479315783,10,-0.015373888421099796,false,-0.010706437169985684,false,-0.00821823617887231,false
899,-0.011125734765109727,10,-0.015350483717817238,false,-0.010700390001281871,true,-0.008221442247624762,true
900,-0.020232343281874066,10,-0.016601587803440503,true,-0.011587155373874206,true,-0.008913980000453924,true
901,0.005351003227920918,10,-0.019674221757935064,false,-0.013776237752528644,false,-0.010632044303412249,false
902,0.01168204744306851,10,-0.019589325875084142,false,-0.013715293328451164,false,-0.010583868313379896,false
903,-0.00012398270796626907,10,-0.019922887475949575,false,-0.013950606020663593,false,-0.01076680487593744,false
904,0.0016476354310843233,10,-0.019100580260144884,false,-0.013366588814432633,false,-0.010309819192071547,false
905,-0.006697538133255361,10,-0.018617711936633478,false,-0.013023316221971466,false,-0.010040964567290601,false
906,0.012537321438656998,10,-0.018486185815203744,false,-0.012927853537133396,false,-0.009964727167054894,false
907,-0.0013723549161232139,10,-0.018941155085286217,false,-0.013250460689293664,false,-0.010216772563927137,false
908,0.003500904018596069,10,-0.01819288597037204,false,-0.0127187863595197,false,-0.00980056411265104,false
909,-0.0014583771716780028,10,-0.01749019722374774,false,-0.012223067469005644,false,-0.009415180086583869,false
910,0.00162103671097244,10,-0.017524441207749496,false,-0.01224408645918366,false,-0.009429148881490565,false
911,0.0009342381783737632,10,-0.016866530440405817,false,-0.0117739735853381,false,-0.009059150369764908,false
912,0.0023179768315264434,10,-0.01622917381453361,false,-0.01132064859340537,false,-0.008703931960917566,false
913,0.0022345951580690915,10,-0.015564441055661564,false,-0.010847415062602518,false,-0.0083327859599985,false
914,0.001587046178221664,10,-0.01568881465537575,false,-0.010932290270448447,false,-0.008396604721294394,false
915,-0.00204303437081982,10,-0.015125369919425537,false,-0.010531618158366665,false,-0.008082706092693319,false
916,0.00781826966067413,10,-0.014890572615508189,false,-0.01036792214941763,false,-0.007956913920997507,false
917,-0.0001599751784723783,10,-0.015074967991192807,false,-0.01050434226467922,false,-0.008067758602449264,false
918,-0.0015836484645154539,10,-0.014651521075710654,false,-0.010201869583771592,false,-0.00782977683835532,false
919,-0.0015186293587534767,10,-0.014221465170988143,false,-0.009895048908144556,false,-0.007588652407354777,false
920,0.005516129569211471,10,-0.01421309016979553,false,-0.009887054236469838,false,-0.007580860487938725,false
921,0.0017819641021471736,10,-0.014275960990725194,false,-0.009931989598538929,false,-0.007616234523255386,false
922,0.0002722196157388077,10,-0.013963976230493218,false,-0.009711899597184666,false,-0.007445133277822905,false
923,-0.0002892348448256608,10,-0.013976985231469662,false,-0.009722242614242135,false,-0.007454055068718046,false
924,-0.005898832191183744,10,-0.013739592682303427,false,-0.009555594030260538,false,-0.007325119830804214,false
925,-0.005189125481594278,10,-0.014172078429658782,false,-0.009864182088590972,false,-0.00756765848957105,false
926,-0.015194172973559327,10,-0.014922901664495433,true,-0.010395062708912672,true,-0.007981288515943097,true
927,0.010472290804901084,10,-0.017188278459819666,false,-0.012000795239287874,false,-0.00923536712953949,false
928,0.0005736160271410597,10,-0.017522607018115505,false,-0.012234208616314616,false,-0.00941498299684565,false
929,-0.002876952185546949,10,-0.016890192110911584,false,-0.011784152148920106,false,-0.00906214113893707,false
930,0.009029465528011676,10,-0.016528510333639248,false,-0.011526580896154106,false,-0.008860070821547775,false
931,0.005051735741643923,10,-0.01656775373721201,false,-0.011552523903123505,false,-0.008878923436303051,false
932,-1.1127986649741336e-5,10,-0.01619600179162715,false,-0.011284960818457031,false,-0.008666903047864678,false
933,-0.0009284740919169262,10,-0.015860968540193712,false,-0.011052641923737611,false,-0.008489340796638083,false
934,-0.004151148309735985,10,-0.015348690271423817,false,-0.01069066913822318,false,-0.00820749530807544,false
935,-0.0004038785780981736,10,-0.015101447611451706,false,-0.010514787069433129,false,-0.008069655306390698,false
936,0.003896171580453683,10,-0.014858349297573065,false,-0.010340817889580701,false,-0.007932538612090801,false
937,-0.008051924775790075,10,-0.014805840414879461,false,-0.010308857904686192,false,-0.007911533168576408,true
938,0.00235536490160645,10,-0.015317457740956325,false,-0.01066405090942981,false,-0.008183336946430359,false
939,-0.012964043706819368,10,-0.014910545339462036,false,-0.010375797505940285,true,-0.00795834021570619,true
940,0.013160800418276223,10,-0.016613414347655484,false,-0.011582830741512203,false,-0.008901045235622533,false
941,0.002754593850376943,10,-0.017700653796392622,false,-0.012341370630098908,false,-0.009484356604971973,false
942,-0.002442107412688438,10,-0.016931248747240873,false,-0.01179582667177378,false,-0.009058152165818806,false
943,0.002234590805025659,10,-0.016564471733064988,false,-0.011535551948009279,false,-0.008854653418984797,false
944,-0.003891256324144413,10,-0.0159715385664356,false,-0.011118120056841244,false,-0.00853078060836214,false
945,-0.006516394313304923,10,-0.015927953984370163,false,-0.011094401232342545,false,-0.008517652145713494,false
946,-0.015423814314060251,10,-0.016242499404454682,false,-0.011323797151081161,true,-0.008701655180361222,true
947,0.010148767358256443,10,-0.018664307894873108,false,-0.013039553784662466,false,-0.010041018181649054,false
948,0.004381829603561508,10,-0.018930456979707126,false,-0.013228993499343148,false,-0.010189564414946796,false
949,0.0030850277940003253,10,-0.01842490564271359,false,-0.012870702694653987,false,-0.009909777655124553,false
950,0.0033711475038873035,10,-0.017760225865565336,false,-0.012399582714416279,false,-0.00954184368639528,false
951,-0.008994018980163977,10,-0.017694674212106607,false,-0.012354736335031728,false,-0.009508035212004457,false
952,-0.0025212235377056807,10,-0.017692633241733285,false,-0.012347516506635564,false,-0.009498054553559518,false
953,0.0035815814175415035,10,-0.017192050573188972,false,-0.011998378248265914,false,-0.009229650749867936,false
954,0.004974654000792165,10,-0.016482910785847623,false,-0.0114921522312834,false,-0.008831597313026865,false
955,-0.007947179948295231,10,-0.016087921940020945,false,-0.011210170005073352,false,-0.008609858497578815,false
956,0.0026957658047628698,10,-0.016314440103573916,false,-0.011368945185589098,false,-0.00873252014450512,false
957,0.011126046583060895,10,-0.01578225587260287,false,-0.010991904477384119,false,-0.00843818587421295,false
958,-0.003631944827297212,10,-0.016649298258580535,false,-0.011602345719629092,false,-0.008911833996228954,false
959,0.00522321341586451,10,-0.016668403156774994,false,-0.011614249594282498,false,-0.008919899031878396,false
960,-0.003010895597668967,10,-0.016316951488106864,false,-0.01136592002345494,false,-0.008726543469829472,false
961,-6.920114417530415e-5,10,-0.01599900601378347,false,-0.011144665066884354,false,-0.008556833870491354,false
962,5.946588761027616e-6,10,-0.015422126339798614,false,-0.01073756610451936,false,-0.0082402443772555,false
963,0.0027658657678719853,10,-0.015234576723054201,false,-0.01060999583091736,false,-0.008144648869542625,false
964,-0.00020506715478901642,10,-0.015091540956276649,false,-0.010506936959007639,false,-0.008062901532361423,false
965,0.0024794054800056434,10,-0.014677127936623959,false,-0.010213968793517141,false,-0.007834675169245367,false
966,-0.0012376959112663207,10,-0.014373922128842549,false,-0.010000125642344822,false,-0.007668470919644905,false
967,-0.009207436059257812,10,-0.014194453822690935,false,-0.00987352904149683,false,-0.007570060029254393,true
968,-0.006766674136230062,10,-0.015292913269274094,false,-0.010652857084203141,false,-0.00817926030142808,false
969,-0.0066353073338600195,10,-0.016065640551628565,false,-0.011208811549651226,false,-0.008619653980302512,false
970,0.004249391744264663,10,-0.016351904303315543,false,-0.011405069086596279,false,-0.008767929537216439,false
971,0.009088138780702698,10,-0.0161947306831494,false,-0.011299151545612092,false,-0.00868933642238254,false
972,0.004499421411362887,10,-0.01633250970882552,false,-0.011397425925607496,false,-0.008766551021943625,false
973,0.0007104207079790119,10,-0.01586596561194188,false,-0.011060199356789417,false,-0.008498263148826816,false
974,-0.007052538466881648,10,-0.015375058451975487,false,-0.010713167313540854,false,-0.008227930397922955,false
975,0.007513429501369388,10,-0.015812469956729573,false,-0.011023828187667863,false,-0.008471020979874927,false
976,0.0018467283264990567,10,-0.016100410791730833,false,-0.011227178905218075,false,-0.008629277018818724,false
977,0.00344684627923231,10,-0.015702635378418588,false,-0.010948022042760675,false,-0.008413355266900725,false
978,0.005891011430888014,10,-0.015303554946999805,false,-0.01066388502231986,false,-0.00819049415352997,false
979,0.005173814804934804,10,-0.01510088816167561,false,-0.010517574166036714,false,-0.008074226434486149,false
980,0.005388208445953342,10,-0.015116652812401474,false,-0.010526106127810074,false,-0.00807890267654187,false
981,-0.002922610481054082,10,-0.01511759601490204,false,-0.010521168293168804,false,-0.008070829682761745,false
982,-0.0066758866125012405,10,-0.015046389739494112,false,-0.010473607370657934,false,-0.008035874010385975,false
983,-0.005482767505832839,10,-0.015133898730561339,false,-0.01053762739089053,false,-0.008087372147182295,false
984,-0.0004904556467167612,10,-0.015818750867835882,false,-0.011037167514645575,false,-0.008488123122235599,false
985,-0.008538290578005776,10,-0.015285059560236288,false,-0.010658086156470663,false,-0.008191463755999577,true
986,0.0008276995001675633,10,-0.016191498418464623,false,-0.011289773260289654,false,-0.008676681716200133,false
987,0.0003586143921474041,10,-0.016099829984842273,false,-0.011235611908408558,false,-0.008642515250808764,false
988,-0.003954756284143511,10,-0.015393805622518743,false,-0.010732228780578449,false,-0.008247159415258701,false
989,-0.007523494429566026,10,-0.015097383851222623,false,-0.010522702302476594,false,-0.008083956496422183,false
990,0.004455570189933349,10,-0.015576273830745606,false,-0.010877735531845461,false,-0.00837296215058799,false
991,0.005220581276683615,10,-0.015281833993360742,false,-0.010663901006595356,false,-0.00820209801897506,false
992,-0.00032533306743474466,10,-0.015043906653222656,false,-0.010495504837045715,false,-0.008070768659181634,false
993,-0.00047222109503719447,10,-0.01475597483143575,false,-0.010291264541233504,false,-0.00791114400618483,false
994,0.004076603971875746,10,-0.019925934469637807,false,-0.013986631584917253,false,-0.010820411194129732,false
995,0.00550166765720186,10,-0.019020567453686434,false,-0.013338886368548058,false,-0.010310003205846161,false
996,0.00022256908161246195,10,-0.018646593605207776,false,-0.013076679632273585,false,-0.010107379103518629,false
997,7.368491668736368e-5,10,-0.01773196452371482,false,-0.012423960152083462,false,-0.009594282662645363,false
998,0.0007897890415054052,10,-0.016988487413660644,false,-0.011891745140008878,false,-0.009174690693275733,false
999,-0.0007448773640524326,10,-0.016337137100935133,false,-0.0114259041114077,false,-0.008807743977605774,false
