Day,Actual_Returns,N_Assets,VaR_1_percent,Violation_1_percent,VaR_5_percent,Violation_5_percent,VaR_10_percent,Violation_10_percent
1,0.005224743422897253,5,-0.01712162667124061,false,-0.012008129307385984,false,-0.009282142784064145,false
2,-0.0013245314574747646,5,-0.017210010389569014,false,-0.012069944126985812,false,-0.009329793822064014,false
3,-0.0012726483787143562,5,-0.01701325767238161,false,-0.011930364993010485,false,-0.009220693713741037,false
4,-0.00011327204270180572,5,-0.01684038914151213,false,-0.011811816672440877,false,-0.009131103296282545,false
5,0.0011317294010126085,5,-0.01670813054160917,false,-0.011719957127644915,false,-0.009060780338276491,false
6,0.011689170636258253,5,-0.01654212239360459,false,-0.011608156315901924,false,-0.008977877256912474,false
7,0.0032807413482262744,5,-0.01701569738887742,false,-0.011938964647854634,false,-0.009232577208925216,false
8,0.003776733753202449,5,-0.01690537692081377,false,-0.011861275272225014,false,-0.009172283347928148,false
9,0.005859386297148949,5,-0.01677592666495268,false,-0.01177071130914627,false,-0.00910244952364167,false
10,0.0018503612991201779,5,-0.01681422094341196,false,-0.011795915828763949,false,-0.009120675941256607,false
11,-0.0022834670302338007,5,-0.016787637940178825,false,-0.011776878328169205,false,-0.00910566092019795,false
12,0.001820840668208899,5,-0.016707687572138592,false,-0.011720578843184367,false,-0.00906196963345516,false
13,0.0022724657924240482,5,-0.01664766918041472,false,-0.011680437061353233,false,-0.009032423998808912,false
14,-0.0033516191029675235,5,-0.016588965309693886,false,-0.011639761898149375,false,-0.009001359872871168,false
15,-0.001458292135409087,5,-0.01661778544730497,false,-0.011661458054295512,false,-0.009019258260859036,false
16,0.0007865385849470711,5,-0.01657354132146717,false,-0.011629450345048895,false,-0.008993773740019067,false
17,-0.001460659748626939,5,-0.01641167795602796,false,-0.01151456940574335,false,-0.008903938958237457,false
18,-0.0012481257246802053,5,-0.016272535289234565,false,-0.011413711962849033,false,-0.008823491226537866,false
19,-0.0002638532598884442,5,-0.016182962462831862,false,-0.011351301209756496,false,-0.00877556047421982,false
20,0.0047667995162130284,5,-0.016344032472813196,false,-0.011463572260628455,false,-0.008861816980560166,false
21,0.0002523152573529778,5,-0.016346137244569466,false,-0.01146634401251153,false,-0.008864944297080832,false
22,0.007414976031804621,5,-0.016335448691552613,false,-0.011461960343737775,false,-0.008863921738767261,false
23,0.0030953459312925606,5,-0.016430894570914574,false,-0.011526971010893592,false,-0.008912707506914655,false
24,-0.0032106504924538483,5,-0.01631440820671338,false,-0.011444561462713812,false,-0.008848464183262282,false
25,-0.0010457952788744606,5,-0.016267484778556125,false,-0.011408708963159741,false,-0.008818513554781084,false
26,0.0015373587438554655,5,-0.016170623891697565,false,-0.011343860228162889,false,-0.008770730379487925,false
27,0.005663875750762314,5,-0.01641407886597634,false,-0.011516232796868635,false,-0.008905209180807172,false
28,-0.0031755227338891236,5,-0.016428778007909456,false,-0.01152384898714487,false,-0.008909049475764002,false
29,-0.003279966028802558,5,-0.016476289053120523,false,-0.011559311045743878,false,-0.008938088264184688,false
30,-0.006547559433724338,5,-0.016354601897257275,false,-0.011476113112053177,false,-0.008875408792413447,false
31,-0.003734626576705934,5,-0.01655266433620691,false,-0.011616292200776247,false,-0.008984730481315076,false
32,-0.0057897446903545195,5,-0.01653025041829386,false,-0.011601459153171508,false,-0.00897393876762039,false
33,0.01009678570428805,5,-0.016726892358605343,false,-0.011740798646005699,false,-0.009082730537739279,false
34,0.0005534435853417529,5,-0.016983640233280726,false,-0.01191625654059889,false,-0.009214853044745978,false
35,-0.001992590591721758,5,-0.016843677978905743,false,-0.011815367446796244,false,-0.009134793708262985,false
36,0.005339107212374928,5,-0.01668004727838636,false,-0.011699580429201863,false,-0.009044511981001112,false
37,0.005773341806494657,5,-0.01659705254310661,false,-0.01164348061236014,false,-0.009002749745660094,false
38,0.007686180200100345,5,-0.016583585454289652,false,-0.011633170329442914,false,-0.008994122344286964,false
39,-0.004697703957433211,5,-0.01714198937272448,false,-0.012024466000806632,false,-0.009296333227483628,false
40,-0.0004455368883886369,5,-0.01706741990184726,false,-0.011970907328736593,false,-0.009253975334511954,false
41,0.0009778853967862097,5,-0.01685213043253733,false,-0.011819465806468544,false,-0.009136570916556936,false
42,-0.006822378444198535,5,-0.016641104676825502,false,-0.011669353070751187,false,-0.009018930686403673,false
43,-0.003812879241180781,5,-0.016777421393421327,false,-0.011772231981003505,false,-0.009103984025823365,false
44,0.003557361730636324,5,-0.01708719838741016,false,-0.011995366418071335,false,-0.009280929636397942,false
45,-3.403146769094081e-5,5,-0.017049983518375517,false,-0.011968280850052847,false,-0.009259243961269958,false
46,-0.009350715686759723,5,-0.01678102245588904,false,-0.011780057028288441,false,-0.009114060863784456,true
47,-0.0004973474394647142,5,-0.017123121697183257,false,-0.012028474438244442,false,-0.009312536836102638,false
48,0.0021647326298994468,5,-0.01700953182839104,false,-0.011951110975426173,false,-0.0092544855362614,false
49,0.004401766772996642,5,-0.01675710482642567,false,-0.011773170151903906,false,-0.009116253018847765,false
50,0.000748420351730176,5,-0.016623701141336704,false,-0.011677630012015178,false,-0.009040897794799739,false
51,0.00356341405046138,5,-0.016432179352607885,false,-0.011540723427693954,false,-0.008933106373856898,false
52,-0.001143544090868153,5,-0.01633316614836304,false,-0.011473181405406194,false,-0.008882341522218418,false
53,-0.0027805607403340936,5,-0.016223438724649188,false,-0.011395057058189266,false,-0.00882106465814191,false
54,0.012619226136052052,5,-0.01619917650494567,false,-0.011380561680272735,false,-0.008811775947442016,false
55,-0.0020045958688357413,5,-0.01726021089326237,false,-0.012133262702072423,false,-0.009400105592469891,false
56,0.0014598499016795614,5,-0.01708154108980141,false,-0.012005970732785623,false,-0.009300202956469194,false
57,-0.001755279865853515,5,-0.016830816816922403,false,-0.011829112367849106,false,-0.009162722233732608,false
58,0.0020793452879537553,5,-0.016680309281075393,false,-0.01172233976260861,false,-0.009079264558167153,false
59,0.0007312452893228165,5,-0.016547888756879587,false,-0.011627864119379296,false,-0.009005017190574562,false
60,0.006469830151633967,5,-0.01632201815606448,false,-0.011468776924244521,false,-0.008881531981890971,false
61,0.004455606740194283,5,-0.0162617116296885,false,-0.011424538910969392,false,-0.00884586003349198,false
62,0.0001596283601455039,5,-0.0161727010643973,false,-0.011356887835084708,false,-0.008789595622373915,false
63,0.0064067697663636675,5,-0.015966031016232233,false,-0.01121222820431714,false,-0.008677993515665325,false
64,0.0018951742543137369,5,-0.016001270951892337,false,-0.011234267601439332,false,-0.008692995754538585,false
65,0.01249084632552436,5,-0.015870273663148488,false,-0.011141309147023307,false,-0.008620315661948553,false
66,0.008026923649081034,5,-0.0172283871773713,false,-0.012101390788050734,false,-0.009368207984203116,false
67,0.0013884708406005203,5,-0.01719963988935216,false,-0.012076734601271833,false,-0.009345732748357186,false
68,0.0006364685181513324,5,-0.016924379434168055,false,-0.011881711868349912,false,-0.009193484448271555,false
69,-0.0009694827912810088,5,-0.016740540556178574,false,-0.011751678270874248,false,-0.009092134246743447,false
70,0.0006881484628057506,5,-0.016633170167578024,false,-0.01167794418509103,false,-0.009036331549528558,false
71,0.005299767924885261,5,-0.016444604020374856,false,-0.011547492238120101,false,-0.008936860067662884,false
72,0.005350971309412406,5,-0.01663015428386246,false,-0.011678143744434967,false,-0.00903824524966949,false
73,-0.00012517709336268653,5,-0.016566493967014883,false,-0.011632297480740721,false,-0.009001895591794382,false
74,-0.000781642672410112,5,-0.016344431742867,false,-0.011473671355141862,false,-0.008877087015600965,false
75,-0.00963496110723809,5,-0.016359339645845822,false,-0.0114864313155538,false,-0.008888701915778474,true
76,6.803378264377867e-5,5,-0.016705833061085595,false,-0.011732945705785414,false,-0.009081917857728177,false
77,0.0012505287530085673,5,-0.016724291732220703,false,-0.011747334191739046,false,-0.009094136543022371,false
78,-0.014634539898679615,5,-0.0166798619645137,false,-0.011713920375189592,true,-0.009066595289272951,true
79,-0.017139400276562324,5,-0.017836845049188914,false,-0.012535460338396939,true,-0.009709311765657747,true
80,-0.030488333435563498,5,-0.019305410019615936,true,-0.01357919072570922,true,-0.010526564408716561,true
81,-0.0026029840886352355,5,-0.024374938091543657,false,-0.017167044724476756,false,-0.013324543441684688,false
82,-0.005387084353283242,5,-0.023965626905514396,false,-0.01687936261407231,false,-0.013101701341434738,false
83,-0.014559511466395485,5,-0.02395368873408266,false,-0.016870398101132212,false,-0.013094322074833183,true
84,0.006642016168175597,5,-0.024112343735938815,false,-0.016983811759470172,false,-0.013183617740347028,false
85,0.0042567419736077835,5,-0.023644346162024727,false,-0.01665126208144356,false,-0.012923274834423494,false
86,0.013022092636787417,5,-0.023033713019105288,false,-0.01621771172959673,false,-0.012584126663242361,false
87,0.011320028983490046,5,-0.02309807865697546,false,-0.016257815665194044,false,-0.012611296775132995,false
88,0.005430086926460688,5,-0.02313431947087799,false,-0.016282452285549896,false,-0.012629747242847825,false
89,0.0004543212999850617,5,-0.02267341230369862,false,-0.01595864190943922,false,-0.012379022658759979,false
90,-0.0029296556007624625,5,-0.022072994688345046,false,-0.01553581082927476,false,-0.012050862303385724,false
91,-0.0026886416340956344,5,-0.021567320974155223,false,-0.015177726191388453,false,-0.011771456855956576,false
92,0.008731142845034404,5,-0.021030722581457176,false,-0.014796880300435685,false,-0.011473642047357048,false
93,0.0068045166443784335,5,-0.020779850289616916,false,-0.014614311384706395,false,-0.011327485408691206,false
94,-0.0011897779913337537,5,-0.020423930353623207,false,-0.0143614310102141,false,-0.011129535043160547,false
95,-0.010915408977312222,5,-0.02002343950025119,false,-0.014079049224873186,false,-0.01091011676495092,true
96,-0.011829069302742043,5,-0.020150485703338303,false,-0.014171397630942386,false,-0.01098396790382128,true
97,-0.006336124369455732,5,-0.020971539518287754,false,-0.014755226621427656,false,-0.011441333218181908,false
98,-0.0029694473963880544,5,-0.020795848096668578,false,-0.014634070301653639,false,-0.011349249359406642,false
99,0.013765776675341724,5,-0.02064624280981435,false,-0.014526221597806878,false,-0.0112636609354503,false
100,-0.0029274150713310895,5,-0.020971629865920906,false,-0.014749305611229455,false,-0.01143220757536749,false
101,0.003186110768110197,5,-0.020643666182311813,false,-0.014514204608506703,false,-0.011246611324207746,false
102,0.00559777956224559,5,-0.020251113424201325,false,-0.014235121824840264,false,-0.011028018964047261,false
103,0.009803184013615289,5,-0.019990654631272007,false,-0.01405052083291484,false,-0.01088385748514225,false
104,-0.00018098124792683822,5,-0.020149602746536266,false,-0.014162488821879775,false,-0.010970780542616425,false
105,-0.004526818274438121,5,-0.019733923234721628,false,-0.013868549198709333,false,-0.010741740003611078,false
106,-0.002845906562728943,5,-0.019483114845709946,false,-0.013689653278627706,false,-0.010601180354620111,false
107,-0.0023210836092778975,5,-0.019228567390189917,false,-0.01350712919631345,false,-0.01045705166605553,false
108,-0.007038424862732025,5,-0.018889105567545993,false,-0.013267536602998732,false,-0.01027069898935255,false
109,-0.0015262529689644244,5,-0.018907394338960798,false,-0.013283605704552842,false,-0.01028558479311731,false
110,0.0010430676734247226,5,-0.018662351975220606,false,-0.013110090506246884,false,-0.010150200462034128,false
111,-0.0008428891620694788,5,-0.018375421881929595,false,-0.012908732546920541,false,-0.009994460690683877,false
112,-0.020428977835528744,5,-0.01888428278962127,true,-0.013270578859563226,true,-0.01027793406670045,true
113,0.0013545265856101825,5,-0.0206427605897485,false,-0.0145224548452323,false,-0.011259742499648168,false
114,0.005650667807698102,5,-0.020214293154735587,false,-0.014220989378419742,false,-0.011025981312140946,false
115,-0.005961092872051591,5,-0.020406311111463304,false,-0.014356262646027036,false,-0.011131004195949127,false
116,0.0049365794970374416,5,-0.02016167156086285,false,-0.014184691661678501,false,-0.010998385793895664,false
117,0.0009694412937299464,5,-0.01992995685379295,false,-0.014022311222711798,false,-0.01087296719669888,false
118,-0.003629813604416615,5,-0.019532817205638178,false,-0.013742158017012297,false,-0.010655179030590219,false
119,-0.0032160295447575156,5,-0.01945193088177714,false,-0.013685937545063582,false,-0.010612107833025514,false
120,0.011420843743871312,5,-0.01920962250479992,false,-0.013512089805607178,false,-0.010474756206108236,false
121,-0.004667827339422506,5,-0.02012322014443954,false,-0.014155567227358272,false,-0.010974233539222184,false
122,0.0020422937486231038,5,-0.01976983981207806,false,-0.013905947254041031,false,-0.010779927829369512,false
123,0.008903025955141199,5,-0.019529335730397158,false,-0.013734780125755703,false,-0.01064572397437353,false
124,0.00017199637172043432,5,-0.019647710713360068,false,-0.013816057993699551,false,-0.010707225507570268,false
125,-0.0022422198464128384,5,-0.01925592505880315,false,-0.013536631121974268,false,-0.010487696687214075,false
126,0.0004256675184411561,5,-0.018978967038143,false,-0.013343623676778204,false,-0.010339442983157657,false
127,1.2521668289426548e-5,5,-0.018718492515633227,false,-0.013161078942670964,false,-0.010198442330886119,false
128,0.004727991238709095,5,-0.018446243638362295,false,-0.01296582650191356,false,-0.010044236405526052,false
129,0.009066108128250632,5,-0.018401502761749282,false,-0.012934433913784432,false,-0.010019959740595337,false
130,0.0003513009769416954,5,-0.01847338265563324,false,-0.012982833536576505,false,-0.010055842117751797,false
131,-0.008117299708115595,5,-0.018127985336129412,false,-0.012737855445839814,false,-0.009864397146292052,false
132,-0.003713830643329082,5,-0.018286533217759766,false,-0.012851448733998592,false,-0.009954025307015515,false
133,-0.0010511928349076583,5,-0.01808345144153916,false,-0.012709862018211103,false,-0.009845221380396257,false
134,-0.006884409716127425,5,-0.017850431103039126,false,-0.012542701976958637,false,-0.009713171219905224,false
135,0.0034909896527044056,5,-0.01810010824020643,false,-0.01271702771165312,false,-0.009847327400762393,false
136,0.006789822323613604,5,-0.017863428563461094,false,-0.012545693459129537,false,-0.009710828552095353,false
137,0.0012596454998189122,5,-0.017761291192833702,false,-0.012470989421479431,false,-0.00965074912274455,false
138,-0.005151821376426103,5,-0.017572235645016383,false,-0.012339886314971068,false,-0.009550540248257992,false
139,-0.002351241129437143,5,-0.017661421421166782,false,-0.01240127746188952,false,-0.009597114181180678,false
140,0.00016552462536677985,5,-0.017613448371881675,false,-0.012367700485822166,false,-0.00957121169847627,false
141,-0.0002179891020514734,5,-0.017709512071829,false,-0.012433027976437758,false,-0.009620153829629559,false
142,0.0011768934310399733,5,-0.017494330579426603,false,-0.012276295819537162,false,-0.00949458079720633,false
143,-0.003118542562441722,5,-0.017278422453936064,false,-0.012125331332843084,false,-0.009378237524045287,false
144,-0.000914509150716749,5,-0.017238354250300583,false,-0.012100786056951056,false,-0.009361967463494185,false
145,0.008722274603593302,5,-0.01714175427437403,false,-0.012036132063957835,false,-0.009314343755793788,false
146,0.006277196214822571,5,-0.017243684615652823,false,-0.012107845891847737,false,-0.009369949272205495,false
147,0.002927219506581793,5,-0.017400141142424094,false,-0.012219638518479268,false,-0.009457931738941265,false
148,-0.010991852203786873,5,-0.01723116913105303,false,-0.012100787129120598,false,-0.00936579946771729,true
149,-0.0004709166859799387,5,-0.0178974810268939,false,-0.012572932219818192,false,-0.00973443495306368,false
150,-0.0012442112142403408,5,-0.017880160776328383,false,-0.012561905789219006,false,-0.009726763734599679,false
151,-4.640922634446755e-5,5,-0.01786014002674551,false,-0.01255109959462576,false,-0.009720869785175008,false
152,-0.0011724918841224967,5,-0.01769649339984221,false,-0.012435784890021439,false,-0.009631320649506845,false
153,0.002601263558339684,5,-0.017466652157404318,false,-0.012271145720797858,false,-0.009501440464248181,false
154,-0.005661045405099173,5,-0.017344762866272522,false,-0.012187224642574317,false,-0.00943776009983318,false
155,-0.0019184109032785264,5,-0.017949457569118074,false,-0.012615798036235155,false,-0.009772443875265012,false
156,-0.0036419140809918473,5,-0.017693723548453267,false,-0.012437364551212263,false,-0.009635219019759547,false
157,-0.012475098030263814,5,-0.017548409301646025,false,-0.01233465851738613,true,-0.009555227266611519,true
158,-0.009542071696574787,5,-0.018682653986982833,false,-0.013136620336709103,false,-0.010180050319600667,false
159,0.00580120414426923,5,-0.019250703489544364,false,-0.013543362210276952,false,-0.01050079969303465,false
160,-3.535979831805142e-5,5,-0.01903117450857955,false,-0.013384326045443882,false,-0.010374012024641327,false
161,0.012838430281093738,5,-0.01887535403498863,false,-0.013275340109917416,false,-0.010289993408056329,false
162,-0.004885885256796508,5,-0.01944007677602658,false,-0.013672617850045629,false,-0.010598006837792197,false
163,0.0056185871325489245,5,-0.019247111065665894,false,-0.013539254285340745,false,-0.010496416956392063,false
164,0.003443592328904818,5,-0.0192133700181178,false,-0.013512628018085589,false,-0.010473583552184427,false
165,-0.006142186887195669,5,-0.01893389954053133,false,-0.013311517093288643,false,-0.010314245815027639,false
166,0.004392078797111922,5,-0.01885744547746046,false,-0.013259754173549222,false,-0.010275645652434181,false
167,-0.0009302940441055916,5,-0.018759007514432602,false,-0.013185059128427904,false,-0.010213607868993502,false
168,-0.0007115636550230958,5,-0.018376080195418386,false,-0.012915094059596744,false,-0.010003862557743484,false
169,-0.009195402411741698,5,-0.018035351526566202,false,-0.012669953499081692,false,-0.009809679664080619,false
170,-0.005785789215099991,5,-0.01820124916649103,false,-0.012791535310395145,false,-0.009907636871142123,false
171,-0.0089175898514716,5,-0.018279085814738503,false,-0.0128504206665356,false,-0.009956419363585326,false
172,-0.009937001095137296,5,-0.018579685592397498,false,-0.013066135153053639,false,-0.010126881815495089,false
173,0.007967746967964106,5,-0.0190810818324035,false,-0.013419628932233954,false,-0.010401529340089083,false
174,-0.0036905004567290203,5,-0.01898250847910308,false,-0.013348494564557903,false,-0.010345022594117575,false
175,0.005841788860859723,5,-0.01897175447413503,false,-0.013342181867884722,false,-0.010341077542462327,false
176,-0.00871953649036256,5,-0.018981376095496234,false,-0.013348039662484847,false,-0.010344928854943316,false
177,-0.000679823767931523,5,-0.019386497609133822,false,-0.013640141192140498,false,-0.01057677984934327,false
178,-0.004046892373700573,5,-0.018959615652983666,false,-0.013341076859049731,false,-0.010345854618145045,false
179,-0.004153875672928386,5,-0.01869177118440415,false,-0.013153643919530672,false,-0.010201288767223305,false
180,0.006418346786451435,5,-0.01866351059931888,false,-0.013137276850257259,false,-0.010191262087219906,false
181,-0.016741157350034612,5,-0.018817594748896174,false,-0.013244276667828235,true,-0.010273161421623317,true
182,0.007736821189776767,5,-0.02022088966477311,false,-0.014244977102545806,false,-0.011059240228145327,false
183,0.0003010113035763879,5,-0.020162323564212985,false,-0.014200741288286937,false,-0.011022643836487652,false
184,0.010584316381875248,5,-0.02006182358231768,false,-0.014131711715132828,false,-0.010970391021784293,false
185,0.008729260598835463,5,-0.02019632785777621,false,-0.014222848790626977,false,-0.011038409203448016,false
186,-0.0015174219902091782,5,-0.020023514788058548,false,-0.014098118199173577,false,-0.010939311203238879,false
187,-0.01113688902571097,5,-0.019561906493989426,false,-0.013772105603677998,false,-0.01068558417291141,true
188,0.002241075605870989,5,-0.0200277703450192,false,-0.014105620815460601,false,-0.010948544814837782,false
189,0.007140607391905638,5,-0.019688220101750892,false,-0.013862073241306953,false,-0.010756175908352828,false
190,-0.0014970125892254684,5,-0.019524282037481393,false,-0.01374390115245692,false,-0.010662401491652197,false
191,0.0013105717893237623,5,-0.01907762239971266,false,-0.013427041275074427,false,-0.010414737386236732,false
192,0.00163050144572657,5,-0.018827838900371974,false,-0.013252937125791486,false,-0.01028097761843513,false
193,-0.0039044588642610624,5,-0.018499132113989455,false,-0.013021064199228563,false,-0.010100726464230074,false
194,0.009951524782885628,5,-0.018357302175911885,false,-0.012922133965863659,false,-0.010024665904706766,false
195,-0.005280495905862372,5,-0.018546888133966308,false,-0.013052964467212241,false,-0.010124174089496844,false
196,0.00844194259349864,5,-0.01841677339479268,false,-0.012962168122394289,false,-0.01005433823522101,false
197,-9.007363859504553e-5,5,-0.01862276200374734,false,-0.013104713218113158,false,-0.010163061828792355,false
198,0.004102194418930864,5,-0.01853109575351718,false,-0.013038837775438671,false,-0.010110935370192704,false
199,0.0066468961422421705,5,-0.018463482932215638,false,-0.012989311464831144,false,-0.010071050911511082,false
200,-0.001987094837250797,5,-0.01837389438931412,false,-0.01292468369463654,false,-0.010019729636884802,false
201,-0.003923922568206735,5,-0.018106544710160634,false,-0.01273700123243597,false,-0.009874517473251175,false
202,-3.998045806003457e-5,5,-0.018282444064429557,false,-0.012865138985785276,false,-0.00997719369388132,false
203,-0.011921795285626735,5,-0.018299390852452177,false,-0.012877843883281443,false,-0.009987637255233996,true
204,0.004114058702253556,5,-0.019139561455957445,false,-0.013474700111756943,false,-0.010454783490711349,false
205,-0.001829039458061686,5,-0.018868159361522783,false,-0.013282221201197932,false,-0.010304378237438926,false
206,0.006464160159224701,5,-0.018607990271083407,false,-0.013096569033841836,false,-0.01015845076604538,false
207,-0.00023044177212817575,5,-0.01859974458182138,false,-0.013091943333032773,false,-0.010155754867685638,false
208,-0.0010962247556771656,5,-0.01827532927668669,false,-0.01286117847160361,false,-0.009974914711263447,false
209,-0.01941500134582529,5,-0.017998472081188828,true,-0.012666026441091195,true,-0.009823319401873153,true
210,-0.013616570793923283,5,-0.02041757142304106,false,-0.0143814204182103,false,-0.011163570652956756,true
211,0.006784438804158769,5,-0.02117216280615896,false,-0.014924234774644362,false,-0.01159348746009901,false
212,-0.004950630279176226,5,-0.02100635117315105,false,-0.014805297131703948,false,-0.011499538167816898,false
213,0.0006771277781788716,5,-0.021132258119148713,false,-0.01489353636527713,false,-0.011567696883277504,false
214,0.0031423365132245387,5,-0.020898246629551153,false,-0.014726345445867949,false,-0.01143612776258123,false
215,0.0032267394316743423,5,-0.020485889092797797,false,-0.014432747203405,false,-0.011205839660462388,false
216,0.0013950051361474019,5,-0.020106667560770952,false,-0.014162715983646417,false,-0.010994017392139776,false
217,0.0022614267236647227,5,-0.0199999113231262,false,-0.014088934595584714,false,-0.010937814774374768,false
218,-0.0075089833010207035,5,-0.01971658334025475,false,-0.013889275762209153,false,-0.010782759654996562,false
219,0.007140321703121617,5,-0.0197228611175871,false,-0.013896203712945268,false,-0.0107900342107684,false
220,0.011028843388027185,5,-0.019533219840650345,false,-0.013761127099483956,false,-0.010684045817501561,false
221,0.00254127548142604,5,-0.01986392926587544,false,-0.013993141147391799,false,-0.010863445724961665,false
222,0.0015078805411023852,5,-0.019466580672111808,false,-0.013709977194591112,false,-0.010641153181743693,false
223,-0.0036790149573980233,5,-0.019030120058242683,false,-0.013401591538800047,false,-0.010401043812191412,false
224,-0.004150365817624976,5,-0.01892582726048905,false,-0.013327616568443695,false,-0.010343231163436236,false
225,-0.012034130167594768,5,-0.01903578158634668,false,-0.013405814861935804,false,-0.010404500433580353,true
226,-0.010745094099046101,5,-0.01980220433192251,false,-0.013951657892175458,false,-0.010832753233780011,false
227,-0.0034723214309552598,5,-0.01999184924242496,false,-0.014091072050867412,false,-0.010945389564549409,false
228,-0.005391755475076867,5,-0.01966011712930433,false,-0.013857696771649245,false,-0.010764447949537265,false
229,0.0003703476159930796,5,-0.019529764611369325,false,-0.013767414598206977,false,-0.010695527128472758,false
230,-0.000586597795790314,5,-0.019218142143563217,false,-0.013547547483482008,false,-0.010524574452955258,false
231,0.002957066661947306,5,-0.018924056880592472,false,-0.013338548802336663,false,-0.010360935113737238,false
232,0.0033077055294154457,5,-0.018731112823256773,false,-0.013199893801630162,false,-0.010251221408235298,false
233,0.008843469162182998,5,-0.018484954006398095,false,-0.013024841306194006,false,-0.01011407542963651,false
234,-2.08021350040058e-6,5,-0.018512876040982753,false,-0.013042374304474401,false,-0.010126070071105397,false
235,0.006930531148926901,5,-0.018244530372709337,false,-0.012852857684502363,false,-0.009978576925093628,false
236,0.007889021116057984,5,-0.018377679560937523,false,-0.01295064627397208,false,-0.01005751491020916,false
237,0.005767449149920636,5,-0.01857030256048982,false,-0.013083314935477422,false,-0.010158222135949238,false
238,0.008340542760440167,5,-0.01892400283413018,false,-0.013332710116903776,false,-0.010352012658673887,false
239,-0.0023975420783083437,5,-0.01888300295115661,false,-0.013300899090004934,false,-0.010325100176947181,false
240,0.0009423385786579183,5,-0.01856425108364348,false,-0.013074459859869691,false,-0.0101478724722159,false
241,0.002059926999462492,5,-0.018255659272313512,false,-0.01285772728507411,false,-0.009980109716512316,false
242,-0.0028342286483785395,5,-0.0179812861089781,false,-0.012662640130479809,false,-0.009827289639797824,false
243,-0.002714692801487147,5,-0.018154755429259983,false,-0.012787024372128359,false,-0.00992550680765526,false
244,-0.0040696854915762675,5,-0.018817056775604614,false,-0.013256712324046351,false,-0.010292513271727038,false
245,-0.004466080867949642,5,-0.018558640201506608,false,-0.013075966110270837,false,-0.010153172839637714,false
246,-0.002923221468661913,5,-0.018759978746598818,false,-0.013218261357240376,false,-0.010263992322854526,false
247,-0.00871846901989939,5,-0.01881595665268075,false,-0.013259173125006154,false,-0.010296872388032821,false
248,-0.0045642529942002946,5,-0.018994258943825428,false,-0.013386072502538537,false,-0.010396369062523435,false
249,-0.004869882211915417,5,-0.018887220765297634,false,-0.013310679720100284,false,-0.01033784632364383,false
250,-0.006500791428805323,5,-0.019285709202569522,false,-0.013591145471612309,false,-0.010555394618093728,false
251,-0.0031611960540980973,5,-0.019399407055295772,false,-0.013674325774864828,false,-0.01062230612864514,false
252,-0.02953414149918171,5,-0.019453064355463755,true,-0.01371469561507769,true,-0.010655592473123192,true
253,0.003734482357462527,5,-0.023123339022545587,false,-0.016319997014232604,false,-0.012693160563840768,false
254,-0.0033222295119524556,5,-0.022502789257228123,false,-0.015880445821826013,false,-0.012350099040908377,false
255,0.010236244773114682,5,-0.02208080331941741,false,-0.01558217574592284,false,-0.012117781433205339,false
256,0.005620138213346487,5,-0.022309932891019825,false,-0.01574170817113004,false,-0.012240211877197867,false
257,-0.008210131376421195,5,-0.02220343375870729,false,-0.015665038346785617,false,-0.012179443946554581,false
258,-0.0012640710542921665,5,-0.022136071277926536,false,-0.015621391039001195,false,-0.012148439109741832,false
259,-0.004578778392816954,5,-0.02155873688108945,false,-0.015214086252569257,false,-0.011831776479460479,false
260,-0.018844863618175552,5,-0.021311573868223375,false,-0.015040046260378135,true,-0.011696718099015851,true
261,-0.0054821579788191565,5,-0.022810314089604534,false,-0.016105434589864413,false,-0.01253108813845436,false
262,-0.015182299653776874,5,-0.022495105188872374,false,-0.01588374362234667,false,-0.012359251235091103,true
263,-0.0012479790617476573,5,-0.023874834007381364,false,-0.01686428376214439,false,-0.013126985367375938,false
264,0.0017808002037906392,5,-0.02338027910707969,false,-0.016513532465647355,false,-0.012852895239954202,false
265,0.00974208666300229,5,-0.023069889465101537,false,-0.01629070812383819,false,-0.012676751635649387,false
266,0.009778702790262439,5,-0.022888831321966126,false,-0.016156330425881136,false,-0.01256725911028641,false
267,0.006981958245142767,5,-0.022961524013367166,false,-0.016206845721308503,false,-0.012605951717982686,false
268,0.01181078603984989,5,-0.02275552480166159,false,-0.016056586613631123,false,-0.012485407453508996,false
269,-0.002858089847656432,5,-0.022587279839747523,false,-0.01593177473506059,false,-0.012383749590954526,false
270,0.0030313065787525772,5,-0.022060401790665436,false,-0.015558505280660741,false,-0.01209236830998566,false
271,0.0065650099491990745,5,-0.021712829736159067,false,-0.015308806246039617,false,-0.011894845020108218,false
272,0.002051196588227127,5,-0.022122771142942515,false,-0.015600509512579068,false,-0.01212351597159729,false
273,-0.007717700638383087,5,-0.021835901460133506,false,-0.015397699353139878,false,-0.011965517633023153,false
274,-0.007409794523808795,5,-0.021688762135914995,false,-0.015296489953458095,false,-0.011888793306158526,false
275,-0.008903807609284187,5,-0.022059027601601874,false,-0.0155617211430065,false,-0.012098031111753269,false
276,-0.0033707217192127936,5,-0.02239383170154055,false,-0.01580231087721437,false,-0.012288395516209158,false
277,0.002399040787861183,5,-0.02191704217782878,false,-0.015466263681734014,false,-0.01202737753512358,false
278,0.0075270269145230485,5,-0.021386117872111827,false,-0.015091526657831563,false,-0.011735903373220462,false
279,-0.0015211852671442073,5,-0.021136269182760504,false,-0.01491173787310057,false,-0.01159346326440162,false
280,-0.010984108876127668,5,-0.020699172061225332,false,-0.014603634612771544,false,-0.011354126154168765,false
281,-0.0031485606674877516,5,-0.021332778675048104,false,-0.015053674054146931,false,-0.011706306615161564,false
282,-0.0004459265102631084,5,-0.02110934981330463,false,-0.014898477447021816,false,-0.011587484370495355,false
283,-0.0008630404018275192,5,-0.020891700430147542,false,-0.01474541115574259,false,-0.011468847086520986,false
284,0.005361225430058002,5,-0.02077085957767494,false,-0.014661383242635146,false,-0.01140444401517109,false
285,0.0027791439290000947,5,-0.02047387909236571,false,-0.014448059771335453,false,-0.01123571778848588,false
286,0.01242369834678905,5,-0.020022206738461574,false,-0.014128127782878514,false,-0.010986016101373194,false
287,-0.008354726762705546,5,-0.020359405449093353,false,-0.014362214121525428,false,-0.011165133616059161,false
288,0.018111756987086728,5,-0.020286327714008633,false,-0.014313309415713604,false,-0.01112911546270585,false
289,-0.011956962910878595,5,-0.02136987264123561,false,-0.015072688754583436,false,-0.011715683325924472,true
290,-0.02862829413169848,5,-0.021792621290381103,true,-0.01537583958392661,true,-0.011955077000075918,true
291,0.005114263709822747,5,-0.025417242480149177,false,-0.017943394440205426,false,-0.01395911370540827,false
292,-0.02444137944777033,5,-0.024703909810209423,false,-0.017435186447286862,true,-0.013560256918791888,true
293,-0.000687648664953269,5,-0.02654229441240456,false,-0.01874010212447091,false,-0.014580782286034523,false
294,0.020659441908524912,5,-0.025928909948096525,false,-0.01830589073956798,false,-0.014242087406772703,false
295,0.0019513663257623467,5,-0.027066491707844417,false,-0.019103753886135662,false,-0.014858847817706475,false
296,-0.014455777070960634,5,-0.026139655351603248,false,-0.018446913045406608,false,-0.014345940587239134,true
297,0.00017522889758328475,5,-0.026219596875364494,false,-0.01850724618918174,false,-0.01439582057620008,false
298,-0.007351261013118603,5,-0.02554486292204203,false,-0.018030066056566166,false,-0.014023955654399779,false
299,0.00418107949437787,5,-0.02512582462821237,false,-0.017735101448469022,false,-0.013795134269059825,false
300,-0.015348594144127523,5,-0.024520612536850783,false,-0.01730557602210652,false,-0.013459266753719267,true
301,-0.004699357848649759,5,-0.025286787614474168,false,-0.017848549451213058,false,-0.013883252209909068,false
302,-0.0026138040156155158,5,-0.024699570227276427,false,-0.017433717358709515,false,-0.01356031808013392,false
303,-0.013126474748881824,5,-0.024096617590908833,false,-0.01700808787961655,false,-0.013229218920039523,false
304,0.008906542018210386,5,-0.024445946810383975,false,-0.017259354733945548,false,-0.013428209090366877,false
305,0.01737016111923524,5,-0.024965880493446092,false,-0.017625449699416016,false,-0.013712293204734879,false
306,0.0017682113886158255,5,-0.02590646504742954,false,-0.01828219749655291,false,-0.014217728677071077,false
307,-0.004731268028786351,5,-0.025109798593742245,false,-0.017718148841340608,false,-0.013777687709475843,false
308,0.0006311171062571039,5,-0.025207108460810354,false,-0.01778550869155163,false,-0.013829081316523668,false
309,0.013851109835409867,5,-0.024910806117513954,false,-0.01757251397482777,false,-0.013660497587264458,false
310,0.013376441881752812,5,-0.02646371275689044,false,-0.018664714602826038,false,-0.014507097545336169,false
311,0.0011454056101171351,5,-0.02632698716163418,false,-0.018568213466479005,false,-0.014432039919192063,false
312,0.0182125102154494,5,-0.025564608109997878,false,-0.018029071970817413,false,-0.014011905538580133,false
313,0.0015595276786713038,5,-0.025916673549180154,false,-0.01826994423740348,false,-0.01419350113630053,false
314,-0.0007204161865895483,5,-0.025097954196552787,false,-0.01769151819045619,false,-0.013743174561459856,false
315,-0.003652699696718499,5,-0.024379249164120743,false,-0.017177017376680766,false,-0.01333753426103841,false
316,0.006114900452111365,5,-0.02377986417347987,false,-0.016756193320601298,false,-0.01301190037844897,false
317,0.0004089022135927375,5,-0.023177087656838503,false,-0.01632772570412212,false,-0.0126763561916553,false
318,-0.000702630653443406,5,-0.022542322014770525,false,-0.01587616406665268,false,-0.012322459931132054,false
319,0.011145418921096372,5,-0.021906913845637855,false,-0.015423698716051149,false,-0.011967520720150641,false
320,-0.008160861860986982,5,-0.022482717473302497,false,-0.015829366850842148,false,-0.012282490253238897,false
321,0.0002691865975079362,5,-0.022302919299989267,false,-0.015706733758595656,false,-0.012190331654182535,false
322,0.006131880726957219,5,-0.02175307446265587,false,-0.015317320118901797,false,-0.011886443292310681,false
323,0.012855129322218547,5,-0.021338205669804686,false,-0.015025450252400346,false,-0.011660143698316357,false
324,-0.004158966083793184,5,-0.021811067128133244,false,-0.015352775512185547,false,-0.011909884149182128,false
325,0.0013301499266094464,5,-0.021375210207565033,false,-0.015048449637667348,false,-0.01167567698861208,false
326,0.004750576133980551,5,-0.020854585356099332,false,-0.014679566820685518,false,-0.011387687288726266,false
327,0.010015161093255925,5,-0.02049864898807304,false,-0.014429749046548404,false,-0.011194440944323444,false
328,-0.0028045791680077845,5,-0.02069879069053778,false,-0.014572077295149364,false,-0.01130594905459533,false
329,-0.000660202262965205,5,-0.020282008117957915,false,-0.014277878730757282,false,-0.01107709957137355,false
330,0.008987136992935442,5,-0.019921914153991267,false,-0.014026331698988152,false,-0.01088341850750536,false
331,-0.006612095769616751,5,-0.020421908319612058,false,-0.014370903731934769,false,-0.011145135576628088,false
332,-0.009645548776114241,5,-0.020301243609079207,false,-0.01429052658459762,false,-0.01108623558015548,false
333,-0.011582859341687124,5,-0.021193290460778138,false,-0.014922138264444685,false,-0.011579010233570207,true
334,-0.003261944420844205,5,-0.021719253915803812,false,-0.015295276839556745,false,-0.011870678430694481,false
335,0.012587396216791075,5,-0.021307423193348503,false,-0.01500535800622236,false,-0.011645750374342883,false
336,0.0037083240730404502,5,-0.0216590885892774,false,-0.01525367320675167,false,-0.011838969968128868,false
337,0.0015323319512611888,5,-0.021186330138947922,false,-0.014917986118576337,false,-0.011576355115916107,false
338,0.0005747246706542242,5,-0.020777004236309994,false,-0.014628281986676893,false,-0.01135042090736384,false
339,0.00993602232559079,5,-0.0208792175908424,false,-0.014699508638068856,false,-0.011405128661970972,false
340,0.005276743630641115,5,-0.020938022830732535,false,-0.014737338112636042,false,-0.011431776033660603,false
341,-0.0017507940875977617,5,-0.020659443632775512,false,-0.014537369155665227,false,-0.01127371390527999,false
342,0.00381842069334682,5,-0.02019145711582598,false,-0.014210088691401364,false,-0.011021443317051694,false
343,0.004650718931425282,5,-0.01985040628808476,false,-0.013967049536459207,false,-0.010830653822208528,false
344,-0.001581371036712196,5,-0.019535696820168487,false,-0.01374136877605996,false,-0.010652433936355859,false
345,0.0005945370480831733,5,-0.0191918363884298,false,-0.013502452903574696,false,-0.010469463620084812,false
346,-0.0065472236191357145,5,-0.01881760461845606,false,-0.013238049037881554,false,-0.010263608603770152,false
347,0.0006532557305291055,5,-0.01897046844467323,false,-0.013349619012113359,false,-0.010353164978307189,false
348,0.0005614905599533899,5,-0.018787483546431533,false,-0.013221342790730159,false,-0.010254053750120076,false
349,-0.003468131868064597,5,-0.018572294521158234,false,-0.013067297379899293,false,-0.01013260377390025,false
350,-0.0015418785803551294,5,-0.018321716709879345,false,-0.012888579501585286,false,-0.009992194159948273,false
351,-0.00672034633205047,5,-0.01804051249213916,false,-0.012690195501036335,false,-0.009837961310726347,false
352,-0.009704171094641813,5,-0.01852130772338939,false,-0.013031764576551334,false,-0.010105309437794028,false
353,0.005984139947460127,5,-0.01892085165599115,false,-0.013316462095677698,false,-0.01032878275886003,false
354,0.007708504697496978,5,-0.01882203888873555,false,-0.013245629777967144,false,-0.010272866715266568,false
355,-4.639076397593535e-5,5,-0.01880018666967865,false,-0.013227215802701796,false,-0.010256285655044047,false
356,-0.0007464323078706756,5,-0.01865082413279074,false,-0.01312023234017817,false,-0.010171894320249768,false
357,0.008981029907351189,5,-0.01839544051164524,false,-0.012936658763594374,false,-0.010026602412704868,false
358,0.005234557847267069,5,-0.018646899644462384,false,-0.01310906909444792,false,-0.010156872119733967,false
359,0.002428840574236793,5,-0.01838942933528659,false,-0.012923509801561843,false,-0.010009648323541365,false
360,-0.005369959506824057,5,-0.01813102952174415,false,-0.012735729798598681,false,-0.00985951548028526,false
361,0.002198572401421665,5,-0.018222237047218915,false,-0.012802924453094357,false,-0.009913908962116223,false
362,-0.006325262069962277,5,-0.01799081003917972,false,-0.012638702604287608,false,-0.009785513935018685,false
363,-0.013741470264998834,5,-0.01891547950130666,false,-0.01329658337087914,true,-0.010301170635211968,true
364,0.006984084865134909,5,-0.019815130902610847,false,-0.013941010875923737,false,-0.01080953922555931,false
365,-0.0072568626217295925,5,-0.019710941500956397,false,-0.01386864106234717,false,-0.010754132316645822,false
366,-0.00196761244024655,5,-0.01970990634483324,false,-0.013869187624365852,false,-0.010755522086753126,false
367,0.006875959557580235,5,-0.019629490149427428,false,-0.013813997667136674,false,-0.01071378014375188,false
368,0.010862163296058122,5,-0.019470197939840308,false,-0.01369993175764415,false,-0.010623824207490017,false
369,-0.0014095613865888926,5,-0.019736975291442287,false,-0.013886841328479393,false,-0.010768156559931305,false
370,0.012794537193196093,5,-0.019331209408149624,false,-0.013598003480892367,false,-0.010541652615513005,false
371,-0.003147796852619415,5,-0.020006974553141328,false,-0.014070566725288405,false,-0.01090588967860451,false
372,-0.001077789905389621,5,-0.019686358739173997,false,-0.0138427357356014,false,-0.01072752193541193,false
373,0.0015165458871416503,5,-0.01935867051337775,false,-0.013606857032123451,false,-0.01054058654856134,false
374,-0.0002693378992397334,5,-0.01901479849436521,false,-0.013359809526990682,false,-0.0103451558335005,false
375,0.0007777100171899511,5,-0.018713935696592483,false,-0.013146043194471036,false,-0.010177820304326358,false
376,-0.0020374118891123153,5,-0.01839984014428885,false,-0.012928708313773131,false,-0.010012068179620323,false
377,0.0035928982195760116,5,-0.01824681979700279,false,-0.012822624186070154,false,-0.00993100557690014,false
378,0.00475806691600526,5,-0.018350307831465875,false,-0.012894620687921347,false,-0.009986214059243282,false
379,0.0031427331450831143,5,-0.018213660645145704,false,-0.012797055547528673,false,-0.009909483412920219,false
380,-0.0005115743583208504,5,-0.017928635878378764,false,-0.012593145053442037,false,-0.009748814637454297,false
381,-0.0049514201639735324,5,-0.01771095932060127,false,-0.012440885051519164,false,-0.009631427959398243,false
382,-0.00011869330472424633,5,-0.017632616540443194,false,-0.012385192220431012,false,-0.009587809732348214,false
383,0.0015415669388738834,5,-0.017381449891722658,false,-0.012210260630340898,false,-0.009453518769923258,false
384,-0.004552787705243083,5,-0.01719873450218824,false,-0.01208325577013021,false,-0.009356212986750748,false
385,-0.0016156454769485906,5,-0.01714201315913292,false,-0.012044499215772005,false,-0.009327033394772304,false
386,0.0019249397967379509,5,-0.01724881750683764,false,-0.012120855175774686,false,-0.00938715743195845,false
387,0.0017999157109960025,5,-0.01707646046405654,false,-0.011998346143353626,false,-0.009291222189408956,false
388,-0.0012711174175579491,5,-0.016944198151980373,false,-0.011907336702772199,false,-0.009222204501974385,false
389,0.004181862120978155,5,-0.01690848565749929,false,-0.011881145450620136,false,-0.009201088988876702,false
390,-0.007416931028686374,5,-0.01679151904936141,false,-0.011794544778296653,false,-0.00913067628457355,false
391,0.0011490224589122849,5,-0.017225539149844194,false,-0.012102590738013863,false,-0.009371565895987657,false
392,-0.005407016025346182,5,-0.017019560690706526,false,-0.011957822604140612,false,-0.009259428760017797,false
393,-0.006608930242015798,5,-0.017292095035088884,false,-0.012152924608909156,false,-0.009413251871059208,false
394,-0.003222974850519568,5,-0.01767810204596534,false,-0.012431313837126659,false,-0.00963427045755667,false
395,-0.01346276082861635,5,-0.017869468614263535,false,-0.012567879085383142,true,-0.009741621324878899,true
396,0.002342590303081822,5,-0.01866194055421134,false,-0.013129857212777488,false,-0.010180724053691607,false
397,-0.009797306120433742,5,-0.01834074558093215,false,-0.012901595323232713,false,-0.010002004447207629,false
398,-0.003390780240765992,5,-0.018757299839619893,false,-0.013198895747487109,false,-0.010235731093597654,false
399,0.004843244959132069,5,-0.018797989183856046,false,-0.013225613848013615,false,-0.010255001175799996,false
400,-0.0018616096376765205,5,-0.018601506282704915,false,-0.013088329479057784,false,-0.010149275325306602,false
401,6.845845122779772e-5,5,-0.01868091767137279,false,-0.013149857559898278,false,-0.010201269880917487,false
402,0.0074629473629644295,5,-0.018516733669798707,false,-0.013034057562175738,false,-0.010111263216614059,false
403,0.002676350947424878,5,-0.019230436535587727,false,-0.013538954600030233,false,-0.01050484664023575,false
404,-6.0766389772319964e-5,5,-0.019146445598624127,false,-0.01348134615115769,false,-0.010461302598142075,false
405,-0.005035853415901563,5,-0.01873667595236288,false,-0.013191832394499262,false,-0.010235896811250986,false
406,0.002039352133768221,5,-0.018942574125301242,false,-0.013338898673075373,false,-0.0103516000246368,false
407,0.005510582431707792,5,-0.0187136500542536,false,-0.013177302530153895,false,-0.010225896151067497,false
408,-0.011236808598789562,5,-0.018532660838079466,false,-0.013051050371001885,false,-0.010128824114471791,true
409,-0.000371490692878457,5,-0.019164628047867036,false,-0.013498425924685002,false,-0.010477794539325605,false
410,-0.0005845995894088459,5,-0.018961249695244674,false,-0.013355183927706477,false,-0.010366611011019728,false
411,0.0015717404314028584,5,-0.018713120290311303,false,-0.013179015080338648,false,-0.010228804070616198,false
412,0.0047352930519983,5,-0.018615519266047213,false,-0.013109119982872931,false,-0.010173678900207131,false
413,0.009063257221796031,5,-0.018508785466385114,false,-0.013030102519888436,false,-0.010109436913747384,false
414,0.0002692445174571655,5,-0.019047029455803763,false,-0.013406864227099583,false,-0.010400113013842648,false
415,0.010295606420903285,5,-0.018658751802196567,false,-0.013130909760758916,false,-0.010184037623007026,false
416,0.001677328785683964,5,-0.019068871863568298,false,-0.013414517579220348,false,-0.010400202232903133,false
417,0.009569748714341571,5,-0.018776378082860427,false,-0.01320337268060057,false,-0.010232424122311241,false
418,-0.003407431652570695,5,-0.01885016747325544,false,-0.013254085843752851,false,-0.01027083543410882,false
419,-0.004665560347697708,5,-0.018565047094881958,false,-0.013055582374130634,false,-0.010118507118035478,false
420,-0.0043112570067305725,5,-0.018362981032273205,false,-0.012911698870754633,false,-0.010005640521694954,false
421,-0.004163114734977568,5,-0.01834261609922324,false,-0.012900773103521295,false,-0.00999974673883095,false
422,0.008132918472915146,5,-0.018137292696657228,false,-0.01275842451363444,false,-0.009890969788559195,false
423,0.013292709623559683,5,-0.018586563942931962,false,-0.013077937152835978,false,-0.01014130859447261,false
424,0.011324811668210264,5,-0.019169106687058242,false,-0.013484787319457427,false,-0.010454497698137175,false
425,-0.0021647990249371836,5,-0.019477266216858684,false,-0.013703615021303364,false,-0.010625702933052943,false
426,0.004825313715547171,5,-0.019256914438248347,false,-0.013551297110751086,false,-0.01050965362581836,false
427,-0.002570557431552061,5,-0.018948491071102788,false,-0.013332207865790025,false,-0.010338188070832989,false
428,-0.0028226554598962386,5,-0.018684004408019678,false,-0.01314762172517137,false,-0.010196196603086188,false
429,0.005148758773312249,5,-0.018434584500114534,false,-0.012967044940500006,false,-0.010052319832672229,false
430,0.002792791365553932,5,-0.018283477644131785,false,-0.012857032188817251,false,-0.009964214195932294,false
431,0.0037286479598340853,5,-0.01827833363208098,false,-0.01285167898520311,false,-0.009958749473069803,false
432,-0.0018331001973928354,5,-0.0181892527784069,false,-0.012786363734836432,false,-0.00990610357788702,false
433,0.0030946175901518033,5,-0.017970276543387384,false,-0.01263296957192818,false,-0.00978767097494955,false
434,0.0013886423613250713,5,-0.018071992601365827,false,-0.012707016243562137,false,-0.009846967199107614,false
435,-0.010416019628599837,5,-0.018067955628298486,false,-0.01270850676866047,false,-0.009851404413024801,true
436,-0.00410584038079289,5,-0.0183963977498624,false,-0.012940922509477232,false,-0.010032628845589323,false
437,0.004590566383710739,5,-0.018256301012610058,false,-0.01284350622489768,false,-0.0099579653524002,false
438,0.00482029500962788,5,-0.018051507296717628,false,-0.012698826539133888,false,-0.009845332233659514,false
439,0.0003475347804471967,5,-0.017878536526814728,false,-0.012575366780644002,false,-0.00974826661214952,false
440,0.0001940658089190163,5,-0.017595601872359007,false,-0.012373578158531249,false,-0.009589736639616127,false
441,-0.0015289211914157705,5,-0.017368833114019513,false,-0.012215137749866281,false,-0.00946772182132893,false
442,-0.0023076880200394233,5,-0.01721592154074737,false,-0.012106494270726093,false,-0.009382677499366344,false
443,-0.005052845777288293,5,-0.01713896382485564,false,-0.012054876954508157,false,-0.009344569056448048,false
444,0.0074549404090181294,5,-0.01743597968619688,false,-0.01226227296615029,false,-0.00950418905783372,false
445,-0.0003091117833208028,5,-0.01768753142771993,false,-0.012435892116993658,false,-0.009636262632957807,false
446,0.0015826440123849522,5,-0.01745619555740126,false,-0.012274022298017735,false,-0.009511424908909173,false
447,0.0025007202685488794,5,-0.017336736575460636,false,-0.012189903598547356,false,-0.009446145983254899,false
448,-0.0038756511454424232,5,-0.017133677312277083,false,-0.012047146204559923,false,-0.00933553529260239,false
449,-0.004314511315848259,5,-0.01714369385321,false,-0.01206012169144794,false,-0.009350088182630155,false
450,-0.001950453314690358,5,-0.017121229085749933,false,-0.01204740065186207,false,-0.009342561488319539,false
451,-0.003804350260057957,5,-0.016943839221923523,false,-0.011922985524066173,false,-0.009246386996280392,false
452,-0.003164787593727129,5,-0.017516636601313154,false,-0.012326292435844483,false,-0.009559339166936532,false
453,-0.0035308295450696414,5,-0.017265085656343767,false,-0.01214488665006445,false,-0.009415327505963932,false
454,-0.014329112390189861,5,-0.017192655617212466,false,-0.01209478212507024,true,-0.00937712462994565,true
455,-0.022260332649732886,5,-0.01866022742881107,true,-0.013133636708042242,true,-0.010187431644708672,true
456,-0.010653145840570973,5,-0.020899693006876136,false,-0.014726792142955412,false,-0.011436041533833163,false
457,0.004622236205997188,5,-0.02128800583063175,false,-0.01500316242857559,false,-0.011652735666591571,false
458,0.008286069770620623,5,-0.020829939433312156,false,-0.01467518621852034,false,-0.01139411005399741,false
459,0.002201904260905028,5,-0.02114376862256836,false,-0.014898427591502705,false,-0.011569059397324067,false
460,-0.004407686496080416,5,-0.020932434653013646,false,-0.014747262769605095,false,-0.011449970525400036,false
461,-0.006928944278615836,5,-0.020590865503041393,false,-0.014510451470053237,false,-0.011269005248274382,false
462,-0.0034331533823019136,5,-0.021048404593251597,false,-0.014836917895587364,false,-0.011525597321274665,false
463,-0.012798440583535138,5,-0.021996251022362266,false,-0.015510172882195384,false,-0.012052468625948512,true
464,0.004129435336593212,5,-0.022463550675716183,false,-0.015846311000194985,false,-0.012318685014784543,false
465,0.005850871479552109,5,-0.022059969564106274,false,-0.015558328645262428,false,-0.012092327929289437,false
466,0.0059641862300433834,5,-0.02170874400394584,false,-0.015306074955764786,false,-0.011892835777818939,false
467,0.002652243299683079,5,-0.021456887481707033,false,-0.015125730174750857,false,-0.011750613641438847,false
468,-0.00477752064463159,5,-0.02131484989610627,false,-0.01502510619856884,false,-0.0116720671071962,false
469,-0.0011617962527108367,5,-0.020866166621420656,false,-0.014708268570915565,false,-0.011425515906110646,false
470,-0.012647076099697804,5,-0.020574868878578716,false,-0.014500325703880882,false,-0.011262009214932806,true
471,0.006360962465621102,5,-0.020974753973665147,false,-0.014786794869557347,false,-0.011488016768311005,false
472,0.0006413447472691537,5,-0.020580761822060898,false,-0.01450508140013844,false,-0.011266158648903042,false
473,0.002805416874187989,5,-0.020092749165785437,false,-0.014158864718268943,false,-0.010995532876305196,false
474,0.013546219181891684,5,-0.01997649499123967,false,-0.014074696634147663,false,-0.010928469768261836,false
475,-0.003780384712336525,5,-0.02040500696813643,false,-0.0143750498076212,false,-0.011160501957853335,false
476,0.008614973166506092,5,-0.02009700448887976,false,-0.014159917472907653,false,-0.010994878353550605,false
477,0.012745066926358692,5,-0.020488527001250645,false,-0.014431677275043688,false,-0.011202793098015463,false
478,0.006405743403025769,5,-0.020850028404647815,false,-0.01467980384251505,false,-0.011390479959972907,false
479,0.0037649913028142638,5,-0.02047332681470548,false,-0.014411526556392365,false,-0.01118000326901668,false
480,0.00011551016757606314,5,-0.01997826128893561,false,-0.014059365557830586,false,-0.010904024145123413,false
481,0.0068875270037189375,5,-0.019516072614728226,false,-0.013736494442605293,false,-0.010655422705078122,false
482,0.0061469407868136264,5,-0.019357536681961912,false,-0.01362321539684502,false,-0.010566269938317819,false
483,0.005190839003893016,5,-0.019245680012920326,false,-0.01354146620326662,false,-0.01050057092850289,false
484,-0.004284963521542608,5,-0.019117369006078796,false,-0.013446868880282225,false,-0.010423946245632813,false
485,0.0015506608932711044,5,-0.019455925629360046,false,-0.01368571451015996,false,-0.01060963631388528,false
486,-0.0018553387369406918,5,-0.019007839170424888,false,-0.01336687116814159,false,-0.01035969199926011,false
487,0.0027100789882773682,5,-0.018658418098486562,false,-0.013123170403261462,false,-0.010172350338878445,false
488,0.00043594874851721796,5,-0.018401591993653585,false,-0.012940997233751025,false,-0.010029974372952026,false
489,-0.0017186737874427555,5,-0.018087166596046346,false,-0.012722920360142062,false,-0.00986326054097046,false
490,0.0010385582940226985,5,-0.01806423876789128,false,-0.012707037362376671,false,-0.009851133116217992,false
491,-0.008165029561305938,5,-0.01773128631048048,false,-0.012470707102460095,false,-0.009666311792256835,false
492,0.0023189079787098773,5,-0.01802742776595122,false,-0.01268023675269153,false,-0.009829669009602736,false
493,-0.00028960922347702283,5,-0.017773827998176762,false,-0.012499132573468864,false,-0.009687211960383382,false
494,-0.0038891325340524316,5,-0.017630856309622328,false,-0.012391391366202641,false,-0.009598251992329417,false
495,-0.0007399652133366808,5,-0.017631044903038448,false,-0.012393411700817876,false,-0.009601248821399955,false
496,-0.01623121550093236,5,-0.017824987827050356,false,-0.012531651784802377,true,-0.009709793927481699,true
497,-0.004939601768071529,5,-0.019646181108206474,false,-0.013824048805339153,false,-0.010720291618174158,false
498,0.005923223267622023,5,-0.019749172990340663,false,-0.013892269759447016,false,-0.0107699763192132,false
499,0.0011180421730014845,5,-0.01948380179879117,false,-0.0137034921571696,false,-0.01062203047595934,false
500,0.0009753862302500243,5,-0.01917208027887896,false,-0.013480001298656405,false,-0.010445575056560207,false
501,-0.0018528507436002062,5,-0.019166858028180352,false,-0.013476429656039327,false,-0.010442883347003688,false
502,0.0008399295768798975,5,-0.019070669596222136,false,-0.013411213853824318,false,-0.01039417893909752,false
503,0.013344735628565977,5,-0.01885211129141418,false,-0.013257571430371304,false,-0.01027514293178818,false
504,0.002448356267547587,5,-0.01971207042524102,false,-0.01386474319925221,false,-0.010747554691799305,false
505,0.006410350768173244,5,-0.019264803454479833,false,-0.01354792209607585,false,-0.010500273797946767,false
506,0.006000935528651262,5,-0.019289316106773827,false,-0.01356427814866549,false,-0.010512281597415685,false
507,0.0009527045069743421,5,-0.019058124910962905,false,-0.013397775267120368,false,-0.010380263816841073,false
508,-0.0013776945861544172,5,-0.018647152053505214,false,-0.013106383835442563,false,-0.010152620800762303,false
509,0.006079722966296371,5,-0.018249853693973642,false,-0.012827501984121342,false,-0.009936866351794311,false
510,0.005533366318033452,5,-0.0180401044452114,false,-0.012673849986144126,false,-0.009813119590635312,false
511,0.0003407458072247939,5,-0.017896002501660704,false,-0.0125724592374635,false,-0.009734498021896734,false
512,0.0036325464613398686,5,-0.017577703900494592,false,-0.012344083934255005,false,-0.009554060496088467,false
513,0.00229278062766936,5,-0.017328978777583576,false,-0.012166122367857798,false,-0.009413822719824117,false
514,0.0017116161748366129,5,-0.01711656278364166,false,-0.012014734004100483,false,-0.009294967959899168,false
515,0.004479355169833674,5,-0.01694079183885849,false,-0.011892740914275935,false,-0.009201643645560182,false
516,-0.0023177897852714787,5,-0.016892931881544816,false,-0.011856175684442131,false,-0.009171099593152291,false
517,0.0009437284705660228,5,-0.016769584145831257,false,-0.011772387381304416,false,-0.009108400277139958,false
518,0.005740884901076348,5,-0.016649826234953608,false,-0.011685734344217647,false,-0.009039395325773953,false
519,0.00400335909970101,5,-0.016756497783684474,false,-0.011761760387727908,false,-0.009099084363847924,false
520,0.0031804096371013555,5,-0.01680642936636851,false,-0.011793453349730384,false,-0.009121054384652981,false
521,-0.002157163714480085,5,-0.016726791162684645,false,-0.011734470701385615,false,-0.00907308313642824,false
522,0.0024464013181573615,5,-0.016600057576317828,false,-0.01164504024689811,false,-0.00900353884351373,false
523,-0.0036439916890237357,5,-0.016503542266258435,false,-0.011578028636214776,false,-0.008952255545795956,false
524,0.00041661238852218823,5,-0.016550822891472028,false,-0.011611785999678608,false,-0.008978803708460789,false
525,0.000719454709488966,5,-0.016428381786034275,false,-0.01152181897661204,false,-0.008906148498543242,false
526,-0.006750740609053267,5,-0.016316175452640403,false,-0.011443262448120724,false,-0.008845530556531932,false
527,-0.002717404602330367,5,-0.016556313287830103,false,-0.011614080866404317,false,-0.008979395050163819,false
528,0.00951905301464484,5,-0.016496912181171233,false,-0.011571524571203591,false,-0.00894581866162099,false
529,0.0010265241943639425,5,-0.01708807912932185,false,-0.011984254095506668,false,-0.00926342385553857,false
530,-0.0014164114725801812,5,-0.01683236372938389,false,-0.011800633144186147,false,-0.009118236188006683,false
531,-0.007630714260018049,5,-0.01668886454930071,false,-0.011697171271971308,false,-0.009036118056467387,false
532,-0.0030866125026086937,5,-0.01696629986797591,false,-0.011888837208613999,false,-0.00918206065291889,false
533,0.0026449256460012176,5,-0.016854279655457077,false,-0.011800489561103506,false,-0.009106332762219333,false
534,0.0032077258326754635,5,-0.016727544193163725,false,-0.011711469737130466,false,-0.009037419005476598,false
535,-0.00036135838139474206,5,-0.016630172235256667,false,-0.01164458190938901,false,-0.008986782154726744,false
536,0.0023717033281286334,5,-0.01665649417816484,false,-0.011669367610676037,false,-0.009010748891290055,false
537,-0.005367680784642417,5,-0.016513307339370578,false,-0.011570917176331016,false,-0.008936147268619903,false
538,0.0026705322542202006,5,-0.016549274835414865,false,-0.011592984009897807,false,-0.00895080371045622,false
539,-0.0042834369208174594,5,-0.017110721938639356,false,-0.011980869883882821,false,-0.009246164735358036,false
540,-0.0007113298789632012,5,-0.017179034336394887,false,-0.012029063158107058,false,-0.009283632579274042,false
541,0.00231586383405116,5,-0.017410044298033268,false,-0.012192866206970009,false,-0.009411607871620504,false
542,0.006007981964013851,5,-0.01713275248847782,false,-0.011991545056164113,false,-0.009250786397881626,false
543,0.0028795180001016806,5,-0.01708247663491199,false,-0.011955176532537401,false,-0.009221831820384505,false
544,-0.0013671202625232704,5,-0.016849128016035463,false,-0.011796628901124352,false,-0.009103160318603974,false
545,0.003158646945226254,5,-0.01662630618876392,false,-0.01163539687800875,false,-0.008974761592184658,false
546,0.004897278932834801,5,-0.016552773862139367,false,-0.011582079810554044,false,-0.008932221204591372,false
547,0.011191476742559561,5,-0.016612764290181815,false,-0.011624156936345323,false,-0.008964748815236704,false
548,0.005286620932907444,5,-0.01702052906592599,false,-0.011905991421477408,false,-0.009179450328420253,false
549,0.003593260622089163,5,-0.017346242684650688,false,-0.012139021150436224,false,-0.009363070618700807,false
550,-0.00016124308859689234,5,-0.017166305792606903,false,-0.012012055198900456,false,-0.00926434327954279,false
551,0.001179256060919245,5,-0.01705018588066528,false,-0.01192847957441327,false,-0.009198116894274733,false
552,0.0008882169882235417,5,-0.016759937520031163,false,-0.011718059280199205,false,-0.009030252646883358,false
553,0.0005361466242928205,5,-0.01658301584836668,false,-0.01158880699303402,false,-0.008926412732204896,false
554,-0.0007696110731604146,5,-0.01638249681199129,false,-0.011443415547750704,false,-0.008810409601745488,false
555,0.003103218141543319,5,-0.016185526742475607,false,-0.011302531434112879,false,-0.008699424703652658,false
556,0.005359748111762349,5,-0.01609506729399218,false,-0.011243165175473182,false,-0.008656634109465287,false
557,-0.0013231429169489979,5,-0.016150982970476485,false,-0.011278074383376524,false,-0.008680344846697836,false
558,-0.0017141528621682353,5,-0.016011720459438075,false,-0.011172712018822807,false,-0.00859305452479523,false
559,0.005259602994468017,5,-0.015991393976292595,false,-0.011166115822881918,false,-0.008593777894157262,false
560,-0.0032133321859375806,5,-0.016272169351372694,false,-0.011370104332247711,false,-0.008756831609543317,false
561,-0.008855969213085948,5,-0.016276027756633175,false,-0.011375062130391623,false,-0.008762375489965326,true
562,0.004613828171836137,5,-0.01660544831611108,false,-0.01161447947834961,false,-0.008953812458898727,false
563,-0.0050998445150725975,5,-0.016584956436321928,false,-0.011601581870993274,false,-0.008944963330075429,false
564,0.0067691154925314315,5,-0.016597819146582402,false,-0.011615076302863604,false,-0.008958794530398429,false
565,0.0053451693049666495,5,-0.016586382966958087,false,-0.011603987065625586,false,-0.008947890246862761,false
566,-0.0006960402998624223,5,-0.016675003903796063,false,-0.0116705149837655,false,-0.009002640458484992,false
567,0.0032650300299910708,5,-0.016497322106171344,false,-0.011544761618805,false,-0.008904569948828281,false
568,-0.003331097225140255,5,-0.016350873218555852,false,-0.011435797174690555,false,-0.008815588322841475,false
569,0.001850288114796535,5,-0.016354348154561094,false,-0.011439267177163691,false,-0.008819055695266904,false
570,0.004145853505865017,5,-0.016208925064210414,false,-0.011339433324530307,false,-0.008743525296567868,false
571,-0.004481575285712933,5,-0.016147710828532825,false,-0.011296732744553277,false,-0.00871069427793918,false
572,0.004576828168787607,5,-0.016190946382427726,false,-0.011329116957114575,false,-0.008737293680588487,false
573,-0.004467249018606907,5,-0.01625937892666394,false,-0.011376230514732237,false,-0.00877304216532592,false
574,0.0002644204198330944,5,-0.016500277088775297,false,-0.011546826972960052,false,-0.008906161045349092,false
575,-0.017120635771455332,5,-0.016434769383514642,true,-0.011500829130934254,true,-0.00887056383922193,true
576,-0.009520471124677111,5,-0.01857179451990238,false,-0.01302602802317548,false,-0.010069600424634315,false
577,0.0029354107845101568,5,-0.018947600171748204,false,-0.013293719289020076,false,-0.010279656311354671,false
578,-0.01064714017756689,5,-0.01853219666689677,false,-0.012997319042961725,false,-0.010046696262214067,true
579,-0.002781112434932895,5,-0.018746689872491378,false,-0.013151290996552614,false,-0.010168404560307084,false
580,-0.005027808092143182,5,-0.01856532101808278,false,-0.01302000282274718,false,-0.01006381421201888,false
581,0.008730495305613041,5,-0.01857285965567634,false,-0.0130289673072815,false,-0.010073538810281293,false
582,0.005751389006100989,5,-0.018760960118361984,false,-0.013155082849868731,false,-0.010166610421325342,false
583,0.013016892355666117,5,-0.018595397735400306,false,-0.013038256798519122,false,-0.01007576552802027,false
584,-0.007671066404408469,5,-0.018999392434058765,false,-0.013316129242451208,false,-0.010286402664644818,false
585,-0.005603379617040129,5,-0.01902977964460129,false,-0.013343380039509349,false,-0.01031198145128003,false
586,0.008178930689144033,5,-0.01879286115943713,false,-0.013174890897892713,false,-0.010179971739501152,false
587,0.004743565766293316,5,-0.01892479176009197,false,-0.013267240152654387,false,-0.010251220325229066,false
588,-0.002632819458304776,5,-0.018659539870300508,false,-0.013076909463501058,false,-0.010100829850906844,false
589,-0.0017590232268176343,5,-0.018391430752146855,false,-0.012890158993384786,false,-0.009957451375009885,false
590,-0.010345706128155517,5,-0.018057843303519276,false,-0.012653374987319273,false,-0.009772272925974802,true
591,0.0012364416334144169,5,-0.018365817597920733,false,-0.012868270627282323,false,-0.009937548679673402,false
592,-0.008832736145485463,5,-0.018098127362397645,false,-0.012675908983517734,false,-0.009785344429438727,false
593,-0.0024436072219695183,5,-0.018420827106238324,false,-0.01291302306778244,false,-0.009976833115274003,false
594,-0.017803426227620135,5,-0.01812293012515092,false,-0.012702286278039834,true,-0.009812561101020585,true
595,-0.016891181212818518,5,-0.02071871047563057,false,-0.014537689984498309,true,-0.011242610832154446,true
596,-0.02796961289905407,5,-0.021927618166880603,true,-0.015391918587231513,true,-0.011907761325209671,true
597,-0.01745679439769693,5,-0.024410239117058988,false,-0.017179729374501417,true,-0.013325171385622095,true
598,-0.02920108786524935,5,-0.025256732240576313,true,-0.01778551327962654,true,-0.013802634097112762,true
599,0.013673207086222421,5,-0.028145063618602233,false,-0.019830981615355184,false,-0.0153987752638182,false
600,-0.0007876749318105115,5,-0.027808622507103243,false,-0.019590450440139563,false,-0.015209373320742053,false
601,0.006256494691984919,5,-0.027090836739369552,false,-0.01907715566294658,false,-0.01480509193393332,false
602,0.0008665915021086844,5,-0.026428781493831998,false,-0.0186097908152832,false,-0.014441515816968554,false
603,-0.022598692219878695,5,-0.02657165764247529,false,-0.018715194005403866,true,-0.014526942311561075,true
604,-0.048237599762308674,5,-0.028084824441060037,true,-0.019792011470011923,true,-0.01537114356083891,true
605,0.004333101573120122,5,-0.03507218111474901,false,-0.024748866674185008,false,-0.019245545945027937,false
606,-0.02424868714549672,5,-0.034263260301897594,false,-0.024179151833057633,true,-0.018803350922298647,true
607,-0.04921807552295463,5,-0.035378584110116434,true,-0.024975284418849705,true,-0.019429323848510476,true
608,-0.05682001354623835,5,-0.04315528202815155,true,-0.030485914910712744,true,-0.02373192218055498,true
609,-0.023035840275845303,5,-0.04944211446310012,false,-0.034939117292018415,false,-0.0272076231652,false
610,-0.014254114896473432,5,-0.04896720833044111,false,-0.03461219451906396,false,-0.02695958977372484,false
611,-0.02421154923060609,5,-0.0471955818558933,false,-0.033359230752586705,false,-0.025983123177725085,false
612,-0.019818725833907175,5,-0.04786451599323219,false,-0.03383460094110388,false,-0.026355305141365342,false
613,0.006897499063402628,5,-0.04743796179058142,false,-0.033539140980383575,false,-0.02612973103593335,false
614,0.003010870854582804,5,-0.04661746667319482,false,-0.03295703295498872,false,-0.025674706287181374,false
615,0.0428752092308599,5,-0.0442177782255405,false,-0.0312560000387599,false,-0.024346124049537527,false
616,0.04242869277715273,5,-0.04942478337315194,false,-0.0349252862448989,false,-0.02719565797796132,false
617,0.0023310327045740313,5,-0.05327542069711119,false,-0.03763759479580611,false,-0.02930112767208457,false
618,0.03305720303370848,5,-0.051503746832439544,false,-0.036384686462318176,false,-0.028324771323695284,false
619,-0.008361284420415336,5,-0.05419385326885014,false,-0.038277752988621044,false,-0.029792938823186982,false
620,-0.009489322517534747,5,-0.05062500906704923,false,-0.035756083359834906,false,-0.027829514084440586,false
621,-0.04206360633254384,5,-0.04831342828944726,false,-0.034126627328494495,true,-0.026563696231282727,true
622,-0.012956964665724432,5,-0.0508619897429842,false,-0.03593675164122482,false,-0.02798016243666991,false
623,-0.011661153502270597,5,-0.048371191846346556,false,-0.03417697447529978,false,-0.02661008971730965,false
624,0.037849253940761454,5,-0.04602524492657172,false,-0.032515858896864556,false,-0.02531405519287794,false
625,0.026420719869639606,5,-0.049981548872458016,false,-0.03530596859994724,false,-0.02748247106036201,false
626,0.011251283012716782,5,-0.049810705909443295,false,-0.035174482858149045,false,-0.02737196650756179,false
627,0.007586199460852726,5,-0.0471350553992858,false,-0.03327736774842569,false,-0.0258898857390144,false
628,-0.004105669438153289,5,-0.04520788460768042,false,-0.031908553800536275,false,-0.024818729758435805,false
629,0.0194129338109226,5,-0.04237434319356929,false,-0.029904255557517294,false,-0.023256497981497853,false
630,-0.022047621741548364,5,-0.041155241648482284,false,-0.029030724558603723,false,-0.022567189362043105,false
631,-0.008924162511698865,5,-0.04318470081716421,false,-0.030467285241369393,false,-0.02368767805585457,false
632,0.022340430102285168,5,-0.040944118249542444,false,-0.02887948293065929,false,-0.02244787048463728,false
633,-0.005751793975204107,5,-0.040748636372643456,false,-0.028724732673187228,false,-0.022314834102763494,false
634,-0.02430647287625352,5,-0.03832344656708196,false,-0.027006997134743374,false,-0.02097423981634436,true
635,0.005867321312182171,5,-0.03980732157916883,false,-0.028056832539653836,false,-0.021792690312735202,false
636,0.008237534928749093,5,-0.03851632484316416,false,-0.027146499416318033,false,-0.02108528755275293,false
637,-0.015367092787782671,5,-0.03659988652522016,false,-0.02580030359304678,false,-0.020043085893337382,false
638,0.02435656889164734,5,-0.035248050900306936,false,-0.024864848251259054,false,-0.0193296013397621,false
639,0.005626236223505485,5,-0.03664706294569495,false,-0.025845276638807004,false,-0.02008688432819037,false
640,0.01310381010620615,5,-0.03451282626555241,false,-0.024339870852452875,false,-0.018916705964467283,false
641,0.0048263749830452386,5,-0.03396775608486531,false,-0.023951127031801876,false,-0.01861129914790093,false
642,-0.025475903683547015,5,-0.03233878719491436,false,-0.022800550890520223,true,-0.017715752410749904,true
643,-0.01291990610616307,5,-0.03348416764066855,false,-0.02361934358056031,false,-0.018360442376683477,false
644,0.005580172657838205,5,-0.0338024084565643,false,-0.02384358004634368,false,-0.01853456547126393,false
645,0.002541633356817473,5,-0.03226894128982433,false,-0.022753996426575815,false,-0.017681614527895483,false
646,-0.001242000101877604,5,-0.03091782416039012,false,-0.021798250820586805,false,-0.01693664001807154,false
647,0.021731174472497027,5,-0.029724088182780793,false,-0.020952522686109924,false,-0.01627643357704367,false
648,-0.002966281845559145,5,-0.03156571655707607,false,-0.02225008460086316,false,-0.017283955675410842,false
649,-0.00013363611416702235,5,-0.030223322970193953,false,-0.021294814303984427,false,-0.016535059371970078,false
650,-0.008238190064326415,5,-0.028767769999914036,false,-0.020262167031352345,false,-0.015727861561886464,false
651,-0.018603865945215705,5,-0.029324998345393708,false,-0.020657297578736827,false,-0.01603657837291291,true
652,0.0022751092829527276,5,-0.030343416066538,false,-0.02137311264216353,false,-0.01659107707922357,false
653,0.0192117440779266,5,-0.028795985438885015,false,-0.02028635680802944,false,-0.015749905272890746,false
654,0.01985663309391845,5,-0.03014017519904847,false,-0.02123414939459461,false,-0.01648637999298943,false
655,0.008843840618075919,5,-0.030910656416730277,false,-0.021775925969889982,false,-0.01690623496969878,false
656,-0.0028943107992207813,5,-0.02992019972608025,false,-0.021070880318872102,false,-0.016353340887809313,false
657,-0.00967385192333297,5,-0.02887586624078498,false,-0.020336040932628866,false,-0.01578349166055728,false
658,0.04216893844165921,5,-0.02813796834295012,false,-0.019815017904350835,false,-0.015378083822743225,false
659,0.007097368485721862,5,-0.034511303538252325,false,-0.02431947804172149,false,-0.01888625358208318,false
660,0.012810309510392666,5,-0.03330948783044495,false,-0.023469951490850273,false,-0.018224531077207694,false
661,-0.0033893097315879092,5,-0.032942731172975526,false,-0.023204887030944445,false,-0.01801367835153387,false
662,0.016467483659118366,5,-0.031639933987257486,false,-0.022283557635760697,false,-0.017295708023948024,false
663,0.00935633569469972,5,-0.031827081096750025,false,-0.02240999374060175,false,-0.017389779316856816,false
664,0.023443928617086572,5,-0.031218518574916504,false,-0.02198654570275216,false,-0.01706501512544447,false
665,0.0017911431830528795,5,-0.0331143133923704,false,-0.023327084187730426,false,-0.01810954851418139,false
666,0.010791321311079993,5,-0.03180578318852677,false,-0.02240145404160444,false,-0.017388040971988965,false
667,0.013063234383819454,5,-0.031597162334460666,false,-0.022249611203825806,false,-0.017266466284598884,false
668,0.002915655282872343,5,-0.03128958092085109,false,-0.022027931955551115,false,-0.01709058116280254,false
669,0.0010857301937444754,5,-0.030053587506129374,false,-0.021149263839304117,false,-0.016402401840970363,false
670,-0.023030716479494163,5,-0.02880627900203822,false,-0.020268685587300887,true,-0.015717326129352234,true
671,-0.021392207078252817,5,-0.0310600462914827,false,-0.021877047962103654,false,-0.016981625532335502,true
672,-0.029581409028052515,5,-0.031562226657396754,false,-0.022238387444640805,true,-0.017267883261094498,true
673,0.0390835339018561,5,-0.03345338626403499,false,-0.02357938751514319,false,-0.018315595318624714,false
674,0.0006716428250539727,5,-0.03830525570415401,false,-0.026990945356818268,false,-0.02095932837671907,false
675,-0.0024156632339972775,5,-0.03625993459427267,false,-0.025549149106243386,false,-0.019839268995432195,false
676,-0.0004649628046266443,5,-0.03446375306256293,false,-0.02427818032134192,false,-0.018848289182422366,false
677,-0.000999321010524876,5,-0.0325764993528059,false,-0.02294237567255419,false,-0.01780645998752391,false
678,0.017648570423851144,5,-0.03081772199434903,false,-0.02170019119209838,false,-0.016839669258794487,false
679,-0.018943585946949105,5,-0.03209806132166549,false,-0.022597761310309914,false,-0.01753318652798372,true
680,-0.013969893466055133,5,-0.03372442164331327,false,-0.02374950585323595,false,-0.01843191515548234,false
681,0.0017099609212358133,5,-0.03318479999515444,false,-0.023371777141092006,false,-0.01814049096847946,false
682,-0.007645487827877226,5,-0.03183614091243928,false,-0.022420545030363226,false,-0.017401125705927334,false
683,0.004223669131002501,5,-0.031221099396076056,false,-0.021989259739852406,false,-0.017067800179469766,false
684,0.0003015955994893275,5,-0.029714141990385686,false,-0.020921248606157346,false,-0.016233789679153263,false
685,0.013847324409924446,5,-0.02833686795183194,false,-0.019941576991203466,false,-0.015466078444981959,false
686,0.01997272428459717,5,-0.028932812562437345,false,-0.020358948331878,false,-0.015788253036226642,false
687,-0.006880772529389799,5,-0.029622964216043997,false,-0.020836506405768344,false,-0.016152478259425042,false
688,-0.0076901279406480436,5,-0.028519123412695992,false,-0.020058598843150095,false,-0.015548324501397037,false
689,-0.0009003793775379724,5,-0.027623196379240628,false,-0.019427128977338674,false,-0.01505783577309222,false
690,-0.0016071471023194994,5,-0.026642494357830674,false,-0.018735885858937963,false,-0.01452090212480805,false
691,0.015642323905801215,5,-0.025835403440348632,false,-0.01816550464858159,false,-0.014076709983429235,false
692,-0.006011265675248582,5,-0.02653394281971277,false,-0.01865502155941009,false,-0.014454797789722104,false
693,0.021787931579282372,5,-0.025561475241988353,false,-0.017973146744659857,false,-0.013927836901640133,false
694,-0.008264212882036647,5,-0.02741039437397685,false,-0.01928322096666224,false,-0.014950654896003541,false
695,0.0018733192833222465,5,-0.026488759486276773,false,-0.018634011429492392,false,-0.014446674305152502,false
696,0.004454435845755217,5,-0.025328784522838915,false,-0.017811449588357092,false,-0.013803986150995186,false
697,0.01571329477934422,5,-0.02457202891041002,false,-0.017280954532739184,false,-0.013394109760986815,false
698,-0.0009655332327589937,5,-0.025004794778616602,false,-0.017584551757723235,false,-0.0136288476602285,false
699,-0.0022844274699693337,5,-0.024126523815453084,false,-0.016965677562571405,false,-0.013148256922264194,false
700,-0.006447068046328656,5,-0.0233123499983714,false,-0.016389602540113863,false,-0.012699111486189647,false
701,0.010985923074055786,5,-0.024015073528368364,false,-0.016887382765574693,false,-0.013087637194348956,false
702,0.00012669167558673386,5,-0.023889557937888207,false,-0.016797589131673975,false,-0.013016886803319652,false
703,-0.0008358871123918163,5,-0.023157722957970937,false,-0.01627831502559615,false,-0.012610928112551842,false
704,-0.011146003950337238,5,-0.02252417799001502,false,-0.015829645112369076,false,-0.012260814406912074,false
705,-0.018244664684015647,5,-0.023710963371618998,false,-0.016671878759409665,true,-0.012919368799193266,true
706,0.0035088670478602402,5,-0.02470098892970059,false,-0.017373152986351607,false,-0.013466710759964142,false
707,0.012650491836090651,5,-0.024330761184208995,false,-0.017109339149565955,false,-0.013259625784148845,false
708,0.013840605646784765,5,-0.02439063503411917,false,-0.017142765025664895,false,-0.013278952343273807,false
709,0.0019257468054957008,5,-0.024864477719360484,false,-0.017474066807585037,false,-0.013534266097074048,false
710,-0.00517987298495925,5,-0.024362435278720687,false,-0.017117255018632094,false,-0.013254876231141938,false
711,0.006490164816981801,5,-0.023711813033944946,false,-0.01665905015183403,false,-0.012899248356546466,false
712,0.014659797472721779,5,-0.023095426039903246,false,-0.016224630318340382,false,-0.012561834543012355,false
713,0.005191563424061262,5,-0.02406275832110124,false,-0.016903213576040937,false,-0.013086486764737365,false
714,0.0025630642137441572,5,-0.023487892066194803,false,-0.016494348263397053,false,-0.012766115940164429,false
715,-0.0039936758266339726,5,-0.022629157176169264,false,-0.015881584405760023,false,-0.012284478329733126,false
716,-0.004911297700737385,5,-0.022283071028350636,false,-0.015638320743558608,false,-0.01209602895414272,false
717,0.001498118201889383,5,-0.021821204705939325,false,-0.015316449140603025,false,-0.011848788018109957,false
718,0.00321570701300221,5,-0.021459618131528982,false,-0.01505808136425578,false,-0.011645445801072156,false
719,-0.02098373971386025,5,-0.020883793343646984,true,-0.014646104776398737,true,-0.011320816082364937,true
720,-0.0003842702595673866,5,-0.023437658996283774,false,-0.016459820536753537,false,-0.012739960673902727,false
721,0.010269175473972903,5,-0.022712229368471497,false,-0.015945424831903775,false,-0.012338066372500624,false
722,0.004842744812535917,5,-0.023094977093907648,false,-0.016212623941715316,false,-0.012543666942884396,false
723,0.002188231671083561,5,-0.022316962544472168,false,-0.015663429866205496,false,-0.012116456215325554,false
724,-0.005583686921787009,5,-0.02158694660509226,false,-0.01514794235357003,false,-0.011715333013173264,false
725,0.010517515564914476,5,-0.021200878276325122,false,-0.014875746552143462,false,-0.011503842234712229,false
726,-0.004053772042249529,5,-0.021198962835409205,false,-0.014878795429942067,false,-0.0115095375724482,false
727,-0.0027529758147687607,5,-0.020798355579813316,false,-0.014597355465821268,false,-0.011291625250460962,false
728,0.005763595679287097,5,-0.02100297177311167,false,-0.014742753164677437,false,-0.011405453789054748,false
729,0.00022214392027469884,5,-0.02061705126162821,false,-0.014471464939103788,false,-0.011195275610928576,false
730,-0.017759457747851374,5,-0.02047143895249564,false,-0.014368564290222048,true,-0.011115144390081644,true
731,0.0036051299366859453,5,-0.022385339869927134,false,-0.01572751202079784,false,-0.01217824863022435,false
732,-6.703544496362325e-6,5,-0.02186329310066055,false,-0.015359834850746896,false,-0.011892865322305214,false
733,0.006063433836525515,5,-0.022365280414115833,false,-0.01571237946661744,false,-0.012165742589072489,false
734,7.23037002043304e-5,5,-0.02193850179170254,false,-0.01540292031476569,false,-0.011918826012862734,false
735,0.010842996345318665,5,-0.021272309753239786,false,-0.014925721398287971,false,-0.011542378630388614,false
736,0.0009311022169541008,5,-0.02112801719683206,false,-0.014815686609785618,false,-0.011450606531193437,false
737,0.0048220375731393905,5,-0.02045528705052689,false,-0.014340716578258538,false,-0.011081061685087646,false
738,-0.006779784924420427,5,-0.019964819916714078,false,-0.013989172450037748,false,-0.01080357689709457,false
739,-0.0005170628180755448,5,-0.019977687427943952,false,-0.01400266606877444,false,-0.010817404291426374,false
740,-0.023746677854264625,5,-0.019770043935740673,true,-0.013865288404601323,true,-0.010717485080173214,true
741,-0.008839709320546119,5,-0.023088837704206396,false,-0.016221597260885134,false,-0.012560696791232194,false
742,-0.002901094020240197,5,-0.023022386411528286,false,-0.016175430107064355,false,-0.012525343036779357,false
743,-0.013799432212889495,5,-0.022561018094080135,false,-0.015854333077492476,false,-0.012279024111731911,true
744,0.0024357597479859436,5,-0.023036454739804715,false,-0.016179970348879472,false,-0.012524803890958494,false
745,0.010977527176745827,5,-0.022520248024158352,false,-0.01581242969245283,false,-0.012236516560596506,false
746,0.0030955308754275134,5,-0.023032371348034056,false,-0.016173365459502757,false,-0.012516854800538229,false
747,-0.0094059048724465,5,-0.022493787752012218,false,-0.01579830983198676,false,-0.012228975327934153,false
748,0.0069715683471729024,5,-0.022666656505237356,false,-0.015924795092097994,false,-0.012330733719498074,false
749,-0.009412832415772539,5,-0.02229155329491917,false,-0.0156596372576575,false,-0.012124187358109799,false
750,0.017903247624516137,5,-0.022215138404216572,false,-0.015606188545876237,false,-0.012082981831330305,false
751,0.006855823621845787,5,-0.023197125137056147,false,-0.016291345232407647,false,-0.012609899518527784,false
752,-0.0021199311664342143,5,-0.022690892526464414,false,-0.01593252527883693,false,-0.01232966470694752,false
753,0.008869000206340343,5,-0.02225128081893274,false,-0.01562339946129883,false,-0.012090100434531261,false
754,0.004133749929912089,5,-0.02201713221525766,false,-0.015460721831751238,false,-0.011965523716828736,false
755,0.003909987887402535,5,-0.02155249803370441,false,-0.015133587810171038,false,-0.011711690521741692,false
756,-0.0017803645921714746,5,-0.021028505840894086,false,-0.014764269939745387,false,-0.011424828960241707,false
757,0.0005144072926858746,5,-0.02063710674296024,false,-0.01449032617361188,false,-0.01121350019687387,false
758,-0.011340522628491553,5,-0.020133190344650522,false,-0.014133573833441236,false,-0.010935200471549604,true
759,-0.0046816388945197,5,-0.020619406238263187,false,-0.014481592717324797,false,-0.011209547040913594,false
760,0.00861256793072588,5,-0.020535421179746455,false,-0.014422671800051277,false,-0.011163987724592598,false
761,0.00016595452223306393,5,-0.02036310710457628,false,-0.014298560465196264,false,-0.011065573092236181,false
762,0.006263606222656525,5,-0.020244757403342275,false,-0.014216089343248526,false,-0.011002228708145326,false
763,-0.004822670504027019,5,-0.020328315974752827,false,-0.014271508832951628,false,-0.011042647357512541,false
764,0.0013557482058535845,5,-0.0201719252482614,false,-0.014162367355376073,false,-0.010958694279698797,false
765,-0.006551415976590528,5,-0.019725979110377247,false,-0.013847886359633188,false,-0.010714296864774178,false
766,-0.007252103009568137,5,-0.019790267866942494,false,-0.013895378150990156,false,-0.010752834256132009,false
767,-0.01655117563728642,5,-0.01990743899339432,false,-0.013980918140031499,true,-0.010821511802863743,true
768,-0.010052058441152067,5,-0.02129627084103008,false,-0.014973255011149855,false,-0.011602478669141329,false
769,-0.01750356074238925,5,-0.021769624866183272,false,-0.015310809392680425,true,-0.011867638763152768,true
770,0.013211224815160662,5,-0.02297764785301101,false,-0.016168242849839396,false,-0.012538174239323175,false
771,0.027199330152384155,5,-0.02315711841215408,false,-0.016286949297398504,false,-0.012624487563840825,false
772,0.0030422133414442884,5,-0.02641093822467003,false,-0.018582483949546386,false,-0.014409163942915599,false
773,0.029191023356016442,5,-0.025778838656753164,false,-0.01813582607832207,false,-0.014061364354012713,false
774,0.007175161970531778,5,-0.028986141880380897,false,-0.020398936724273283,false,-0.015821129430577247,false
775,0.01648027205331179,5,-0.028061629185525155,false,-0.019746677235048516,false,-0.015314007117862481,false
776,0.009190540757183221,5,-0.028903377274483253,false,-0.020341619217297078,false,-0.015777377677874783,false
777,0.013618653514765978,5,-0.02828566227156769,false,-0.01990190807954525,false,-0.015432559741978403,false
778,-0.0032724914813100523,5,-0.028219207412401633,false,-0.019851375530656853,false,-0.015390515317782091,false
779,-0.0024303103106359265,5,-0.02731286730059933,false,-0.019210979300795593,false,-0.014891892787317965,false
780,0.02053907640419858,5,-0.02643223617017145,false,-0.01858776139817653,false,-0.014405900923943917,false
781,0.00495054054535204,5,-0.02756066218909788,false,-0.01938022625256173,false,-0.015019266124661056,false
782,0.0021242346977392514,5,-0.026619212210635224,false,-0.018712339558016638,false,-0.014497215004512898,false
783,-0.0037923371617804348,5,-0.025703139858325754,false,-0.018063113324099694,false,-0.013990243448906852,false
784,0.001146804433872265,5,-0.024934559841077987,false,-0.017519817062411028,false,-0.013567045123694782,false
785,0.0009603918747179163,5,-0.024083789562169885,false,-0.016919169020129018,false,-0.013099736320236956,false
786,0.01802209423806326,5,-0.02347399298669525,false,-0.016486896214439935,false,-0.012762100779333692,false
787,0.00507759685282648,5,-0.02463613414909967,false,-0.017303164368952358,false,-0.013393985313164311,false
788,0.009621611345966735,5,-0.02388217750868678,false,-0.016767487299406993,false,-0.012974672275153873,false
789,-0.017110929060923624,5,-0.02366197926275951,false,-0.016607070954506364,true,-0.012846125440481042,true
790,0.013068052784584956,5,-0.024666864039890518,false,-0.017322226075415736,false,-0.013406826753738216,false
791,0.005530768338814767,5,-0.02464180028648612,false,-0.0173031677549774,false,-0.013390969907392329,false
792,0.00939820820325292,5,-0.02391119464252362,false,-0.016785816400883377,false,-0.012987303626127563,false
793,0.004385723752885354,5,-0.023594257118693635,false,-0.01655976392764342,false,-0.01280970163705742,false
794,-0.0006891927667529094,5,-0.022995297144262287,false,-0.01614037938418311,false,-0.012486048091369203,false
795,-0.0033814693908920854,5,-0.022379850950787674,false,-0.01570609779631142,false,-0.012148344684385479,false
796,0.006389131638955679,5,-0.02170138200618406,false,-0.015226307837114518,false,-0.011774469757141913,false
797,0.0010894533504156461,5,-0.021463743231710183,false,-0.015051146253230417,false,-0.011632614532378403,false
798,-0.0024728112738729054,5,-0.020852888368824044,false,-0.014615100327520978,false,-0.011289758604236635,false
799,0.002747074646294634,5,-0.020642439427300777,false,-0.014464600712377243,false,-0.011171217753156805,false
800,0.0016117306613059475,5,-0.020103601468563333,false,-0.014081329256389427,false,-0.010870878224145893,false
801,0.007779046279459012,5,-0.019653885612699994,false,-0.013762949148661703,false,-0.010622512717770814,false
802,0.010751913067750815,5,-0.019602928657992482,false,-0.013724324549784646,false,-0.010590462452153858,false
803,-0.005772253627778871,5,-0.020028708163115163,false,-0.01402530488504539,false,-0.010824912811752517,false
804,-0.012761262917449914,5,-0.01973601470537585,false,-0.013820584956804008,false,-0.010667091246560182,true
805,-0.00998990196770298,5,-0.020965624259396697,false,-0.014699797956069061,false,-0.011359509139048712,false
806,0.008714619296828294,5,-0.021818703845631438,false,-0.015307257252919116,false,-0.011836029168490528,false
807,0.005493034322123868,5,-0.02164140473632842,false,-0.015178327794104543,false,-0.011732885391370317,false
808,0.004772635266511373,5,-0.021103222681477636,false,-0.014794040155300356,false,-0.011430638296308832,false
809,0.015352137934715111,5,-0.020729475402334486,false,-0.01452902329130954,false,-0.011223585214303233,false
810,0.003824637415812596,5,-0.021720895782889608,false,-0.015224014028124535,false,-0.011760550404911719,false
811,-0.005872476486285624,5,-0.021159856706303028,false,-0.014827647446688146,false,-0.011451970121306297,false
812,0.006752276144145591,5,-0.020951155672010488,false,-0.014679697275326834,false,-0.011336406010178691,false
813,5.5703138692203276e-5,5,-0.02077844830570679,false,-0.01455774705261275,false,-0.011241514232896812,false
814,0.00018961107425585354,5,-0.020284909720972907,false,-0.014208750221298796,false,-0.010969572075486713,false
815,0.012571025851046275,5,-0.020061313313222535,false,-0.01405001111689347,false,-0.010845408159504742,false
816,0.015417176395873006,5,-0.02053860687179631,false,-0.014385201106562877,false,-0.011104843262413585,false
817,-0.015116403020304673,5,-0.02125492575575572,false,-0.01488938319526157,true,-0.011495936010523377,true
818,0.0019907408569515557,5,-0.02255536625342354,false,-0.015815114399528554,false,-0.012221911077005997,false
819,0.004287710494559777,5,-0.02184317288552413,false,-0.015308978179884957,false,-0.011825623160629354,false
820,0.00662192336829793,5,-0.02123795780194339,false,-0.014877647517503619,false,-0.011486989639769154,false
821,-0.012891764436846788,5,-0.020907492417181997,false,-0.014640524168478612,false,-0.011299626584603964,true
822,0.001682743599643134,5,-0.02168353540903415,false,-0.015196171687126423,false,-0.01173778209201051,false
823,0.0040350843031726836,5,-0.021043248105176247,false,-0.014742072140913016,false,-0.011382938550451388,false
824,0.006116690956327374,5,-0.02065572373494588,false,-0.014468972485629922,false,-0.011170838287303713,false
825,-0.006312205305179246,5,-0.020458841159806947,false,-0.01432950069572664,false,-0.011061971974573833,false
826,-0.0027596427462305622,5,-0.020315626730287216,false,-0.014229901876773692,false,-0.010985624476224263,false
827,0.0011089101925572699,5,-0.020414528741946474,false,-0.014299822230234028,false,-0.011040094814938874,false
828,-0.009561752683553575,5,-0.020244048218587034,false,-0.014179571554217183,false,-0.010946621484676091,false
829,-0.00976292028223737,5,-0.020929876858130313,false,-0.01466806327303503,false,-0.011329913621256188,false
830,-0.0183263659455283,5,-0.021684644698413275,false,-0.015204149821047485,true,-0.011749421981540267,true
831,0.008337139965396749,5,-0.023135982349210094,false,-0.016233197249822934,false,-0.012553348055546285,false
832,0.009755592714484828,5,-0.022739171146128306,false,-0.015951016829408422,false,-0.012332276881206227,false
833,0.010230687180869717,5,-0.02262050063585147,false,-0.015865221088831948,false,-0.012264006558711309,false
834,-0.004289027808401342,5,-0.02257428431017738,false,-0.01582869356663463,false,-0.012232644101796213,false
835,0.012859145269311133,5,-0.02221778020397858,false,-0.015575554985748122,false,-0.012034609299972765,false
836,0.010617357375148035,5,-0.022638076404277858,false,-0.015867615235809585,false,-0.012258307439470794,false
837,0.0007287266733504722,5,-0.022665860128718334,false,-0.015879668009808137,false,-0.012261974101997612,false
838,0.003040159491251546,5,-0.022073083993129978,false,-0.015462423117232841,false,-0.011938304265558617,false
839,0.0030480294951773833,5,-0.02145523777053599,false,-0.015025785588702165,false,-0.011598268421310998,false
840,8.35183363887606e-5,5,-0.02084426217209875,false,-0.014586654303032805,false,-0.011250746702906895,false
841,0.012466074716952198,5,-0.020392797956881713,false,-0.014269438020694575,false,-0.011005097496832017,false
842,-0.009821994294053733,5,-0.020944813937607217,false,-0.014654284118101421,false,-0.011300825948016312,false
843,-0.005726227576322714,5,-0.021326862639187066,false,-0.014926223252740702,false,-0.011514066079955311,false
844,0.004371794737713661,5,-0.020986878040580914,false,-0.014688402760636947,false,-0.01133070889499264,false
845,-0.006653315528612257,5,-0.020723076587615612,false,-0.014500721838282453,false,-0.011183607545839835,false
846,0.0029791177410091697,5,-0.020735520040541605,false,-0.014512132591399303,false,-0.011194467770509706,false
847,-0.012104665330273861,5,-0.020395460504924634,false,-0.01426749774834663,false,-0.011000703477965406,true
848,0.010065870154761791,5,-0.02111111654753538,false,-0.014776241628222888,false,-0.011399143249519914,false
849,-0.03293307521969733,5,-0.021365776305915754,true,-0.014957664645087354,true,-0.01154152403047837,true
850,0.01310395248008613,5,-0.02732975221365902,false,-0.01917999836630297,false,-0.01483539474661203,false
851,-0.0024457913166150242,5,-0.027376098240734274,false,-0.019211812787128624,false,-0.014859462421916967,false
852,0.0012285058548026021,5,-0.026496902279498625,false,-0.018590527318683766,false,-0.014375668082839,false
853,-0.0050483808879878906,5,-0.02566001905014841,false,-0.017998845829665263,false,-0.013914702734277336,false
854,-0.012195011822271158,5,-0.025549649199619977,false,-0.01792150293899699,false,-0.013854966393701665,false
855,0.00033347054215655944,5,-0.026453245649619615,false,-0.018562864768371296,false,-0.01435653191716095,false
856,0.006303558125567743,5,-0.02661580299413997,false,-0.018678970845421465,false,-0.014447874995405249,false
857,0.005164565908969951,5,-0.02595844122195167,false,-0.018211977230736365,false,-0.01408236594107047,false
858,0.013753975658443739,5,-0.025229933457348447,false,-0.017698940770896298,false,-0.013684196436496454,false
859,0.002853036354833044,5,-0.02530203828872212,false,-0.017752298808595995,false,-0.013727560627856853,false
860,-0.00014117175147121408,5,-0.024575929666110698,false,-0.017238920805512148,false,-0.013327588530881259,false
861,0.006263683824993352,5,-0.02373240889304077,false,-0.016642121842090178,false,-0.012862316051243949,false
862,-0.0020586909979160863,5,-0.023103593551747532,false,-0.016196325589256155,false,-0.012514086597246475,false
863,0.009171347246070896,5,-0.02243622836167047,false,-0.01572685949662751,false,-0.012150119781186398,false
864,-0.005119158785793184,5,-0.022205115824740135,false,-0.015559964103460378,false,-0.012017458309738308,false
865,-0.0034203802231593406,5,-0.02205879248902314,false,-0.015452589658669491,false,-0.011930847374578503,false
866,-0.007517375878215659,5,-0.021641988925444777,false,-0.015158223543211998,false,-0.011701752209661952,false
867,-0.010168648934623353,5,-0.021463204611253943,false,-0.015034677191254207,false,-0.01160765301097492,false
868,-0.0005366590280486863,5,-0.02161510590835419,false,-0.015142302504456837,false,-0.011691674960995069,false
869,0.010009254706112582,5,-0.021077486706756642,false,-0.014762726656775277,false,-0.01139635144048217,false
870,-0.0011204855738298635,5,-0.021216952312994114,false,-0.01485856909113301,false,-0.011468938523328568,false
871,0.0013517014445834678,5,-0.02055683950783324,false,-0.014392447748009922,false,-0.011106233310795969,false
872,0.0010770321749186905,5,-0.020331463306414273,false,-0.01423267391279188,false,-0.010981431854252812,false
873,0.003435374723338502,5,-0.02003193943988044,false,-0.014020118065247085,false,-0.010815238335825443,false
874,0.012770989482527292,5,-0.019678354969406793,false,-0.013771325595216079,false,-0.010622310093471135,false
875,0.002144022115805674,5,-0.02015602880763086,false,-0.014105471384240387,false,-0.010879941610560377,false
876,0.004942370526835669,5,-0.019815491247022518,false,-0.013864378760915069,false,-0.010691862715326973,false
877,0.0036477300724662674,5,-0.019372781237608733,false,-0.013553062845404184,false,-0.010450592505081374,false
878,-0.003101869801787172,5,-0.01908386960236389,false,-0.01335118584766884,false,-0.010295113350550207,false
879,-0.0018860591486828393,5,-0.018705927485277617,false,-0.013084159167769506,false,-0.010087215279797555,false
880,0.0030270600671074414,5,-0.018305764153221316,false,-0.01280178278464093,false,-0.009867630683298188,false
881,0.009310687003994858,5,-0.01796339237803493,false,-0.01256021010986949,false,-0.009679793635973512,false
882,0.0063743805299402495,5,-0.01849581808264415,false,-0.012933783716858827,false,-0.009968683777518217,false
883,0.003655809564516817,5,-0.018360044134960157,false,-0.012839875825179032,false,-0.009897094525378318,false
884,0.003700951101910808,5,-0.018183089991905026,false,-0.012713876032454269,false,-0.009798258308269539,false
885,-0.009500141831593843,5,-0.01783198778812956,false,-0.012464023067256108,false,-0.009602380937506861,false
886,-0.009754149077085147,5,-0.018755482837123773,false,-0.013117876113671432,false,-0.010112488830097079,false
887,0.009655944238269529,5,-0.01932531456212207,false,-0.013522646053032057,false,-0.010429264942308343,false
888,0.0019750020635272217,5,-0.019469010788501426,false,-0.013620840633133943,false,-0.010503202763148336,false
889,0.00726036414316274,5,-0.018976985718744087,false,-0.013273592073577046,false,-0.010233134025466323,false
890,-0.004477668973216904,5,-0.018913145939653608,false,-0.0132279461207286,false,-0.010197187134065332,false
891,0.002670085128796875,5,-0.01869088445939371,false,-0.01307253965145117,false,-0.010077420823760695,false
892,0.00017857991700295892,5,-0.01848183003872848,false,-0.012924584818691538,false,-0.00996203795522823,false
893,-0.01302115576294153,5,-0.018034867635756735,false,-0.012609784211859739,true,-0.009717692312883578,true
894,0.005497926604091543,5,-0.019266776044258395,false,-0.013483201763335508,false,-0.010399999714993785,false
895,-0.010793859850277365,5,-0.019297866308896062,false,-0.01350303149556471,false,-0.010413826499063104,true
896,0.013404295441759988,5,-0.020044973470990792,false,-0.014034719970355259,false,-0.01083067606876029,false
897,0.010254511663903596,5,-0.020878502409564553,false,-0.014622173345920234,false,-0.011286947472232658,false
898,0.010584069994327703,5,-0.020845861706488982,false,-0.014597021022221185,false,-0.011265787175870167,false
899,0.00022297439151583014,5,-0.021007335968691834,false,-0.014708513310903499,false,-0.011350634259415755,false
900,-0.010240996986806961,5,-0.020473364224397165,false,-0.01433035333345077,false,-0.01105553695832,false
901,-0.026740211316664528,5,-0.02087416509444478,true,-0.014616784416961027,true,-0.01128099793182691,true
902,0.0070555590661736615,5,-0.02518416808556837,false,-0.017667622053494873,false,-0.013660579177087689,false
903,0.015625109455471378,5,-0.02443096190622373,false,-0.017135331541284313,false,-0.01324605798957748,false
904,-0.005259341103087839,5,-0.02522675752189195,false,-0.017695560674488853,false,-0.013680707502641515,false
905,0.0021496730402417105,5,-0.024471376738129016,false,-0.01716227218257945,false,-0.01326581558971656,false
906,-0.011238194559054632,5,-0.02360474931365163,false,-0.0165517926793973,false,-0.012791887595559017,false
907,0.014956563091434009,5,-0.024103751720273132,false,-0.016909356820088497,false,-0.013074051520043324,false
908,-0.0033738474339156267,5,-0.024871021235967197,false,-0.01744711279132898,false,-0.013489454669998945,false
909,0.00782543712030937,5,-0.02403276198579254,false,-0.01685614991175594,false,-0.013030324570528924,false
910,-0.001330043956433265,5,-0.023462289355588018,false,-0.016451364294746775,false,-0.012713866087166608,false
911,0.00283344285395638,5,-0.022610648037014496,false,-0.015850045683500808,false,-0.012245993584933976,false
912,0.002911183780151049,5,-0.02188146768156157,false,-0.015331362653336095,false,-0.011839525899982314,false
913,0.0053543199006278915,5,-0.0212036440283311,false,-0.01485061292985954,false,-0.011463835559229734,false
914,0.006587943385885896,5,-0.020669810184687422,false,-0.014472636073112725,false,-0.011168945485483844,false
915,0.004672896283863193,5,-0.020456014109312325,false,-0.014321888771345898,false,-0.011051809251629754,false
916,-0.0026509571624593895,5,-0.020113425567584896,false,-0.01407802268790234,false,-0.010860571745397033,false
917,0.010260469999545682,5,-0.019802571439549863,false,-0.013857744777691632,false,-0.01068857968175151,false
918,0.0014686235390530102,5,-0.020158786423298852,false,-0.014106526180498508,false,-0.010880088640091996,false
919,-0.0022995084121516236,5,-0.01962684946700379,false,-0.013730523858445094,false,-0.010587214494551696,false
920,-0.0067950722715131515,5,-0.019162236505957088,false,-0.013401108229183977,false,-0.0103298720625981,false
921,0.00396914296553862,5,-0.01918956731253813,false,-0.013421743693470375,false,-0.010346938264681834,false
922,0.0018985424561479376,5,-0.018844007857504626,false,-0.013178663667211245,false,-0.010158489642700198,false
923,0.0019238310388926315,5,-0.018481133219215636,false,-0.012923856356354542,false,-0.009961292624218767,false
924,0.0010977637069765499,5,-0.0180589527969671,false,-0.012624149082779493,false,-0.009726875333017158,false
925,-0.004537150099820806,5,-0.01764422153627595,false,-0.012331332360329905,false,-0.00949905079978677,false
926,-0.007226172858976412,5,-0.017720442019514063,false,-0.012391234842608071,false,-0.009550254216134287,false
927,-0.018129931864846988,5,-0.018068973347214082,true,-0.01264006331577457,true,-0.009745931466476995,true
928,0.01290386113923884,5,-0.020942682949372342,false,-0.01467362768590239,false,-0.011331617522178218,false
929,0.0024781717113797324,5,-0.02146146790676782,false,-0.015037782901451866,false,-0.011613340194522235,false
930,-0.0072450079972947775,5,-0.02075138029900756,false,-0.014532546101840776,false,-0.011217308602731036,false
931,0.012252050422996704,5,-0.020667873175967952,false,-0.014474487892371055,false,-0.011172817114917433,false
932,-2.556339984545507e-5,5,-0.02104537487329775,false,-0.014741329109998268,false,-0.011380665640289464,false
933,-0.0039746055067976386,5,-0.02055411866089287,false,-0.014394719574029134,false,-0.011111166712295667,false
934,-0.0011958350766575457,5,-0.020207375528903785,false,-0.014153065342513368,false,-0.010925534984764344,false
935,-0.006836566077598976,5,-0.01964192384330713,false,-0.013754221327965022,false,-0.010615508903157567,false
936,-0.0053106627037238,5,-0.019681733499721455,false,-0.013782994887422389,false,-0.01063839916016378,false
937,0.006463475966716663,5,-0.01956039312622507,false,-0.013697873215961616,false,-0.010572585544739013,false
938,-0.009798514851178192,5,-0.019444472489819765,false,-0.013614151643108231,false,-0.010506029173519752,false
939,0.00154529910499232,5,-0.019863477813431084,false,-0.013913317931141147,false,-0.010741309715123267,false
940,-0.015540057523769638,5,-0.01959154515308689,false,-0.013720246604364461,true,-0.010590279073462763,true
941,0.01600709800248791,5,-0.021146366200899203,false,-0.014822750215967417,false,-0.011451653933521638,false
942,0.004495662751626836,5,-0.022520648403859755,false,-0.015787294753855763,false,-0.012197768838302238,false
943,-0.003645778389485657,5,-0.02187495181348085,false,-0.015329140081922677,false,-0.011839592069135855,false
944,0.0037987377109276583,5,-0.021421565864213454,false,-0.015009341523371994,false,-0.011591008454266097,false
945,-0.0055981667176891094,5,-0.02087579468364312,false,-0.014622807788446114,false,-0.011289363612390857,false
946,-0.008580023169805048,5,-0.020902601366947847,false,-0.014643631066073,false,-0.011306997158591136,false
947,-0.01998103890467262,5,-0.020968013720808296,false,-0.014692563404906241,true,-0.011347144062393968,true
948,0.01110133394623833,5,-0.02349073983982862,false,-0.016483619874043662,false,-0.012748150148558101,false
949,0.007316595091021287,5,-0.023494703718153057,false,-0.016482004203078358,false,-0.012743560040512306,false
950,0.0021925218526783726,5,-0.023523798671530125,false,-0.016501971034715863,false,-0.012758660704227017,false
951,0.004730573169984157,5,-0.02273339886875708,false,-0.015943923848845937,false,-0.012324479838659445,false
952,-0.0015725129601498959,5,-0.022185230492252458,false,-0.015559264453451929,false,-0.012026986476067225,false
953,-0.003975001078298931,5,-0.02168624570619982,false,-0.01520822041309232,false,-0.01175480909981505,false
954,0.00615290851147718,5,-0.021146142723117576,false,-0.014827660327690118,false,-0.011459300742813401,false
955,0.005237095890387998,5,-0.020762388863181942,false,-0.014554936283523555,false,-0.011245766282592422,false
956,-0.014949539544853641,5,-0.020361737838619026,false,-0.014269330089633174,true,-0.011021490062236,true
957,0.005964514680372233,5,-0.02136052169635552,false,-0.014983412131716814,false,-0.011583798619870262,false
958,0.010924055848538797,5,-0.021063028963312014,false,-0.014771929921285011,false,-0.011418168300780128,false
959,-0.0021194925179115983,5,-0.021351099439714652,false,-0.014971494444647498,false,-0.01157055062807332,false
960,0.005616237637672753,5,-0.020990348378286554,false,-0.014716880436418361,false,-0.01137251789016821,false
961,-0.003199449437568018,5,-0.02060498676857689,false,-0.014443306361396171,false,-0.011158537336243236,false
962,-0.0017422633400837472,5,-0.0201259440783748,false,-0.014107397878345338,false,-0.010898933169388735,false
963,0.00017872784980840764,5,-0.019588239524772937,false,-0.013725507856057547,false,-0.010600107297187784,false
964,0.0046859483585001025,5,-0.019197842792647187,false,-0.013449634155312768,false,-0.010385285400705432,false
965,-0.003994826044017467,5,-0.019105261496514293,false,-0.013382604458683759,false,-0.010331877167223984,false
966,0.001971139883574795,5,-0.01884325010487689,false,-0.013198975486546773,false,-0.010190033572886125,false
967,-0.006678588586416663,5,-0.018737846407895057,false,-0.01312497117648927,false,-0.010132768159811598,false
968,-0.016053203914363892,5,-0.018855872055456645,false,-0.01321323565945616,true,-0.010205167076057564,true
969,-0.004433712372704372,5,-0.0207514593781618,false,-0.014559698674819163,false,-0.011258893955087692,false
970,-0.011717417446102793,5,-0.02049004838824841,false,-0.01437223142863045,false,-0.01111084584506638,true
971,0.0019338657210345932,5,-0.021160013501838975,false,-0.014850134572583391,false,-0.011486361463687707,false
972,0.010475789907899099,5,-0.020660757454067015,false,-0.01449840099304422,false,-0.011213271566089658,false
973,0.011456876539090766,5,-0.020939016227216507,false,-0.014691278312574163,false,-0.01136063234862992,false
974,0.0016203387969286878,5,-0.021087526280959282,false,-0.01479344168886124,false,-0.011438088482660843,false
975,-0.008934756798076572,5,-0.020478164225447317,false,-0.014363354793807296,false,-0.011103572512279582,false
976,0.011373276192225133,5,-0.020659568111262558,false,-0.014493751473768635,false,-0.011206777439540922,false
977,-0.00042222725559558317,5,-0.021162630575537477,false,-0.01484731444070678,false,-0.011480642777638161,false
978,0.004921375563935445,5,-0.020539041287500243,false,-0.014406709779110323,false,-0.01113758654330375,false
979,0.01051167711768344,5,-0.020281844138490195,false,-0.014222614108696994,false,-0.01099246100063472,false
980,0.0011605937663271794,5,-0.020712506785657895,false,-0.014527695285269723,false,-0.011230595159919315,false
981,0.009839179251368171,5,-0.020247087416863232,false,-0.01419755724295499,false,-0.010972575092172853,false
982,-0.001632980592663826,5,-0.02091309476307292,false,-0.014661077472837486,false,-0.011328150189599435,false
983,-0.011246044820302531,5,-0.020466353893579696,false,-0.014345674104188697,false,-0.01108276235666588,true
984,-0.004588906494963019,5,-0.020762020461132145,false,-0.014557661757904876,false,-0.011250141091050977,false
985,-0.003736117448750652,5,-0.02066821009326875,false,-0.014492855485609872,false,-0.01120079679478034,false
986,0.008169632668004832,5,-0.020267737260503762,false,-0.014210185077979916,false,-0.010980926424088442,false
987,-0.00363798181269146,5,-0.020244848537664638,false,-0.014193723233151793,false,-0.010967890724146761,false
988,0.004775588305040439,5,-0.020003595868327062,false,-0.014027089933053257,false,-0.010841036733677334,false
989,-0.004474640121652137,5,-0.019874240928976734,false,-0.013930011866919735,false,-0.010761165349222366,false
990,-0.01242410977832448,5,-0.019623401525843936,false,-0.013754919608253742,false,-0.010626453612986324,true
991,-0.018938118979996862,5,-0.02079859738303839,false,-0.01459172048207549,true,-0.011282857373326752,true
992,0.010596298064110655,5,-0.0234515840209527,false,-0.016473168996568956,false,-0.012753001769128188,false
993,0.0023170430394496557,5,-0.023522907310787693,false,-0.016518965967433744,false,-0.012785190753804377,false
994,0.013414099618712698,5,-0.02292360645357926,false,-0.016095253581632312,false,-0.012455083932384295,false
995,-0.008112834303185521,5,-0.02348450679409234,false,-0.01648880684396448,false,-0.01275942508656851,false
996,-0.00034737946143112024,5,-0.023263868557312408,false,-0.0163360696949921,false,-0.012642885756253608,false
997,-0.02496988108779774,5,-0.02247131548646498,true,-0.01577507862072513,true,-0.01220533952552049,true
998,-0.0020201093247712624,5,-0.026664871155232975,false,-0.018749111315242997,false,-0.01452924903503661,false
999,-0.006934939479384072,5,-0.02563559610454048,false,-0.018021643234216293,false,-0.013962673132769804,false
1000,0.0023035252401150284,5,-0.025137650526341974,false,-0.017669008629251904,false,-0.01368750326994589,false
1001,-0.016519715020680094,5,-0.02425818758667979,false,-0.01704632326830522,false,-0.013201705086064648,true
1002,0.006596571888664943,5,-0.025328080952355544,false,-0.017803907428919307,false,-0.013792798365090463,false
1003,-0.01135604266366036,5,-0.024861076903235642,false,-0.01747208213918953,false,-0.013533036371792916,false
1004,0.008717965629036912,5,-0.024879958377037156,false,-0.017485714329818686,false,-0.013543870188986675,false
1005,-0.001092820179249869,5,-0.024465510401902712,false,-0.0171913092745064,false,-0.013313459570039703,false
1006,-0.0010752254360028774,5,-0.0235534576556981,false,-0.01654711889498749,false,-0.012812065627036389,false
1007,-0.0034618881058921845,5,-0.022750004923657155,false,-0.015981217846274626,false,-0.012372802501699049,false
1008,0.008701862382759032,5,-0.022186917044054576,false,-0.01558484041658591,false,-0.01206529779598482,false
1009,0.012055563156129642,5,-0.02207743904189533,false,-0.01550738080427283,false,-0.012004907068821865,false
1010,0.008683383765760555,5,-0.02249447887454107,false,-0.015798714485894195,false,-0.012229227266479528,false
1011,-0.005169296037120545,5,-0.022165688803583918,false,-0.015564195345946576,false,-0.012044963611024678,false
1012,0.006325037574719243,5,-0.02161949063991591,false,-0.015180604224068826,false,-0.011748057701434458,false
1013,0.0030120799399088326,5,-0.021702112620347956,false,-0.015239639290811896,false,-0.011794518671768013,false
1014,-0.010741795460003615,5,-0.02114773522725328,false,-0.014846217098284693,false,-0.011486901101084742,false
1015,0.004404381299860127,5,-0.021495577661467043,false,-0.015093166101455585,false,-0.011680064189500173,false
1016,0.00445279944619696,5,-0.020959561824702915,false,-0.014713794587780165,false,-0.01138419918483619,false
1017,0.000531989199875174,5,-0.020603783426907357,false,-0.01446087730566892,false,-0.011186116782881785,false
1018,-0.005707394959760066,5,-0.02004822983391942,false,-0.014069801308900098,false,-0.010882723184044952,false
1019,0.011197788203415781,5,-0.019821140652810907,false,-0.013908727995011222,false,-0.010756842684693969,false
1020,-0.011928508971984953,5,-0.020602094356454163,false,-0.014460364517116566,false,-0.011186231065858202,true
1021,0.009962769814708016,5,-0.021475951044262608,false,-0.01508556233139135,false,-0.01167886975475853,false
1022,-0.0019221282788813314,5,-0.0217222330663287,false,-0.015256183798287448,false,-0.011809156859658401,false
1023,0.005676450391761198,5,-0.021354445897166664,false,-0.014996466380459646,false,-0.01160705102637903,false
1024,-0.0013470470500136806,5,-0.02120210049641132,false,-0.014886492300911611,false,-0.011519664941381047,false
1025,0.002977751245660807,5,-0.020679331290329967,false,-0.014518351186976489,false,-0.01123395549120254,false
1026,0.0012525068091275478,5,-0.020156695474214042,false,-0.014147159896322689,false,-0.01094349871668613,false
1027,-0.004350172641031385,5,-0.01958452742893786,false,-0.013740177818785306,false,-0.01062457666731671,false
1028,-0.012572509267277864,5,-0.01953737718677024,false,-0.013707745024203303,false,-0.01059998968958399,true
1029,0.004437381572201528,5,-0.020701562176821862,false,-0.014533116124788772,false,-0.011244740359399784,false
1030,0.007866998278885826,5,-0.020252881096304014,false,-0.01421486399024414,false,-0.010996019413330444,false
1031,-0.0004278955980083115,5,-0.02029865671685386,false,-0.014244247451458308,false,-0.011016664275058268,false
1032,-0.0034879293647758296,5,-0.01974764685325847,false,-0.013856602983701668,false,-0.01071610929532629,false
1033,-0.00851282275138759,5,-0.019401559801563658,false,-0.013613725675942193,false,-0.010528252720154256,false
1034,0.000687823405417674,5,-0.019820785233473543,false,-0.013911398621330494,false,-0.010761126484755593,false
1035,-0.005543440968533987,5,-0.019309212241194754,false,-0.01354953064649416,false,-0.010479065700768017,false
1036,-0.0022624674285651766,5,-0.019580751616770885,false,-0.013745548310305226,false,-0.010634823019488267,false
1037,0.0020334633602360755,5,-0.01946777641430711,false,-0.013666754885396577,false,-0.010574251773712266,false
1038,-0.004331858703182758,5,-0.019286034402094945,false,-0.013538183704474493,false,-0.010474025766204199,false
1039,-0.02836263602599496,5,-0.01913708055786703,true,-0.01343507208978787,true,-0.010395352474457154,true
1040,0.0013960083693595419,5,-0.02502837831627146,false,-0.017612878268677065,false,-0.01365970263269771,false
1041,-0.012738502492455665,5,-0.024018760350225113,false,-0.016897672683504766,false,-0.013101447198362436,false
1042,-0.003624333804052444,5,-0.02445172974422059,false,-0.01720518351173155,false,-0.013342076529409191,false
1043,0.01873165563092929,5,-0.023845995425880423,false,-0.016778400327775226,false,-0.013010691533024399,false
1044,-0.00292101916002469,5,-0.02490183725072017,false,-0.017517743466814836,false,-0.013581310393796283,false
1045,0.007793002822077581,5,-0.024329252342451323,false,-0.017114051235766484,false,-0.013267654224024743,false
1046,0.022518987843993393,5,-0.023996561492208628,false,-0.016878078992203678,false,-0.0130832423117975,false
1047,0.0024481373211677868,5,-0.026972251049745665,false,-0.018979881554508846,false,-0.014719178950567199,false
1048,-0.010037389318190506,5,-0.02585304298908529,false,-0.018187589047356033,false,-0.014101163915311654,false
1049,0.002166420149663486,5,-0.025617170042751936,false,-0.018024281834972483,false,-0.013976541227183536,false
1050,-0.011885206636249708,5,-0.024546725959807243,false,-0.017266875395134513,false,-0.013386013996560236,false
1051,-0.0034923099553777312,5,-0.02472687071714529,false,-0.01739663231147166,false,-0.013488909341308697,false
1052,0.014227923522161314,5,-0.023838558891680562,false,-0.016768684015970054,false,-0.012999759880213638,false
1053,-0.002194495064879034,5,-0.024564398066333686,false,-0.017279925357207848,false,-0.013396599910528826,false
1054,-0.007921013414935944,5,-0.023671560498809134,false,-0.0166500028712777,false,-0.012906836481738418,false
1055,-0.010481855917249795,5,-0.02360210916164457,false,-0.016605037137773098,false,-0.012874923932941467,false
1056,0.012197270231224716,5,-0.023476774461058166,false,-0.016516246562492988,false,-0.012805614895638806,false
1057,0.006663648686352449,5,-0.02391209777190831,false,-0.01682085982378616,false,-0.013040547113176352,false
1058,0.004431593525321625,5,-0.023363576700832972,false,-0.016432200253942663,false,-0.012737109118107949,false
1059,0.004772415162169413,5,-0.02261990776983101,false,-0.015904396277839086,false,-0.012324381950700897,false
1060,-0.00028044842525492056,5,-0.02193298816994455,false,-0.015414454024844041,false,-0.011939447592463213,false
1061,-0.0016300008074423332,5,-0.02111909293580158,false,-0.014837815654466707,false,-0.011489289978243578,false
1062,-0.000537595247918213,5,-0.020577444443408057,false,-0.014454821226185256,false,-0.011190873444476524,false
1063,-0.000284501896210376,5,-0.020088784644449558,false,-0.014110064818344802,false,-0.010922831401958903,false
